{"type":"FeatureCollection","generatedAt":"2026-08-18T07:41:28.318Z","source":"OpenStreetMap Overpass · ODbL","features":[{"type":"Feature","properties":{"kind":"subway","ref":"3","name":"수도권 전철 3호선","colour":"#ED6C00"},"geometry":{"type":"LineString","coordinates":[[127.01667,37.54463],[127.01679,37.54342]]}},{"type":"Feature","properties":{"kind":"subway","ref":"3","name":"수도권 전철 3호선","colour":"#ED6C00"},"geometry":{"type":"LineString","coordinates":[[126.91683,37.64768],[126.91778,37.64738],[126.91845,37.64685],[126.91881,37.64594],[126.91864,37.64441],[126.91842,37.64304],[126.9184,37.64267]]}},{"type":"Feature","properties":{"kind":"subway","ref":"3","name":"수도권 전철 3호선","colour":"#ED6C00"},"geometry":{"type":"LineString","coordinates":[[126.9037,37.65037],[126.90478,37.65006],[126.90646,37.64959],[126.90862,37.64898],[126.90971,37.6487],[126.91073,37.64851],[126.91342,37.64813]]}},{"type":"Feature","properties":{"kind":"subway","ref":"3","name":"수도권 전철 3호선","colour":"#ED6C00"},"geometry":{"type":"LineString","coordinates":[[126.84067,37.64618],[126.84084,37.64899],[126.8411,37.65009],[126.84216,37.65187]]}},{"type":"Feature","properties":{"kind":"subway","ref":"3","name":"수도권 전철 3호선","colour":"#ED6C00"},"geometry":{"type":"LineString","coordinates":[[126.84062,37.64545],[126.84067,37.64618]]}},{"type":"Feature","properties":{"kind":"subway","ref":"3","name":"수도권 전철 3호선","colour":"#ED6C00"},"geometry":{"type":"LineString","coordinates":[[126.84045,37.64261],[126.84062,37.64545]]}},{"type":"Feature","properties":{"kind":"subway","ref":"3","name":"수도권 전철 3호선","colour":"#ED6C00"},"geometry":{"type":"LineString","coordinates":[[126.82423,37.63522],[126.82555,37.63545],[126.83262,37.6346],[126.83533,37.63427],[126.83671,37.63442],[126.83781,37.63525],[126.8383,37.63604],[126.83868,37.63696],[126.83986,37.6398],[126.8404,37.64198],[126.84045,37.64261]]}},{"type":"Feature","properties":{"kind":"subway","ref":"3","name":"수도권 전철 3호선","colour":"#ED6C00"},"geometry":{"type":"LineString","coordinates":[[126.81308,37.63139],[126.8149,37.63114],[126.8162,37.63109],[126.81784,37.63136],[126.81904,37.63184],[126.8204,37.63281],[126.82084,37.63321]]}},{"type":"Feature","properties":{"kind":"subway","ref":"3","name":"수도권 전철 3호선","colour":"#ED6C00"},"geometry":{"type":"LineString","coordinates":[[126.80888,37.63195],[126.81308,37.63139]]}},{"type":"Feature","properties":{"kind":"subway","ref":"3","name":"수도권 전철 3호선","colour":"#ED6C00"},"geometry":{"type":"LineString","coordinates":[[126.84216,37.65187],[126.8434,37.65383],[126.84392,37.65464],[126.84454,37.65547],[126.84519,37.65596]]}},{"type":"Feature","properties":{"kind":"subway","ref":"3","name":"수도권 전철 3호선","colour":"#ED6C00"},"geometry":{"type":"LineString","coordinates":[[126.84519,37.65596],[126.84628,37.65634],[126.84754,37.65641],[126.84904,37.65611],[126.84921,37.65607]]}},{"type":"Feature","properties":{"kind":"subway","ref":"3","name":"수도권 전철 3호선","colour":"#ED6C00"},"geometry":{"type":"LineString","coordinates":[[126.80095,37.63379],[126.80208,37.63334],[126.80356,37.63285],[126.80539,37.63243],[126.80888,37.63195]]}},{"type":"Feature","properties":{"kind":"subway","ref":"3","name":"수도권 전철 3호선","colour":"#ED6C00"},"geometry":{"type":"LineString","coordinates":[[127.01791,37.5408],[127.02419,37.53177],[127.02487,37.53074]]}},{"type":"Feature","properties":{"kind":"subway","ref":"3","name":"수도권 전철 3호선","colour":"#ED6C00"},"geometry":{"type":"LineString","coordinates":[[126.91877,37.63685],[126.91885,37.63542],[126.91892,37.63405],[126.91924,37.63037],[126.91934,37.62874],[126.91983,37.62686],[126.92005,37.62579],[126.91979,37.6228],[126.91994,37.62114],[126.92052,37.61985],[126.92132,37.61888],[126.92192,37.61816],[126.92294,37.61712],[126.92418,37.61608],[126.92608,37.6148],[126.92701,37.61381],[126.92944,37.61097],[126.9304,37.60988],[126.93135,37.60878],[126.93245,37.60763],[126.93374,37.60616],[126.93464,37.60489],[126.93489,37.60358],[126.93511,37.60221],[126.93572,37.60094],[126.93633,37.59977],[126.93794,37.59775]]}},{"type":"Feature","properties":{"kind":"subway","ref":"3","name":"수도권 전철 3호선","colour":"#ED6C00"},"geometry":{"type":"LineString","coordinates":[[127.02616,37.52933],[127.02805,37.52766],[127.0285,37.52681],[127.02805,37.5201],[127.02622,37.51889],[127.02526,37.51848],[127.01963,37.51617],[127.0161,37.51499],[127.0133,37.51381],[127.01109,37.51275],[127.00714,37.51082],[127.00563,37.51009],[127.00469,37.50942],[127.00412,37.50854],[127.00399,37.50714],[127.0049,37.50504],[127.00609,37.5024],[127.00699,37.50122],[127.00795,37.50061],[127.01057,37.49967],[127.01142,37.49931],[127.01235,37.49854],[127.0128,37.49748],[127.01345,37.49463],[127.01381,37.49288],[127.0146,37.48835],[127.01488,37.48729],[127.01629,37.48497],[127.01728,37.48341],[127.018,37.48275],[127.01909,37.48249],[127.03432,37.48454],[127.04347,37.48582],[127.04466,37.48603],[127.0456,37.48637],[127.04699,37.48704],[127.04985,37.48837],[127.05549,37.49088],[127.06322,37.49445],[127.06991,37.49648],[127.07305,37.49719],[127.07467,37.4972],[127.07681,37.49671],[127.0779,37.49618],[127.07872,37.4953],[127.07951,37.49365],[127.08106,37.4902],[127.08238,37.48737],[127.0828,37.48637],[127.08302,37.48536],[127.08343,37.4845],[127.08418,37.48377],[127.08529,37.48338],[127.08697,37.48304],[127.08814,37.48295],[127.08981,37.48299],[127.0914,37.48318],[127.09358,37.48342],[127.09491,37.48358],[127.09597,37.48395],[127.09668,37.48465],[127.09804,37.48589],[127.09929,37.48663],[127.10174,37.48737]]}},{"type":"Feature","properties":{"kind":"subway","ref":"3","name":"수도권 전철 3호선","colour":"#ED6C00"},"geometry":{"type":"LineString","coordinates":[[127.02487,37.53074],[127.02547,37.52997],[127.02616,37.52933]]}},{"type":"Feature","properties":{"kind":"subway","ref":"3","name":"수도권 전철 3호선","colour":"#ED6C00"},"geometry":{"type":"LineString","coordinates":[[126.74746,37.67615],[126.74835,37.67575],[126.74935,37.67532],[126.75605,37.6724],[126.75819,37.67147],[126.75916,37.67104],[126.7604,37.6705],[126.76123,37.67011],[126.76279,37.66944],[126.76368,37.66902],[126.76474,37.66838],[126.76548,37.6679],[126.76621,37.66733],[126.76746,37.66617],[126.76886,37.66475],[126.77067,37.66294],[126.77138,37.66219],[126.77198,37.66155],[126.77277,37.66047],[126.77322,37.65971],[126.7738,37.65872],[126.77594,37.65506],[126.77772,37.652],[126.77825,37.65114],[126.77876,37.65033],[126.77958,37.64943],[126.78201,37.64755],[126.7834,37.6465],[126.78542,37.64496],[126.78635,37.64425],[126.78704,37.64372],[126.78795,37.64306]]}},{"type":"Feature","properties":{"kind":"subway","ref":"3","name":"수도권 전철 3호선","colour":"#ED6C00"},"geometry":{"type":"LineString","coordinates":[[126.91855,37.63988],[126.91867,37.63808],[126.91877,37.63685]]}},{"type":"Feature","properties":{"kind":"subway","ref":"3","name":"수도권 전철 3호선","colour":"#ED6C00"},"geometry":{"type":"LineString","coordinates":[[126.84921,37.65607],[126.85068,37.65581],[126.85795,37.6541],[126.86183,37.65337],[126.86535,37.65245],[126.87156,37.651],[126.87286,37.6507],[126.87736,37.64961],[126.87869,37.6496],[126.88151,37.65032],[126.88359,37.65091],[126.88698,37.65185],[126.88834,37.65218],[126.89405,37.65343],[126.89538,37.65314],[126.89665,37.65272],[126.89817,37.65219],[126.90073,37.65129]]}},{"type":"Feature","properties":{"kind":"subway","ref":"3","name":"수도권 전철 3호선","colour":"#ED6C00"},"geometry":{"type":"LineString","coordinates":[[126.9184,37.64267],[126.91845,37.64149],[126.91855,37.64016],[126.91855,37.63988]]}},{"type":"Feature","properties":{"kind":"subway","ref":"3","name":"수도권 전철 3호선","colour":"#ED6C00"},"geometry":{"type":"LineString","coordinates":[[126.90073,37.65129],[126.90332,37.65048],[126.9037,37.65037]]}},{"type":"Feature","properties":{"kind":"subway","ref":"3","name":"수도권 전철 3호선","colour":"#ED6C00"},"geometry":{"type":"LineString","coordinates":[[126.91342,37.64813],[126.91491,37.64793],[126.91562,37.64784]]}},{"type":"Feature","properties":{"kind":"subway","ref":"3","name":"수도권 전철 3호선","colour":"#ED6C00"},"geometry":{"type":"LineString","coordinates":[[127.10174,37.48737],[127.10292,37.48772],[127.10523,37.48843],[127.11502,37.49142],[127.1177,37.49225],[127.11897,37.49262],[127.12269,37.49456],[127.12383,37.49531],[127.12446,37.49591],[127.12657,37.50008],[127.12746,37.5012],[127.12835,37.50214]]}},{"type":"Feature","properties":{"kind":"subway","ref":"3","name":"수도권 전철 3호선","colour":"#ED6C00"},"geometry":{"type":"LineString","coordinates":[[127.01679,37.54342],[127.01716,37.54205],[127.01731,37.54174]]}},{"type":"Feature","properties":{"kind":"subway","ref":"3","name":"수도권 전철 3호선","colour":"#ED6C00"},"geometry":{"type":"LineString","coordinates":[[126.91562,37.64784],[126.91676,37.6477],[126.91683,37.64768]]}},{"type":"Feature","properties":{"kind":"subway","ref":"3","name":"수도권 전철 3호선","colour":"#ED6C00"},"geometry":{"type":"LineString","coordinates":[[126.82097,37.63332],[126.82203,37.63424],[126.82291,37.63476],[126.82423,37.63522]]}},{"type":"Feature","properties":{"kind":"subway","ref":"3","name":"수도권 전철 3호선","colour":"#ED6C00"},"geometry":{"type":"LineString","coordinates":[[126.82084,37.63321],[126.82097,37.63332]]}},{"type":"Feature","properties":{"kind":"subway","ref":"3","name":"수도권 전철 3호선","colour":"#ED6C00"},"geometry":{"type":"LineString","coordinates":[[126.95782,37.57451],[126.95946,37.57303],[126.96021,37.57256],[126.96183,37.57246],[126.96293,37.57264],[126.96433,37.57329],[126.96548,37.57387],[126.96669,37.57423],[126.96866,37.57552],[126.96943,37.57595],[126.97198,37.57597],[126.97357,37.57576],[126.97551,37.57561],[126.97733,37.57551],[126.97879,37.57556],[126.98014,37.57564],[126.98139,37.57564],[126.9829,37.57561],[126.98547,37.57646],[126.98642,37.57692],[126.98746,37.57733],[126.98875,37.57744],[126.98992,37.57706],[126.9904,37.57627],[126.99092,37.57451],[126.99143,37.57278],[126.9922,37.57041],[126.99236,37.56833],[126.99259,37.56636],[126.99285,37.56404],[126.99304,37.56259],[126.99349,37.56178],[126.99417,37.56109],[126.99499,37.56054],[126.99615,37.56018],[126.99743,37.55997],[127.00104,37.55925],[127.0022,37.55906],[127.00375,37.55893],[127.00518,37.55902],[127.0065,37.55888],[127.00802,37.55808],[127.0087,37.55746],[127.00951,37.55628],[127.01055,37.55483]]}},{"type":"Feature","properties":{"kind":"subway","ref":"3","name":"수도권 전철 3호선","colour":"#ED6C00"},"geometry":{"type":"LineString","coordinates":[[127.01055,37.55483],[127.01179,37.5533],[127.01311,37.55172],[127.01415,37.55037],[127.01489,37.54942],[127.01547,37.54875],[127.01631,37.54703],[127.01657,37.54597],[127.01667,37.54463]]}},{"type":"Feature","properties":{"kind":"subway","ref":"3","name":"수도권 전철 3호선","colour":"#ED6C00"},"geometry":{"type":"LineString","coordinates":[[126.93794,37.59775],[126.93905,37.5964],[126.94029,37.59501],[126.94087,37.59413],[126.94111,37.59208],[126.94198,37.59066],[126.94265,37.58995],[126.9442,37.58867],[126.94577,37.58733],[126.94806,37.58516],[126.94944,37.58376],[126.95031,37.58231],[126.95068,37.58141],[126.95235,37.58],[126.95465,37.57771],[126.95524,37.57709],[126.95626,37.57588],[126.95699,37.57524],[126.95782,37.57451]]}},{"type":"Feature","properties":{"kind":"subway","ref":"3","name":"수도권 전철 3호선","colour":"#ED6C00"},"geometry":{"type":"LineString","coordinates":[[126.78795,37.64306],[126.78891,37.64233],[126.79247,37.63969],[126.79401,37.63855],[126.79788,37.63561],[126.79901,37.63476],[126.79992,37.63428],[126.80095,37.63379]]}},{"type":"Feature","properties":{"kind":"subway","ref":"3","name":"수도권 전철 3호선","colour":"#ED6C00"},"geometry":{"type":"LineString","coordinates":[[127.01731,37.54174],[127.0178,37.54095],[127.01791,37.5408]]}},{"type":"Feature","properties":{"kind":"label","ref":"3","name":"수도권 전철 3호선","colour":"#ED6C00"},"geometry":{"type":"Point","coordinates":[127.03432,37.48454]}},{"type":"Feature","properties":{"kind":"subway","ref":"2","name":"부산 도시철도 2호선","colour":"#81BF48"},"geometry":{"type":"LineString","coordinates":[[129.06385,35.15776],[129.06238,35.15775],[129.05988,35.15772],[129.05825,35.1577],[129.05595,35.15761],[129.05365,35.1576],[129.05238,35.1576],[129.05112,35.15757],[129.05012,35.15735],[129.04793,35.15682],[129.0466,35.15654],[129.04531,35.1563],[129.04278,35.15585],[129.04142,35.15557],[129.04034,35.15537],[129.03874,35.1551],[129.03763,35.15493],[129.03541,35.15457],[129.03348,35.15423],[129.03214,35.15398],[129.03033,35.15368],[129.02814,35.15332],[129.02633,35.1532],[129.02433,35.15321],[129.02304,35.15324],[129.02047,35.15327],[129.01941,35.15309],[129.01847,35.15279],[129.01743,35.15222],[129.01654,35.15181],[129.01549,35.15156],[129.01425,35.15144],[129.01282,35.15131],[129.01076,35.15116],[129.00961,35.15106],[129.0079,35.15093],[129.0059,35.15075],[129.00431,35.15061],[129.00315,35.1505],[129.0014,35.15035],[128.99996,35.1504],[128.99898,35.15067],[128.99777,35.15122],[128.9965,35.1518],[128.99469,35.15301],[128.99291,35.15429],[128.99158,35.15519],[128.99088,35.15571],[128.98927,35.15736],[128.98762,35.15908],[128.98659,35.16014],[128.98494,35.16185],[128.98353,35.16444],[128.98229,35.16687],[128.98208,35.16786],[128.98226,35.16895],[128.98274,35.17054],[128.9838,35.1739],[128.98468,35.17672],[128.98495,35.17776],[128.98546,35.17988],[128.9858,35.18123],[128.98612,35.1826],[128.98656,35.18439],[128.98688,35.18579],[128.98743,35.18722],[128.98789,35.18815],[128.98844,35.1893],[128.98919,35.19084],[128.98966,35.19158],[128.99201,35.19251],[128.99294,35.19329],[128.99372,35.19479],[128.99459,35.19633],[128.99573,35.19795],[128.99659,35.19902],[128.99719,35.19979],[128.998,35.20093],[128.99962,35.20288],[129.00053,35.20395],[129.0013,35.20446],[129.0025,35.20468],[129.00376,35.20503],[129.00448,35.20586],[129.00481,35.2071],[129.00534,35.20912],[129.00506,35.21078],[129.00419,35.21318],[129.00443,35.21442],[129.0051,35.21716],[129.00554,35.21819],[129.00667,35.21922],[129.00796,35.22053],[129.00906,35.22292],[129.00951,35.22405],[129.01007,35.22549],[129.01061,35.2262],[129.01126,35.22705],[129.01219,35.22828],[129.01305,35.23084],[129.01334,35.23222],[129.01373,35.23454],[129.01394,35.23666],[129.01403,35.23828],[129.01412,35.23959],[129.01408,35.24084],[129.01327,35.24367],[129.01301,35.24462],[129.01287,35.24618],[129.01295,35.24774],[129.01298,35.24901],[129.0126,35.24991],[129.01206,35.25069],[129.01149,35.25147],[129.01099,35.25217],[129.01057,35.25303],[129.01053,35.25425],[129.011,35.2555],[129.01144,35.25664],[129.01192,35.2577],[129.01239,35.25863],[129.01288,35.25961],[129.01428,35.26252],[129.01524,35.26438]]}},{"type":"Feature","properties":{"kind":"subway","ref":"2","name":"부산 도시철도 2호선","colour":"#81BF48"},"geometry":{"type":"LineString","coordinates":[[129.01524,35.26438],[129.0164,35.26647],[129.01691,35.26738],[129.01735,35.26818],[129.01787,35.2692],[129.01817,35.2701],[129.01825,35.27136],[129.01799,35.27264],[129.01748,35.27418],[129.01726,35.27525],[129.01756,35.27649],[129.01769,35.27776],[129.01763,35.27924],[129.0175,35.281],[129.01745,35.28239],[129.01737,35.28403],[129.01728,35.28597],[129.01714,35.28706],[129.01719,35.2884],[129.01749,35.2897]]}},{"type":"Feature","properties":{"kind":"subway","ref":"2","name":"부산 도시철도 2호선","colour":"#81BF48"},"geometry":{"type":"LineString","coordinates":[[129.01749,35.2897],[129.01769,35.29074],[129.01773,35.2919],[129.01747,35.29301],[129.01697,35.29401],[129.01641,35.29471],[129.0156,35.29543],[129.01463,35.29604],[129.01272,35.29683],[129.01142,35.29735],[129.01009,35.2979],[129.00932,35.2984],[129.00872,35.29911],[129.00841,35.3],[129.00873,35.30151],[129.00913,35.30246],[129.00939,35.30359],[129.00941,35.30549],[129.00959,35.30663],[129.00993,35.30751],[129.01064,35.30912],[129.01115,35.31035],[129.01157,35.31134],[129.01211,35.31254],[129.0127,35.31391],[129.01334,35.31538],[129.01404,35.31687],[129.01457,35.31778],[129.01514,35.31845],[129.0158,35.3191],[129.01688,35.31993],[129.0176,35.32053],[129.01832,35.32136],[129.01877,35.32213],[129.01914,35.32332],[129.0193,35.32467]]}},{"type":"Feature","properties":{"kind":"subway","ref":"2","name":"부산 도시철도 2호선","colour":"#81BF48"},"geometry":{"type":"LineString","coordinates":[[129.17592,35.16945],[129.17436,35.1684],[129.17335,35.16767],[129.17254,35.16714],[129.17163,35.16685],[129.16873,35.1667],[129.16437,35.16639],[129.163,35.16603],[129.16,35.16435],[129.15881,35.16368],[129.15621,35.16223],[129.15477,35.16144],[129.15184,35.16027],[129.15064,35.16015],[129.14969,35.16057],[129.14809,35.16128],[129.14583,35.16248],[129.14344,35.16373],[129.13847,35.16884],[129.13699,35.17037],[129.13578,35.17079],[129.13436,35.17036],[129.13362,35.16998]]}},{"type":"Feature","properties":{"kind":"subway","ref":"2","name":"부산 도시철도 2호선","colour":"#81BF48"},"geometry":{"type":"LineString","coordinates":[[129.13362,35.16998],[129.13261,35.16938],[129.1312,35.16863],[129.12921,35.16756],[129.12789,35.16686],[129.12683,35.1663],[129.12573,35.16586],[129.124,35.1659],[129.12208,35.16702],[129.12059,35.16824],[129.11936,35.16841],[129.11711,35.16802],[129.11569,35.16759],[129.11502,35.16699],[129.11468,35.16537],[129.1142,35.16324],[129.11391,35.16181],[129.11344,35.15953],[129.1131,35.15793],[129.11097,35.14976],[129.10942,35.14455],[129.109,35.14327],[129.10784,35.14213],[129.10622,35.14059],[129.10551,35.14004],[129.10318,35.1389],[129.10053,35.13756],[129.09933,35.13706],[129.09819,35.1366],[129.09654,35.13586],[129.09443,35.13539],[129.09242,35.13517],[129.0907,35.13511],[129.0878,35.13496],[129.08575,35.13487],[129.08265,35.13465],[129.08104,35.13448],[129.07989,35.13406],[129.07872,35.13372],[129.07591,35.13489],[129.07422,35.13567],[129.07294,35.13635],[129.07196,35.13669],[129.07087,35.13688],[129.06969,35.13696],[129.06841,35.13733],[129.06768,35.13835],[129.06713,35.13964],[129.06684,35.14089],[129.06677,35.14338],[129.06674,35.14459],[129.06669,35.14689],[129.06643,35.14806],[129.06576,35.14922],[129.06547,35.15014],[129.06536,35.15282],[129.06537,35.15444],[129.06545,35.15592],[129.06535,35.15729],[129.06439,35.15777],[129.06385,35.15776]]}},{"type":"Feature","properties":{"kind":"subway","ref":"2","name":"부산 도시철도 2호선","colour":"#81BF48"},"geometry":{"type":"LineString","coordinates":[[129.0193,35.32467],[129.01952,35.32636],[129.0197,35.32776],[129.01983,35.32885],[129.02007,35.33001],[129.02057,35.33115],[129.02123,35.33214],[129.02201,35.33311],[129.02262,35.33386],[129.02323,35.33461],[129.02384,35.33535],[129.02444,35.33611],[129.02501,35.33683],[129.02554,35.33751],[129.0264,35.3387]]}},{"type":"Feature","properties":{"kind":"label","ref":"2","name":"부산 도시철도 2호선","colour":"#81BF48"},"geometry":{"type":"Point","coordinates":[128.98943,35.19127]}},{"type":"Feature","properties":{"kind":"subway","ref":"3","name":"부산 도시철도 3호선","colour":"#BB8C00"},"geometry":{"type":"LineString","coordinates":[[129.00529,35.21012],[129.00396,35.2098],[129.00259,35.2098],[129.00156,35.21007],[129.00032,35.20998],[128.99988,35.20985]]}},{"type":"Feature","properties":{"kind":"subway","ref":"3","name":"부산 도시철도 3호선","colour":"#BB8C00"},"geometry":{"type":"LineString","coordinates":[[128.99988,35.20985],[128.99908,35.20936],[128.99804,35.20837],[128.998,35.20833]]}},{"type":"Feature","properties":{"kind":"subway","ref":"3","name":"부산 도시철도 3호선","colour":"#BB8C00"},"geometry":{"type":"LineString","coordinates":[[128.99579,35.20619],[128.99487,35.20565],[128.99363,35.20561],[128.99271,35.20598],[128.99034,35.20757],[128.98661,35.21011],[128.98576,35.21057],[128.98446,35.21095],[128.98265,35.21117],[128.98103,35.21133],[128.97935,35.2115],[128.97806,35.21163],[128.97012,35.21243],[128.9685,35.2126],[128.96568,35.21289],[128.96379,35.21308],[128.96247,35.21322],[128.9608,35.21342]]}},{"type":"Feature","properties":{"kind":"subway","ref":"3","name":"부산 도시철도 3호선","colour":"#BB8C00"},"geometry":{"type":"LineString","coordinates":[[128.99688,35.20724],[128.99579,35.20619]]}},{"type":"Feature","properties":{"kind":"subway","ref":"3","name":"부산 도시철도 3호선","colour":"#BB8C00"},"geometry":{"type":"LineString","coordinates":[[128.998,35.20833],[128.99688,35.20724]]}},{"type":"Feature","properties":{"kind":"subway","ref":"3","name":"부산 도시철도 3호선","colour":"#BB8C00"},"geometry":{"type":"LineString","coordinates":[[129.00529,35.21012],[129.00629,35.21039],[129.00819,35.21086],[129.01277,35.21201],[129.01682,35.21301],[129.01792,35.21318],[129.0203,35.21325],[129.02394,35.21336],[129.0258,35.21328],[129.02739,35.21305],[129.02867,35.21279],[129.03041,35.21291],[129.03258,35.21325],[129.03493,35.21319],[129.03647,35.21302],[129.03819,35.21286],[129.04029,35.21304],[129.04246,35.21324],[129.0437,35.21315],[129.04646,35.21269],[129.0617,35.21018],[129.06371,35.20967],[129.06593,35.20906],[129.06762,35.20858],[129.06874,35.20818],[129.06928,35.20746],[129.06876,35.20653],[129.06722,35.2042],[129.06621,35.20271],[129.06552,35.20173],[129.06494,35.20075],[129.06512,35.19907],[129.06607,35.19622],[129.06744,35.19186],[129.06781,35.19102],[129.06913,35.19084],[129.07062,35.19016],[129.07269,35.18916],[129.07352,35.18874],[129.0747,35.18827],[129.07616,35.18792],[129.07735,35.18761],[129.07968,35.18675],[129.0808,35.18633],[129.08176,35.18583],[129.08254,35.18464],[129.08312,35.18315],[129.08382,35.1815],[129.0845,35.17986],[129.08492,35.17885],[129.08537,35.17782],[129.08589,35.17662],[129.08641,35.17537],[129.087,35.17469],[129.09067,35.17409],[129.09236,35.17389],[129.09412,35.17367],[129.09554,35.17348],[129.09665,35.17333],[129.09817,35.17318],[129.10035,35.17313],[129.10197,35.17309],[129.10448,35.1725],[129.10757,35.17172],[129.10906,35.17134],[129.11148,35.16989],[129.11405,35.16813],[129.1149,35.16749],[129.11474,35.16536]]}},{"type":"Feature","properties":{"kind":"label","ref":"3","name":"부산 도시철도 3호선","colour":"#BB8C00"},"geometry":{"type":"Point","coordinates":[129.07311,35.18893]}},{"type":"Feature","properties":{"kind":"subway","ref":"1","name":"부산 도시철도 1호선","colour":"#F06A00"},"geometry":{"type":"LineString","coordinates":[[128.96066,35.09832],[128.96063,35.09675],[128.96067,35.09494],[128.96069,35.09367],[128.96072,35.09251]]}},{"type":"Feature","properties":{"kind":"subway","ref":"1","name":"부산 도시철도 1호선","colour":"#F06A00"},"geometry":{"type":"LineString","coordinates":[[129.09138,35.25692],[129.09153,35.25529],[129.09167,35.25431]]}},{"type":"Feature","properties":{"kind":"subway","ref":"1","name":"부산 도시철도 1호선","colour":"#F06A00"},"geometry":{"type":"LineString","coordinates":[[129.09167,35.25431],[129.09173,35.25302],[129.09156,35.25104],[129.09134,35.24804],[129.09125,35.24688],[129.09123,35.2466]]}},{"type":"Feature","properties":{"kind":"subway","ref":"1","name":"부산 도시철도 1호선","colour":"#F06A00"},"geometry":{"type":"LineString","coordinates":[[129.09336,35.27786],[129.09294,35.27639],[129.0927,35.27533],[129.09265,35.27316],[129.09269,35.27088],[129.09276,35.26716],[129.09265,35.266],[129.09209,35.26351],[129.09144,35.26058],[129.09138,35.25707],[129.09138,35.25692]]}},{"type":"Feature","properties":{"kind":"subway","ref":"1","name":"부산 도시철도 1호선","colour":"#F06A00"},"geometry":{"type":"LineString","coordinates":[[129.08934,35.22872],[129.08918,35.22751],[129.08902,35.22632],[129.08881,35.22517],[129.08804,35.22339],[129.08736,35.22214],[129.0868,35.22111],[129.08619,35.22004],[129.0856,35.21909],[129.08482,35.21811],[129.08391,35.21701],[129.0832,35.21625],[129.08239,35.21573],[129.08155,35.21514],[129.08078,35.2143],[129.08017,35.21336],[129.07954,35.21244],[129.07897,35.21154],[129.07861,35.21065],[129.07842,35.20956],[129.07843,35.20771],[129.07844,35.20649],[129.07846,35.20472],[129.07846,35.20276],[129.07895,35.20029],[129.07967,35.19739]]}},{"type":"Feature","properties":{"kind":"subway","ref":"1","name":"부산 도시철도 1호선","colour":"#F06A00"},"geometry":{"type":"LineString","coordinates":[[129.0883,35.23733],[129.08883,35.23609],[129.08927,35.23503],[129.08945,35.23401],[129.08925,35.2326],[129.0891,35.23143],[129.08926,35.23017],[129.08934,35.22872]]}},{"type":"Feature","properties":{"kind":"subway","ref":"1","name":"부산 도시철도 1호선","colour":"#F06A00"},"geometry":{"type":"LineString","coordinates":[[129.09123,35.2466],[129.09103,35.24458],[129.09079,35.2436],[129.0902,35.24272],[129.08954,35.24208],[129.08881,35.24134],[129.08834,35.2405],[129.08808,35.23891],[129.08817,35.23775],[129.0883,35.23733]]}},{"type":"Feature","properties":{"kind":"subway","ref":"1","name":"부산 도시철도 1호선","colour":"#F06A00"},"geometry":{"type":"LineString","coordinates":[[129.09462,35.28266],[129.09419,35.28128],[129.09385,35.27997],[129.09336,35.27786]]}},{"type":"Feature","properties":{"kind":"subway","ref":"1","name":"부산 도시철도 1호선","colour":"#F06A00"},"geometry":{"type":"LineString","coordinates":[[128.96072,35.09251],[128.96084,35.09124],[128.96171,35.09033],[128.96513,35.09004],[128.97223,35.08985],[128.97344,35.08979],[128.97473,35.08972],[128.97747,35.08957],[128.97753,35.08512],[128.9774,35.08253],[128.97737,35.08064],[128.97747,35.07909],[128.97685,35.07463],[128.97663,35.07349],[128.97782,35.06942],[128.97842,35.06849],[128.97933,35.06756],[128.97995,35.06655],[128.97979,35.06545],[128.97957,35.06428],[128.97917,35.06308],[128.9772,35.062],[128.97586,35.06137],[128.97494,35.06084],[128.97427,35.06008],[128.97337,35.05962],[128.97246,35.05924],[128.97179,35.05853],[128.97093,35.05696],[128.97052,35.0561],[128.97079,35.05392],[128.97099,35.05287],[128.9707,35.05126],[128.96977,35.0486],[128.96926,35.0479],[128.96811,35.04763],[128.96623,35.04809]]}},{"type":"Feature","properties":{"kind":"subway","ref":"1","name":"부산 도시철도 1호선","colour":"#F06A00"},"geometry":{"type":"LineString","coordinates":[[129.09516,35.2842],[129.09462,35.28266]]}},{"type":"Feature","properties":{"kind":"subway","ref":"1","name":"부산 도시철도 1호선","colour":"#F06A00"},"geometry":{"type":"LineString","coordinates":[[129.07967,35.19739],[129.07991,35.19611],[129.07988,35.19455],[129.07981,35.19322],[129.08,35.19217],[129.08064,35.18968],[129.08119,35.18745],[129.08142,35.18638],[129.07744,35.18096],[129.07648,35.17977],[129.07578,35.17892],[129.07481,35.17767],[129.07193,35.17404],[129.07126,35.17319],[129.06965,35.17117],[129.06837,35.16957],[129.06754,35.16857],[129.0664,35.16698],[129.06528,35.16565],[129.06428,35.16448],[129.06289,35.16263],[129.06213,35.16163],[129.05945,35.15819],[129.05903,35.15716],[129.05905,35.15477],[129.05909,35.15076],[129.05914,35.14793],[129.05918,35.14443],[129.05933,35.14096],[129.0594,35.13935],[129.05903,35.1384],[129.05831,35.13774],[129.05682,35.13686],[129.055,35.13506],[129.0543,35.13437],[129.0523,35.13237],[129.0501,35.13012],[129.049,35.12905],[129.04492,35.12503],[129.04437,35.12398],[129.0429,35.12123],[129.04043,35.11659],[129.03986,35.11562],[129.03937,35.11478],[129.03871,35.11325],[129.0371,35.10932],[129.03631,35.10764],[129.03622,35.10519],[129.03629,35.10384],[129.03641,35.10154],[129.03653,35.09947],[129.03546,35.09813],[129.03377,35.09774],[129.03072,35.09838],[129.02668,35.09738],[129.02388,35.09661],[129.02219,35.09691],[129.0206,35.0982],[129.01998,35.09902],[129.01989,35.10076],[129.02,35.10207],[129.02024,35.10523],[129.02035,35.10753],[129.01854,35.10923],[129.01783,35.11035],[129.01681,35.11157],[129.0152,35.11202],[129.01364,35.1116],[129.01122,35.11066],[129.01018,35.10981],[129.00861,35.10835],[129.00415,35.10581],[129.00087,35.10375],[128.99997,35.10323],[128.99677,35.10157],[128.99505,35.10074],[128.99345,35.10025],[128.99152,35.09969],[128.98994,35.09932],[128.98691,35.09915],[128.98326,35.09987],[128.98171,35.10019],[128.9805,35.10043],[128.97962,35.10079],[128.97745,35.10219],[128.97502,35.10313],[128.97385,35.10351],[128.97024,35.10472],[128.96857,35.10577],[128.96741,35.10613],[128.96559,35.10626],[128.96353,35.10629],[128.96228,35.10596],[128.96133,35.10485],[128.96089,35.10329],[128.96073,35.10185],[128.96068,35.10029],[128.96068,35.09901],[128.96066,35.09832]]}},{"type":"Feature","properties":{"kind":"label","ref":"1","name":"부산 도시철도 1호선","colour":"#F06A00"},"geometry":{"type":"Point","coordinates":[129.03072,35.09838]}},{"type":"Feature","properties":{"kind":"subway","ref":"BGL","name":"부산김해경전철","colour":"#8652A1"},"geometry":{"type":"LineString","coordinates":[[128.98818,35.16254],[128.98636,35.16235],[128.98516,35.16225],[128.9838,35.16239],[128.97773,35.16328],[128.97643,35.16346],[128.9741,35.16381],[128.97233,35.16408],[128.96876,35.16463],[128.96585,35.16508],[128.96446,35.16527],[128.96317,35.16536],[128.96179,35.16529],[128.9606,35.16506],[128.9592,35.1646],[128.95815,35.16418],[128.95707,35.16404],[128.95584,35.16483],[128.95496,35.1664],[128.9537,35.16865],[128.95308,35.16975],[128.95229,35.17049],[128.95084,35.17078],[128.94928,35.17128],[128.94876,35.1717]]}},{"type":"Feature","properties":{"kind":"subway","ref":"BGL","name":"부산김해경전철","colour":"#8652A1"},"geometry":{"type":"LineString","coordinates":[[128.94839,35.17214],[128.94783,35.17464],[128.94839,35.17588],[128.95279,35.18071],[128.95346,35.18141],[128.95414,35.18197],[128.9588,35.18537],[128.95942,35.18599],[128.96032,35.18887],[128.96128,35.1911],[128.96191,35.19235],[128.9623,35.19316],[128.96339,35.1949],[128.96353,35.19623],[128.96346,35.19988],[128.9634,35.20354],[128.96326,35.21146],[128.96301,35.21259],[128.96052,35.21307],[128.95514,35.21359],[128.95394,35.21371],[128.95141,35.21397],[128.94963,35.21414],[128.94847,35.21432],[128.94746,35.21463],[128.94523,35.21539],[128.9415,35.21664],[128.93864,35.2176],[128.93749,35.21797],[128.93565,35.2186],[128.93296,35.21954],[128.93085,35.22047],[128.92911,35.22132],[128.92823,35.22187],[128.92734,35.22278],[128.92587,35.225],[128.92488,35.22637],[128.92371,35.22764],[128.92286,35.22835],[128.92187,35.22883],[128.9206,35.22913],[128.91754,35.22906],[128.91558,35.22899],[128.91066,35.2288],[128.90802,35.22864],[128.90174,35.2281],[128.89679,35.22768],[128.89407,35.22745],[128.89032,35.2271],[128.8838,35.22647],[128.87704,35.22583],[128.87561,35.22593],[128.87467,35.22632],[128.87426,35.22735],[128.87395,35.22858],[128.8735,35.22941],[128.87287,35.23042],[128.87241,35.23163],[128.87207,35.23293],[128.87177,35.23411],[128.87176,35.23634],[128.8719,35.23811],[128.87188,35.23954],[128.87175,35.24115],[128.87152,35.24333],[128.8714,35.24471],[128.87112,35.24572],[128.8705,35.24675],[128.86984,35.2475],[128.86924,35.24835],[128.86922,35.24966],[128.86958,35.25123],[128.86988,35.25227],[128.87009,35.25378],[128.86995,35.2551],[128.86957,35.2561],[128.86877,35.25687],[128.86798,35.25744],[128.86747,35.25868],[128.86707,35.25996],[128.86718,35.26173],[128.86708,35.26294],[128.86677,35.26384],[128.86624,35.26473],[128.86535,35.26555],[128.86498,35.26683],[128.86491,35.26807],[128.86481,35.26958],[128.86458,35.27096],[128.86436,35.27217],[128.86399,35.27286]]}},{"type":"Feature","properties":{"kind":"subway","ref":"BGL","name":"부산김해경전철","colour":"#8652A1"},"geometry":{"type":"LineString","coordinates":[[128.94876,35.1717],[128.94839,35.17214]]}},{"type":"Feature","properties":{"kind":"label","ref":"BGL","name":"부산김해경전철","colour":"#8652A1"},"geometry":{"type":"Point","coordinates":[128.8744,35.22663]}},{"type":"Feature","properties":{"kind":"subway","ref":"2","name":"서울 지하철 2호선","colour":"#00A23F"},"geometry":{"type":"LineString","coordinates":[[126.8928,37.50433],[126.89254,37.50259],[126.89245,37.50132],[126.89254,37.50066]]}},{"type":"Feature","properties":{"kind":"subway","ref":"2","name":"서울 지하철 2호선","colour":"#00A23F"},"geometry":{"type":"LineString","coordinates":[[127.04352,37.55668],[127.04325,37.55908],[127.04282,37.5603],[127.04155,37.56109],[127.03987,37.56128],[127.03851,37.56126],[127.03714,37.56122],[127.03563,37.56125],[127.03439,37.56195],[127.03323,37.56268],[127.02921,37.56443],[127.02743,37.56489],[127.02453,37.56506],[127.02344,37.56521],[127.02199,37.56545],[127.01981,37.56565],[127.01865,37.5656],[127.01719,37.56548],[127.01466,37.56521],[127.01268,37.56497],[127.01131,37.56496],[127.00818,37.5659]]}},{"type":"Feature","properties":{"kind":"subway","ref":"2","name":"서울 지하철 2호선","colour":"#00A23F"},"geometry":{"type":"LineString","coordinates":[[127.10208,37.52368],[127.10146,37.52468],[127.09565,37.53374]]}},{"type":"Feature","properties":{"kind":"subway","ref":"2","name":"서울 지하철 2호선","colour":"#00A23F"},"geometry":{"type":"LineString","coordinates":[[126.9033,37.53569],[126.90207,37.53413],[126.89834,37.52941]]}},{"type":"Feature","properties":{"kind":"subway","ref":"2","name":"서울 지하철 2호선","colour":"#00A23F"},"geometry":{"type":"LineString","coordinates":[[126.97872,37.47664],[126.97715,37.47658],[126.97551,37.4764],[126.97436,37.47623],[126.97087,37.47541],[126.96969,37.47525],[126.9683,37.47534],[126.96671,37.4758],[126.96354,37.47703],[126.96231,37.4775],[126.95986,37.47845],[126.95868,37.47892],[126.95704,37.47957],[126.95577,37.48007],[126.95427,37.48066],[126.95335,37.48098],[126.95275,37.48119]]}},{"type":"Feature","properties":{"kind":"subway","ref":"2","name":"서울 지하철 2호선","colour":"#00A23F"},"geometry":{"type":"LineString","coordinates":[[126.91214,37.54691],[126.91173,37.54577],[126.91109,37.54469],[126.91024,37.54366],[126.90498,37.5376],[126.90341,37.53584],[126.9033,37.53569]]}},{"type":"Feature","properties":{"kind":"subway","ref":"2","name":"서울 지하철 2호선","colour":"#00A23F"},"geometry":{"type":"LineString","coordinates":[[126.89254,37.50066],[126.89282,37.49974],[126.89337,37.49849],[126.89362,37.49724],[126.89403,37.49576],[126.89496,37.49328],[126.89544,37.49199],[126.89653,37.48913],[126.89703,37.4882],[126.89762,37.48753],[126.89853,37.48684],[126.89948,37.48628],[126.90044,37.48572],[126.90134,37.48533],[126.90259,37.48503],[126.90508,37.48492],[126.90653,37.48508],[126.91076,37.48633],[126.9123,37.48695],[126.91343,37.4876],[126.91555,37.48894],[126.91635,37.48935],[126.91729,37.48962],[126.91862,37.48973],[126.91993,37.48952],[126.92116,37.48902],[126.92186,37.48848],[126.92317,37.48717],[126.92462,37.48562]]}},{"type":"Feature","properties":{"kind":"subway","ref":"2","name":"서울 지하철 2호선","colour":"#00A23F"},"geometry":{"type":"LineString","coordinates":[[126.97396,37.56309],[126.97275,37.56276],[126.96809,37.56168],[126.96684,37.56129],[126.96367,37.55936],[126.96127,37.55791],[126.95987,37.5574],[126.95861,37.5573],[126.95613,37.55745],[126.9492,37.55701],[126.94584,37.55679],[126.94196,37.5566],[126.93744,37.55529],[126.93549,37.55562],[126.93251,37.5567],[126.92729,37.5586],[126.92602,37.55857],[126.92524,37.558],[126.92346,37.55668],[126.91464,37.55008],[126.91386,37.54948],[126.91286,37.54841]]}},{"type":"Feature","properties":{"kind":"subway","ref":"2","name":"서울 지하철 2호선","colour":"#00A23F"},"geometry":{"type":"LineString","coordinates":[[127.10441,37.51558],[127.10485,37.51638],[127.1051,37.5176],[127.10491,37.51872],[127.10436,37.51979],[127.10387,37.52065],[127.10341,37.52147],[127.10288,37.52241],[127.10208,37.52368]]}},{"type":"Feature","properties":{"kind":"subway","ref":"2","name":"서울 지하철 2호선","colour":"#00A23F"},"geometry":{"type":"LineString","coordinates":[[127.10374,37.51488],[127.10441,37.51558]]}},{"type":"Feature","properties":{"kind":"subway","ref":"2","name":"서울 지하철 2호선","colour":"#00A23F"},"geometry":{"type":"LineString","coordinates":[[126.9297,37.48422],[126.92809,37.48407],[126.92667,37.48422]]}},{"type":"Feature","properties":{"kind":"subway","ref":"2","name":"서울 지하철 2호선","colour":"#00A23F"},"geometry":{"type":"LineString","coordinates":[[126.92667,37.48422],[126.92567,37.48462],[126.92505,37.48517]]}},{"type":"Feature","properties":{"kind":"subway","ref":"2","name":"서울 지하철 2호선","colour":"#00A23F"},"geometry":{"type":"LineString","coordinates":[[126.89834,37.52941],[126.8977,37.52861],[126.89713,37.52779],[126.89683,37.52648],[126.89654,37.52532],[126.89629,37.52423],[126.89603,37.52317],[126.89534,37.5202],[126.89496,37.51898],[126.89462,37.51729],[126.89435,37.51631],[126.89373,37.51536],[126.89248,37.51435],[126.89172,37.51378],[126.89097,37.51322],[126.89026,37.51267],[126.88972,37.5119],[126.88994,37.51071],[126.89059,37.50982],[126.89119,37.50895],[126.89171,37.50814],[126.89257,37.50679],[126.89291,37.50576],[126.8928,37.50433]]}},{"type":"Feature","properties":{"kind":"subway","ref":"2","name":"서울 지하철 2호선","colour":"#00A23F"},"geometry":{"type":"LineString","coordinates":[[127.00384,37.48435],[127.00347,37.48339],[127.00258,37.48244],[126.9998,37.48167],[126.99865,37.48158],[126.99727,37.48131],[126.99632,37.48101],[126.99491,37.48056],[126.99366,37.48016],[126.99238,37.47974],[126.99114,37.47935],[126.99002,37.47893],[126.98881,37.47833],[126.98757,37.4777],[126.98676,37.4773],[126.98585,37.47685],[126.9848,37.47653],[126.98359,37.47647],[126.98041,37.47662],[126.97872,37.47664]]}},{"type":"Feature","properties":{"kind":"subway","ref":"2","name":"서울 지하철 2호선","colour":"#00A23F"},"geometry":{"type":"LineString","coordinates":[[127.07532,37.51128],[127.07372,37.51104],[127.07249,37.51084],[127.06703,37.50994],[127.06542,37.5095],[127.06451,37.50919],[127.06317,37.50878],[127.06211,37.50845],[127.06081,37.50805],[127.05937,37.50764],[127.0582,37.50727],[127.05664,37.50679],[127.04891,37.50444],[127.04425,37.50302],[127.03836,37.50121],[127.03692,37.50079],[127.02761,37.4979],[127.02382,37.49675],[127.02226,37.49628],[127.02069,37.49579],[127.01943,37.49541],[127.01785,37.49492],[127.01576,37.49427],[127.0146,37.49394]]}},{"type":"Feature","properties":{"kind":"subway","ref":"2","name":"서울 지하철 2호선","colour":"#00A23F"},"geometry":{"type":"LineString","coordinates":[[127.05506,37.5449],[127.05044,37.5463],[127.04865,37.54683],[127.04742,37.54725],[127.0464,37.54759],[127.04552,37.54797],[127.04482,37.54866],[127.04441,37.54992],[127.04429,37.55187],[127.04394,37.55421],[127.04368,37.55573],[127.04363,37.55608]]}},{"type":"Feature","properties":{"kind":"subway","ref":"2","name":"서울 지하철 2호선","colour":"#00A23F"},"geometry":{"type":"LineString","coordinates":[[127.09565,37.53374],[127.09475,37.53513],[127.09422,37.53597],[127.0937,37.53672],[127.09297,37.53732],[127.09208,37.53778],[127.09104,37.53804],[127.08972,37.53802],[127.08745,37.53749],[127.08617,37.53717],[127.0851,37.5369],[127.0841,37.53667],[127.08276,37.53673],[127.07869,37.53773],[127.07709,37.53813],[127.07438,37.53881],[127.07305,37.53916],[127.07074,37.53993],[127.0697,37.54028],[127.06817,37.54079],[127.06655,37.54134],[127.06391,37.54224],[127.06149,37.54297],[127.05883,37.54377],[127.05738,37.54421]]}},{"type":"Feature","properties":{"kind":"subway","ref":"2","name":"서울 지하철 2호선","colour":"#00A23F"},"geometry":{"type":"LineString","coordinates":[[127.04363,37.55608],[127.04352,37.55668]]}},{"type":"Feature","properties":{"kind":"subway","ref":"2","name":"서울 지하철 2호선","colour":"#00A23F"},"geometry":{"type":"LineString","coordinates":[[126.92462,37.48562],[126.92505,37.48517]]}},{"type":"Feature","properties":{"kind":"subway","ref":"2","name":"서울 지하철 2호선","colour":"#00A23F"},"geometry":{"type":"LineString","coordinates":[[126.98261,37.56598],[126.97914,37.56598],[126.97795,37.56579],[126.9773,37.56516],[126.97666,37.56423],[126.97487,37.5634],[126.97396,37.56309]]}},{"type":"Feature","properties":{"kind":"subway","ref":"2","name":"서울 지하철 2호선","colour":"#00A23F"},"geometry":{"type":"LineString","coordinates":[[126.91286,37.54841],[126.91233,37.54751],[126.91214,37.54691]]}},{"type":"Feature","properties":{"kind":"subway","ref":"2","name":"서울 지하철 2호선","colour":"#00A23F"},"geometry":{"type":"LineString","coordinates":[[127.00818,37.5659],[127.00547,37.56645],[127.0042,37.5667],[127.00275,37.56683],[126.998,37.56667],[126.9912,37.56631],[126.98261,37.56598]]}},{"type":"Feature","properties":{"kind":"subway","ref":"2","name":"서울 지하철 2호선","colour":"#00A23F"},"geometry":{"type":"LineString","coordinates":[[126.95275,37.48119],[126.95148,37.48138],[126.94894,37.48163],[126.94628,37.48189],[126.94467,37.48205],[126.94303,37.48221],[126.94165,37.48242],[126.94052,37.4828],[126.93917,37.48341],[126.93781,37.48402],[126.93653,37.48458],[126.93541,37.48482],[126.93419,37.48481],[126.93115,37.48441],[126.9298,37.48423],[126.9297,37.48422]]}},{"type":"Feature","properties":{"kind":"subway","ref":"2","name":"서울 지하철 2호선","colour":"#00A23F"},"geometry":{"type":"LineString","coordinates":[[127.0146,37.49394],[127.01323,37.49353],[127.01112,37.49285],[127.00977,37.49245],[127.00764,37.49181],[127.00632,37.49138],[127.00522,37.49081],[127.00467,37.48945],[127.00384,37.48435]]}},{"type":"Feature","properties":{"kind":"subway","ref":"2","name":"서울 지하철 2호선","colour":"#00A23F"},"geometry":{"type":"LineString","coordinates":[[127.05738,37.54421],[127.05506,37.5449]]}},{"type":"Feature","properties":{"kind":"subway","ref":"2","name":"서울 지하철 2호선","colour":"#00A23F"},"geometry":{"type":"LineString","coordinates":[[127.10374,37.51488],[127.10307,37.51426],[127.10189,37.51376],[127.1001,37.51319],[127.09892,37.51288],[127.09746,37.51249],[127.09559,37.51213],[127.09293,37.51191],[127.08878,37.51149],[127.08643,37.51155],[127.08454,37.5116],[127.07847,37.51177],[127.07628,37.51145],[127.07532,37.51128]]}},{"type":"Feature","properties":{"kind":"label","ref":"2","name":"서울 지하철 2호선","colour":"#00A23F"},"geometry":{"type":"Point","coordinates":[126.90259,37.48503]}},{"type":"Feature","properties":{"kind":"subway","ref":"4","name":"수도권 전철 4호선","colour":"#009BCE"},"geometry":{"type":"LineString","coordinates":[[126.8908,37.305],[126.89275,37.30553]]}},{"type":"Feature","properties":{"kind":"subway","ref":"4","name":"수도권 전철 4호선","colour":"#009BCE"},"geometry":{"type":"LineString","coordinates":[[126.82047,37.317],[126.81536,37.31725],[126.81418,37.31737],[126.81291,37.31764],[126.81162,37.31808],[126.8049,37.32116],[126.80462,37.32129]]}},{"type":"Feature","properties":{"kind":"subway","ref":"4","name":"수도권 전철 4호선","colour":"#009BCE"},"geometry":{"type":"LineString","coordinates":[[126.8498,37.31356],[126.85085,37.31251],[126.85101,37.31236]]}},{"type":"Feature","properties":{"kind":"subway","ref":"4","name":"수도권 전철 4호선","colour":"#009BCE"},"geometry":{"type":"LineString","coordinates":[[126.84955,37.31378],[126.8498,37.31356]]}},{"type":"Feature","properties":{"kind":"subway","ref":"4","name":"수도권 전철 4호선","colour":"#009BCE"},"geometry":{"type":"LineString","coordinates":[[126.84775,37.31498],[126.84853,37.31455],[126.84927,37.31403],[126.84955,37.31378]]}},{"type":"Feature","properties":{"kind":"subway","ref":"4","name":"수도권 전철 4호선","colour":"#009BCE"},"geometry":{"type":"LineString","coordinates":[[126.84767,37.31501],[126.84775,37.31498]]}},{"type":"Feature","properties":{"kind":"subway","ref":"4","name":"수도권 전철 4호선","colour":"#009BCE"},"geometry":{"type":"LineString","coordinates":[[126.8453,37.31563],[126.84677,37.31532],[126.84767,37.31501]]}},{"type":"Feature","properties":{"kind":"subway","ref":"4","name":"수도권 전철 4호선","colour":"#009BCE"},"geometry":{"type":"LineString","coordinates":[[126.85704,37.30625],[126.85838,37.30492],[126.85918,37.30433],[126.85997,37.30387],[126.86096,37.30347],[126.86212,37.3032],[126.86366,37.30303],[126.86567,37.30287],[126.86718,37.30275]]}},{"type":"Feature","properties":{"kind":"subway","ref":"4","name":"수도권 전철 4호선","colour":"#009BCE"},"geometry":{"type":"LineString","coordinates":[[126.88864,37.30441],[126.88565,37.30359]]}},{"type":"Feature","properties":{"kind":"subway","ref":"4","name":"수도권 전철 4호선","colour":"#009BCE"},"geometry":{"type":"LineString","coordinates":[[126.8908,37.305],[126.88864,37.30441]]}},{"type":"Feature","properties":{"kind":"subway","ref":"4","name":"수도권 전철 4호선","colour":"#009BCE"},"geometry":{"type":"LineString","coordinates":[[126.98017,37.50451],[126.98076,37.50662],[126.98306,37.51525],[126.98321,37.51601]]}},{"type":"Feature","properties":{"kind":"subway","ref":"4","name":"수도권 전철 4호선","colour":"#009BCE"},"geometry":{"type":"LineString","coordinates":[[126.88565,37.30359],[126.8837,37.30311],[126.88188,37.30288],[126.8737,37.30242]]}},{"type":"Feature","properties":{"kind":"subway","ref":"4","name":"수도권 전철 4호선","colour":"#009BCE"},"geometry":{"type":"LineString","coordinates":[[126.94167,37.36263],[126.93533,37.35924]]}},{"type":"Feature","properties":{"kind":"subway","ref":"4","name":"수도권 전철 4호선","colour":"#009BCE"},"geometry":{"type":"LineString","coordinates":[[126.99837,37.45435],[126.99941,37.45368],[127.00036,37.45301],[127.00127,37.45245],[127.00214,37.45183],[127.00277,37.45116],[127.00342,37.45026],[127.00443,37.44885],[127.00756,37.44452],[127.00804,37.44278],[127.00853,37.43915],[127.00825,37.43794],[127.00724,37.43677],[127.0066,37.43577],[127.00578,37.43448],[127.00497,37.43376],[127.00393,37.43331],[127.00235,37.4332],[126.99888,37.43317],[126.99761,37.43315],[126.99649,37.43292],[126.99544,37.43247],[126.99331,37.43015],[126.99246,37.4292],[126.99062,37.42716],[126.98975,37.42643],[126.98717,37.42405],[126.98569,37.42277],[126.98463,37.42176],[126.98308,37.41994],[126.9814,37.41728],[126.98031,37.41488],[126.97961,37.4124],[126.97894,37.40955],[126.97839,37.40711],[126.97725,37.40318],[126.97699,37.40136],[126.97683,37.4002],[126.97641,37.39939],[126.97569,37.39858],[126.97483,37.39798],[126.97367,37.39755],[126.96882,37.39594],[126.96389,37.39427],[126.95199,37.39025],[126.95092,37.38989],[126.94821,37.38897],[126.94356,37.38545],[126.94251,37.38466],[126.94163,37.38414],[126.94078,37.38369],[126.93999,37.38314],[126.93941,37.38221],[126.93912,37.38117],[126.93922,37.37971],[126.93984,37.37871],[126.9405,37.37794],[126.94151,37.37655]]}},{"type":"Feature","properties":{"kind":"subway","ref":"4","name":"수도권 전철 4호선","colour":"#009BCE"},"geometry":{"type":"LineString","coordinates":[[126.98326,37.51839],[126.98292,37.5194],[126.98177,37.52006],[126.97361,37.52262],[126.97208,37.52306],[126.97063,37.5233],[126.96722,37.52503],[126.96649,37.52583],[126.96623,37.52696],[126.96661,37.52798],[126.96781,37.52916],[126.96858,37.52993],[126.96966,37.53107],[126.97238,37.53389],[126.97405,37.53573],[126.97226,37.54386],[126.97192,37.54514],[126.97177,37.54725],[126.97174,37.5493],[126.97207,37.55099],[126.97236,37.55226],[126.97245,37.55258]]}},{"type":"Feature","properties":{"kind":"subway","ref":"4","name":"수도권 전철 4호선","colour":"#009BCE"},"geometry":{"type":"LineString","coordinates":[[126.75903,37.34314],[126.75739,37.34565],[126.7567,37.34662],[126.75659,37.34679]]}},{"type":"Feature","properties":{"kind":"subway","ref":"4","name":"수도권 전철 4호선","colour":"#009BCE"},"geometry":{"type":"LineString","coordinates":[[126.75933,37.34268],[126.76004,37.34175],[126.76115,37.34078],[126.76246,37.34002],[126.76342,37.33953],[126.76479,37.33882],[126.76492,37.33875]]}},{"type":"Feature","properties":{"kind":"subway","ref":"4","name":"수도권 전철 4호선","colour":"#009BCE"},"geometry":{"type":"LineString","coordinates":[[126.75933,37.34268],[126.75903,37.34314]]}},{"type":"Feature","properties":{"kind":"subway","ref":"4","name":"수도권 전철 4호선","colour":"#009BCE"},"geometry":{"type":"LineString","coordinates":[[126.76702,37.33767],[126.76619,37.3381]]}},{"type":"Feature","properties":{"kind":"subway","ref":"4","name":"수도권 전철 4호선","colour":"#009BCE"},"geometry":{"type":"LineString","coordinates":[[126.92269,37.33813],[126.92361,37.34344]]}},{"type":"Feature","properties":{"kind":"subway","ref":"4","name":"수도권 전철 4호선","colour":"#009BCE"},"geometry":{"type":"LineString","coordinates":[[126.9271,37.35422],[126.92653,37.35331],[126.92592,37.3515]]}},{"type":"Feature","properties":{"kind":"subway","ref":"4","name":"수도권 전철 4호선","colour":"#009BCE"},"geometry":{"type":"LineString","coordinates":[[126.80462,37.32129],[126.80244,37.3223],[126.80123,37.32278],[126.80054,37.32301]]}},{"type":"Feature","properties":{"kind":"subway","ref":"4","name":"수도권 전철 4호선","colour":"#009BCE"},"geometry":{"type":"LineString","coordinates":[[126.92592,37.3515],[126.9254,37.34982],[126.92418,37.34596],[126.9237,37.34399],[126.92361,37.34344]]}},{"type":"Feature","properties":{"kind":"subway","ref":"4","name":"수도권 전철 4호선","colour":"#009BCE"},"geometry":{"type":"LineString","coordinates":[[126.89275,37.30553],[126.89699,37.30669],[126.898,37.30705],[126.89918,37.30763]]}},{"type":"Feature","properties":{"kind":"subway","ref":"4","name":"수도권 전철 4호선","colour":"#009BCE"},"geometry":{"type":"LineString","coordinates":[[126.8448,37.31568],[126.8453,37.31563]]}},{"type":"Feature","properties":{"kind":"subway","ref":"4","name":"수도권 전철 4호선","colour":"#009BCE"},"geometry":{"type":"LineString","coordinates":[[126.90216,37.31039],[126.90323,37.31167],[126.90489,37.31365],[126.91629,37.32722],[126.91762,37.3288],[126.92097,37.33282],[126.9215,37.33359],[126.92196,37.33453],[126.92239,37.33616],[126.92269,37.33813]]}},{"type":"Feature","properties":{"kind":"subway","ref":"4","name":"수도권 전철 4호선","colour":"#009BCE"},"geometry":{"type":"LineString","coordinates":[[126.90074,37.30883],[126.90216,37.31039]]}},{"type":"Feature","properties":{"kind":"subway","ref":"4","name":"수도권 전철 4호선","colour":"#009BCE"},"geometry":{"type":"LineString","coordinates":[[126.86718,37.30275],[126.86921,37.3026],[126.87192,37.3024],[126.8737,37.30242]]}},{"type":"Feature","properties":{"kind":"subway","ref":"4","name":"수도권 전철 4호선","colour":"#009BCE"},"geometry":{"type":"LineString","coordinates":[[126.92982,37.35629],[126.92882,37.35572],[126.9278,37.35498],[126.9271,37.35422]]}},{"type":"Feature","properties":{"kind":"subway","ref":"4","name":"수도권 전철 4호선","colour":"#009BCE"},"geometry":{"type":"LineString","coordinates":[[126.89918,37.30763],[126.90012,37.30825],[126.90074,37.30883]]}},{"type":"Feature","properties":{"kind":"subway","ref":"4","name":"수도권 전철 4호선","colour":"#009BCE"},"geometry":{"type":"LineString","coordinates":[[127.07844,37.66958],[127.07633,37.66705],[127.07593,37.66622],[127.07592,37.66487],[127.07579,37.66392]]}},{"type":"Feature","properties":{"kind":"subway","ref":"4","name":"수도권 전철 4호선","colour":"#009BCE"},"geometry":{"type":"LineString","coordinates":[[126.99075,37.46003],[126.99012,37.4611],[126.98901,37.46372],[126.98892,37.46397]]}},{"type":"Feature","properties":{"kind":"subway","ref":"4","name":"수도권 전철 4호선","colour":"#009BCE"},"geometry":{"type":"LineString","coordinates":[[126.99075,37.46003],[126.99164,37.45885],[126.99245,37.45796],[126.99336,37.45725],[126.9943,37.45671]]}},{"type":"Feature","properties":{"kind":"subway","ref":"4","name":"수도권 전철 4호선","colour":"#009BCE"},"geometry":{"type":"LineString","coordinates":[[126.99631,37.56176],[126.99806,37.56217],[127.00085,37.56281],[127.0019,37.56305]]}},{"type":"Feature","properties":{"kind":"subway","ref":"4","name":"수도권 전철 4호선","colour":"#009BCE"},"geometry":{"type":"LineString","coordinates":[[127.04211,37.65189],[127.03766,37.65147],[127.0366,37.65113],[127.03584,37.65055],[127.03455,37.64842],[127.03366,37.64693],[127.03309,37.64597],[127.03249,37.6449],[127.03192,37.64403],[127.03014,37.64224],[127.02569,37.63799],[127.02373,37.63622],[127.02318,37.63525],[127.02331,37.63403],[127.02359,37.63284],[127.02407,37.63162],[127.0253,37.62849],[127.02609,37.62646],[127.02649,37.62543],[127.02979,37.61718],[127.03007,37.61316],[127.03031,37.61114],[127.03023,37.60972],[127.02979,37.60862],[127.02837,37.60704],[127.0277,37.60638],[127.02587,37.60483],[127.02488,37.60335],[127.02441,37.60242],[127.02188,37.59773],[127.0213,37.59667],[127.01984,37.59522],[127.0187,37.59423],[127.01782,37.59345],[127.01694,37.5929],[127.01573,37.5925],[127.01416,37.59225],[127.01247,37.59148],[127.01029,37.59035],[127.00833,37.58949],[127.00744,37.58914],[127.00532,37.5882]]}},{"type":"Feature","properties":{"kind":"subway","ref":"4","name":"수도권 전철 4호선","colour":"#009BCE"},"geometry":{"type":"LineString","coordinates":[[127.00982,37.56981],[127.00937,37.57076],[127.00817,37.57225]]}},{"type":"Feature","properties":{"kind":"subway","ref":"4","name":"수도권 전철 4호선","colour":"#009BCE"},"geometry":{"type":"LineString","coordinates":[[126.99239,37.56107],[126.99365,37.56111],[126.99575,37.56163],[126.99631,37.56176]]}},{"type":"Feature","properties":{"kind":"subway","ref":"4","name":"수도권 전철 4호선","colour":"#009BCE"},"geometry":{"type":"LineString","coordinates":[[126.9443,37.37082],[126.94486,37.36965],[126.94545,37.36876],[126.94616,37.36798]]}},{"type":"Feature","properties":{"kind":"subway","ref":"4","name":"수도권 전철 4호선","colour":"#009BCE"},"geometry":{"type":"LineString","coordinates":[[127.07579,37.66392],[127.07555,37.66283],[127.07482,37.66201],[127.07371,37.66104],[127.07267,37.65999],[127.07189,37.65918],[127.07082,37.65862],[127.06962,37.65835],[127.06863,37.6581],[127.06755,37.65759],[127.06664,37.65714],[127.06558,37.65685],[127.06458,37.65663],[127.06344,37.65637],[127.06236,37.65612]]}},{"type":"Feature","properties":{"kind":"subway","ref":"4","name":"수도권 전철 4호선","colour":"#009BCE"},"geometry":{"type":"LineString","coordinates":[[126.98892,37.46397],[126.98823,37.4655],[126.9878,37.46645],[126.98703,37.46749],[126.98597,37.46855],[126.98526,37.46909],[126.98428,37.46998],[126.98349,37.47107],[126.98284,37.47225],[126.98231,37.47327],[126.98173,37.47487],[126.98158,37.47604],[126.98158,37.47626]]}},{"type":"Feature","properties":{"kind":"subway","ref":"4","name":"수도권 전철 4호선","colour":"#009BCE"},"geometry":{"type":"LineString","coordinates":[[126.76619,37.3381],[126.76543,37.33849]]}},{"type":"Feature","properties":{"kind":"subway","ref":"4","name":"수도권 전철 4호선","colour":"#009BCE"},"geometry":{"type":"LineString","coordinates":[[126.73745,37.35958],[126.73777,37.36061],[126.73872,37.3628]]}},{"type":"Feature","properties":{"kind":"subway","ref":"4","name":"수도권 전철 4호선","colour":"#009BCE"},"geometry":{"type":"LineString","coordinates":[[126.73805,37.35375],[126.73735,37.35451],[126.73684,37.35545],[126.73659,37.35668],[126.73674,37.35785],[126.73714,37.3589]]}},{"type":"Feature","properties":{"kind":"subway","ref":"4","name":"수도권 전철 4호선","colour":"#009BCE"},"geometry":{"type":"LineString","coordinates":[[126.75659,37.34679],[126.75589,37.34747],[126.75505,37.34805],[126.75411,37.34851],[126.7497,37.3498],[126.74766,37.35043],[126.74199,37.35205],[126.74049,37.35248],[126.73959,37.3528],[126.73869,37.35326],[126.73805,37.35375]]}},{"type":"Feature","properties":{"kind":"subway","ref":"4","name":"수도권 전철 4호선","colour":"#009BCE"},"geometry":{"type":"LineString","coordinates":[[126.94151,37.37655],[126.94221,37.37539],[126.94279,37.37415]]}},{"type":"Feature","properties":{"kind":"subway","ref":"4","name":"수도권 전철 4호선","colour":"#009BCE"},"geometry":{"type":"LineString","coordinates":[[126.73714,37.3589],[126.73745,37.35958]]}},{"type":"Feature","properties":{"kind":"subway","ref":"4","name":"수도권 전철 4호선","colour":"#009BCE"},"geometry":{"type":"LineString","coordinates":[[126.98258,37.49661],[126.98309,37.49807],[126.98323,37.49874]]}},{"type":"Feature","properties":{"kind":"subway","ref":"4","name":"수도권 전철 4호선","colour":"#009BCE"},"geometry":{"type":"LineString","coordinates":[[126.98323,37.49874],[126.98302,37.49979],[126.98239,37.50065],[126.98146,37.50139]]}},{"type":"Feature","properties":{"kind":"subway","ref":"4","name":"수도권 전철 4호선","colour":"#009BCE"},"geometry":{"type":"LineString","coordinates":[[126.82188,37.31691],[126.82047,37.317]]}},{"type":"Feature","properties":{"kind":"subway","ref":"4","name":"수도권 전철 4호선","colour":"#009BCE"},"geometry":{"type":"LineString","coordinates":[[126.8448,37.31568],[126.84128,37.31587],[126.83746,37.31606],[126.8357,37.31616],[126.82209,37.3169],[126.82188,37.31691]]}},{"type":"Feature","properties":{"kind":"subway","ref":"4","name":"수도권 전철 4호선","colour":"#009BCE"},"geometry":{"type":"LineString","coordinates":[[127.04885,37.65348],[127.04782,37.65324],[127.04666,37.65296]]}},{"type":"Feature","properties":{"kind":"subway","ref":"4","name":"수도권 전철 4호선","colour":"#009BCE"},"geometry":{"type":"LineString","coordinates":[[127.04662,37.65296],[127.04211,37.65189]]}},{"type":"Feature","properties":{"kind":"subway","ref":"4","name":"수도권 전철 4호선","colour":"#009BCE"},"geometry":{"type":"LineString","coordinates":[[126.76534,37.33854],[126.76492,37.33875]]}},{"type":"Feature","properties":{"kind":"subway","ref":"4","name":"수도권 전철 4호선","colour":"#009BCE"},"geometry":{"type":"LineString","coordinates":[[126.76543,37.33849],[126.76534,37.33854]]}},{"type":"Feature","properties":{"kind":"subway","ref":"4","name":"수도권 전철 4호선","colour":"#009BCE"},"geometry":{"type":"LineString","coordinates":[[126.80041,37.32304],[126.79927,37.32328],[126.79666,37.32377],[126.79465,37.32439],[126.79333,37.32498],[126.79289,37.32518]]}},{"type":"Feature","properties":{"kind":"subway","ref":"4","name":"수도권 전철 4호선","colour":"#009BCE"},"geometry":{"type":"LineString","coordinates":[[126.80054,37.32301],[126.80041,37.32304]]}},{"type":"Feature","properties":{"kind":"subway","ref":"4","name":"수도권 전철 4호선","colour":"#009BCE"},"geometry":{"type":"LineString","coordinates":[[126.98158,37.47626],[126.98166,37.4784],[126.98174,37.47962],[126.98184,37.48129],[126.98191,37.48273],[126.98198,37.48391],[126.98207,37.48514],[126.98216,37.48637],[126.98224,37.48751],[126.98244,37.48893],[126.9826,37.49012],[126.98251,37.4962],[126.98258,37.49661]]}},{"type":"Feature","properties":{"kind":"subway","ref":"4","name":"수도권 전철 4호선","colour":"#009BCE"},"geometry":{"type":"LineString","coordinates":[[126.79194,37.32561],[126.78796,37.32741],[126.78616,37.32821]]}},{"type":"Feature","properties":{"kind":"subway","ref":"4","name":"수도권 전철 4호선","colour":"#009BCE"},"geometry":{"type":"LineString","coordinates":[[126.79289,37.32518],[126.79194,37.32561]]}},{"type":"Feature","properties":{"kind":"subway","ref":"4","name":"수도권 전철 4호선","colour":"#009BCE"},"geometry":{"type":"LineString","coordinates":[[126.97986,37.55945],[126.98095,37.55981],[126.98203,37.56038],[126.98305,37.56063],[126.98629,37.56092],[126.98877,37.56117],[126.99027,37.56116],[126.99239,37.56107]]}},{"type":"Feature","properties":{"kind":"subway","ref":"4","name":"수도권 전철 4호선","colour":"#009BCE"},"geometry":{"type":"LineString","coordinates":[[127.0019,37.56305],[127.00393,37.56354],[127.00548,37.56384],[127.00666,37.56399],[127.00748,37.56453],[127.00805,37.5652],[127.0086,37.56586],[127.00914,37.56674],[127.00957,37.56755],[127.00979,37.56855],[127.00982,37.56981]]}},{"type":"Feature","properties":{"kind":"subway","ref":"4","name":"수도권 전철 4호선","colour":"#009BCE"},"geometry":{"type":"LineString","coordinates":[[126.85101,37.31236],[126.85289,37.31045],[126.85439,37.3089],[126.85704,37.30625]]}},{"type":"Feature","properties":{"kind":"subway","ref":"4","name":"수도권 전철 4호선","colour":"#009BCE"},"geometry":{"type":"LineString","coordinates":[[126.78577,37.32839],[126.78491,37.32878],[126.78131,37.33039],[126.7766,37.33253],[126.77112,37.33544],[126.77033,37.33586],[126.7682,37.33703],[126.7676,37.33736]]}},{"type":"Feature","properties":{"kind":"subway","ref":"4","name":"수도권 전철 4호선","colour":"#009BCE"},"geometry":{"type":"LineString","coordinates":[[126.78616,37.32821],[126.78577,37.32839]]}},{"type":"Feature","properties":{"kind":"subway","ref":"4","name":"수도권 전철 4호선","colour":"#009BCE"},"geometry":{"type":"LineString","coordinates":[[126.94616,37.36798],[126.94661,37.36701],[126.94642,37.36571],[126.9459,37.36502],[126.94465,37.36424],[126.94167,37.36263]]}},{"type":"Feature","properties":{"kind":"subway","ref":"4","name":"수도권 전철 4호선","colour":"#009BCE"},"geometry":{"type":"LineString","coordinates":[[126.94357,37.37239],[126.94395,37.37159]]}},{"type":"Feature","properties":{"kind":"subway","ref":"4","name":"수도권 전철 4호선","colour":"#009BCE"},"geometry":{"type":"LineString","coordinates":[[126.94279,37.37415],[126.94357,37.37239]]}},{"type":"Feature","properties":{"kind":"subway","ref":"4","name":"수도권 전철 4호선","colour":"#009BCE"},"geometry":{"type":"LineString","coordinates":[[126.98146,37.50139],[126.98083,37.50212],[126.98038,37.50296],[126.98016,37.50404],[126.98017,37.50451]]}},{"type":"Feature","properties":{"kind":"subway","ref":"4","name":"수도권 전철 4호선","colour":"#009BCE"},"geometry":{"type":"LineString","coordinates":[[126.98325,37.51694],[126.98326,37.51839]]}},{"type":"Feature","properties":{"kind":"subway","ref":"4","name":"수도권 전철 4호선","colour":"#009BCE"},"geometry":{"type":"LineString","coordinates":[[126.98321,37.51601],[126.98325,37.51694]]}},{"type":"Feature","properties":{"kind":"subway","ref":"4","name":"수도권 전철 4호선","colour":"#009BCE"},"geometry":{"type":"LineString","coordinates":[[126.9943,37.45671],[126.99525,37.45615],[126.99628,37.45557],[126.9975,37.45489],[126.99837,37.45435]]}},{"type":"Feature","properties":{"kind":"subway","ref":"4","name":"수도권 전철 4호선","colour":"#009BCE"},"geometry":{"type":"LineString","coordinates":[[126.93533,37.35924],[126.93426,37.35866],[126.93216,37.35754],[126.93129,37.35707],[126.93,37.35638],[126.92982,37.35629]]}},{"type":"Feature","properties":{"kind":"subway","ref":"4","name":"수도권 전철 4호선","colour":"#009BCE"},"geometry":{"type":"LineString","coordinates":[[127.00532,37.5882],[127.00396,37.58769],[127.00296,37.58725],[127.00193,37.58646],[127.00137,37.5857],[127.00157,37.58379],[127.0019,37.58249],[127.00205,37.58089],[127.00219,37.57771],[127.00253,37.57666],[127.00359,37.57613],[127.00499,37.5756],[127.00609,37.57449],[127.00817,37.57225]]}},{"type":"Feature","properties":{"kind":"subway","ref":"4","name":"수도권 전철 4호선","colour":"#009BCE"},"geometry":{"type":"LineString","coordinates":[[126.7676,37.33736],[126.76702,37.33767]]}},{"type":"Feature","properties":{"kind":"subway","ref":"4","name":"수도권 전철 4호선","colour":"#009BCE"},"geometry":{"type":"LineString","coordinates":[[126.94395,37.37159],[126.9443,37.37082]]}},{"type":"Feature","properties":{"kind":"subway","ref":"4","name":"수도권 전철 4호선","colour":"#009BCE"},"geometry":{"type":"LineString","coordinates":[[126.97245,37.55258],[126.97269,37.55358],[126.9726,37.55487],[126.97289,37.55587],[126.97373,37.55647],[126.97534,37.55707],[126.9773,37.55783],[126.97803,37.55834],[126.9789,37.55911],[126.97978,37.55943],[126.97986,37.55945]]}},{"type":"Feature","properties":{"kind":"subway","ref":"4","name":"수도권 전철 4호선","colour":"#009BCE"},"geometry":{"type":"LineString","coordinates":[[127.04666,37.65296],[127.04662,37.65296]]}},{"type":"Feature","properties":{"kind":"subway","ref":"4","name":"수도권 전철 4호선","colour":"#009BCE"},"geometry":{"type":"LineString","coordinates":[[127.06236,37.65612],[127.06132,37.6559],[127.05624,37.65476],[127.05484,37.65453],[127.05332,37.65444],[127.05215,37.65426],[127.04977,37.6537],[127.04885,37.65348]]}},{"type":"Feature","properties":{"kind":"label","ref":"4","name":"수도권 전철 4호선","colour":"#009BCE"},"geometry":{"type":"Point","coordinates":[126.99062,37.42716]}},{"type":"Feature","properties":{"kind":"commuter","ref":"수인·분당","name":"수인·분당선","colour":"#ECA300"},"geometry":{"type":"LineString","coordinates":[[127.057,37.24564],[127.05938,37.24573],[127.06447,37.24587],[127.06577,37.24609],[127.06671,37.24668],[127.06742,37.2473],[127.07124,37.25138],[127.07261,37.2528],[127.0756,37.25592],[127.07949,37.26],[127.08067,37.26129],[127.08185,37.26189],[127.08383,37.26215],[127.08557,37.262],[127.08577,37.26197]]}},{"type":"Feature","properties":{"kind":"commuter","ref":"수인·분당","name":"수인·분당선","colour":"#ECA300"},"geometry":{"type":"LineString","coordinates":[[127.1072,37.31833],[127.10722,37.31989],[127.10726,37.32063]]}},{"type":"Feature","properties":{"kind":"commuter","ref":"수인·분당","name":"수인·분당선","colour":"#ECA300"},"geometry":{"type":"LineString","coordinates":[[127.04413,37.55021],[127.0438,37.55148],[127.04307,37.55207],[127.04139,37.553],[127.04061,37.55361],[127.04012,37.55434],[127.03973,37.55583]]}},{"type":"Feature","properties":{"kind":"commuter","ref":"수인·분당","name":"수인·분당선","colour":"#ECA300"},"geometry":{"type":"LineString","coordinates":[[127.03973,37.55583],[127.03932,37.55788],[127.03908,37.55907],[127.03886,37.56017]]}},{"type":"Feature","properties":{"kind":"commuter","ref":"수인·분당","name":"수인·분당선","colour":"#ECA300"},"geometry":{"type":"LineString","coordinates":[[127.10745,37.32659],[127.10747,37.32823]]}},{"type":"Feature","properties":{"kind":"commuter","ref":"수인·분당","name":"수인·분당선","colour":"#ECA300"},"geometry":{"type":"LineString","coordinates":[[127.10732,37.32313],[127.10738,37.32456]]}},{"type":"Feature","properties":{"kind":"commuter","ref":"수인·분당","name":"수인·분당선","colour":"#ECA300"},"geometry":{"type":"LineString","coordinates":[[127.00167,37.2668],[127.00274,37.26718],[127.00532,37.26812],[127.00687,37.2682],[127.00812,37.26806],[127.00995,37.26751],[127.01097,37.26696],[127.01223,37.26629]]}},{"type":"Feature","properties":{"kind":"commuter","ref":"수인·분당","name":"수인·분당선","colour":"#ECA300"},"geometry":{"type":"LineString","coordinates":[[127.10809,37.36562],[127.10808,37.36852],[127.10808,37.37215],[127.10805,37.37337],[127.10845,37.37426],[127.1136,37.37797],[127.11481,37.37884],[127.11553,37.37935],[127.1185,37.38148],[127.12332,37.38493],[127.12631,37.38703],[127.12722,37.3877],[127.12781,37.38837],[127.12812,37.38929],[127.12819,37.39286],[127.12821,37.39525],[127.12822,37.39645],[127.12844,37.39747],[127.12862,37.3986],[127.12854,37.40005],[127.12821,37.40298],[127.12836,37.4042],[127.12863,37.4059],[127.12864,37.40766],[127.12867,37.40984],[127.12869,37.41128],[127.12868,37.41211]]}},{"type":"Feature","properties":{"kind":"commuter","ref":"수인·분당","name":"수인·분당선","colour":"#ECA300"},"geometry":{"type":"LineString","coordinates":[[127.04432,37.54226],[127.04472,37.54362],[127.04489,37.54481],[127.04448,37.54816],[127.04413,37.55021]]}},{"type":"Feature","properties":{"kind":"commuter","ref":"수인·분당","name":"수인·분당선","colour":"#ECA300"},"geometry":{"type":"LineString","coordinates":[[127.02539,37.26329],[127.0267,37.26296],[127.0319,37.26176],[127.03432,37.2611],[127.03532,37.26045],[127.03588,37.25966],[127.03625,37.25799],[127.03656,37.25699],[127.03723,37.25626],[127.03816,37.25558],[127.03917,37.25494],[127.03974,37.25428],[127.04048,37.25305],[127.04123,37.25204],[127.04176,37.25145]]}},{"type":"Feature","properties":{"kind":"commuter","ref":"수인·분당","name":"수인·분당선","colour":"#ECA300"},"geometry":{"type":"LineString","coordinates":[[127.01804,37.265],[127.01973,37.26468],[127.02272,37.264],[127.02497,37.26339],[127.02539,37.26329]]}},{"type":"Feature","properties":{"kind":"commuter","ref":"수인·분당","name":"수인·분당선","colour":"#ECA300"},"geometry":{"type":"LineString","coordinates":[[127.01223,37.26629],[127.01317,37.266],[127.01424,37.26578],[127.01571,37.2655],[127.01804,37.265]]}},{"type":"Feature","properties":{"kind":"commuter","ref":"수인·분당","name":"수인·분당선","colour":"#ECA300"},"geometry":{"type":"LineString","coordinates":[[127.1088,37.35531],[127.10852,37.35664],[127.10827,37.3581],[127.10812,37.35931],[127.10811,37.36248],[127.1081,37.36374],[127.10809,37.36539],[127.10809,37.36562]]}},{"type":"Feature","properties":{"kind":"commuter","ref":"수인·분당","name":"수인·분당선","colour":"#ECA300"},"geometry":{"type":"LineString","coordinates":[[127.10889,37.34064],[127.10891,37.34239],[127.10892,37.34376],[127.10899,37.34557],[127.10899,37.34883],[127.10895,37.35091],[127.10893,37.35239],[127.10886,37.35441],[127.1088,37.35531]]}},{"type":"Feature","properties":{"kind":"commuter","ref":"수인·분당","name":"수인·분당선","colour":"#ECA300"},"geometry":{"type":"LineString","coordinates":[[127.10228,37.48674],[127.10105,37.48771],[127.10028,37.48833],[127.09953,37.48893],[127.09825,37.49023],[127.09694,37.49215],[127.09603,37.49357],[127.09503,37.49438],[127.09019,37.49616],[127.08887,37.4963],[127.08717,37.49609],[127.07962,37.49364],[127.07319,37.49156],[127.07235,37.49117],[127.07114,37.49041],[127.07033,37.48999],[127.06889,37.48951],[127.0677,37.48933],[127.06605,37.48908],[127.06406,37.48844],[127.06249,37.48749],[127.06131,37.48705],[127.06026,37.48683],[127.05914,37.48698],[127.05806,37.48732],[127.05726,37.48777],[127.05643,37.48853],[127.05587,37.48947],[127.05544,37.49062],[127.05284,37.49627],[127.05085,37.50051],[127.04915,37.50417],[127.04847,37.50562],[127.04799,37.50639],[127.04546,37.50791],[127.04477,37.50844],[127.04418,37.5094],[127.04375,37.51054],[127.04141,37.51678],[127.03922,37.52271],[127.04068,37.52782],[127.04109,37.52906]]}},{"type":"Feature","properties":{"kind":"commuter","ref":"수인·분당","name":"수인·분당선","colour":"#ECA300"},"geometry":{"type":"LineString","coordinates":[[127.10732,37.32276],[127.10732,37.32313]]}},{"type":"Feature","properties":{"kind":"commuter","ref":"수인·분당","name":"수인·분당선","colour":"#ECA300"},"geometry":{"type":"LineString","coordinates":[[126.99921,37.26579],[127.00007,37.26615],[127.00135,37.26666],[127.00167,37.2668]]}},{"type":"Feature","properties":{"kind":"commuter","ref":"수인·분당","name":"수인·분당선","colour":"#ECA300"},"geometry":{"type":"LineString","coordinates":[[127.10742,37.32589],[127.10745,37.32659]]}},{"type":"Feature","properties":{"kind":"commuter","ref":"수인·분당","name":"수인·분당선","colour":"#ECA300"},"geometry":{"type":"LineString","coordinates":[[127.10747,37.32833],[127.1075,37.33003],[127.10752,37.33034]]}},{"type":"Feature","properties":{"kind":"commuter","ref":"수인·분당","name":"수인·분당선","colour":"#ECA300"},"geometry":{"type":"LineString","coordinates":[[127.10747,37.32823],[127.10747,37.32833]]}},{"type":"Feature","properties":{"kind":"commuter","ref":"수인·분당","name":"수인·분당선","colour":"#ECA300"},"geometry":{"type":"LineString","coordinates":[[127.10738,37.32456],[127.10742,37.32589]]}},{"type":"Feature","properties":{"kind":"commuter","ref":"수인·분당","name":"수인·분당선","colour":"#ECA300"},"geometry":{"type":"LineString","coordinates":[[127.04109,37.52906],[127.04164,37.53072],[127.0435,37.53782],[127.04354,37.53797]]}},{"type":"Feature","properties":{"kind":"commuter","ref":"수인·분당","name":"수인·분당선","colour":"#ECA300"},"geometry":{"type":"LineString","coordinates":[[127.04354,37.53797],[127.04371,37.5394],[127.0439,37.54066],[127.04425,37.54185],[127.04432,37.54226]]}},{"type":"Feature","properties":{"kind":"commuter","ref":"수인·분당","name":"수인·분당선","colour":"#ECA300"},"geometry":{"type":"LineString","coordinates":[[126.9906,37.2533],[126.99139,37.25375],[126.99204,37.2546],[126.99253,37.2556],[126.99291,37.25654],[126.9941,37.26039],[126.99463,37.26166],[126.99507,37.26267],[126.99543,37.26358],[126.99608,37.26441],[126.99797,37.26529],[126.99892,37.26567],[126.99921,37.26579]]}},{"type":"Feature","properties":{"kind":"commuter","ref":"수인·분당","name":"수인·분당선","colour":"#ECA300"},"geometry":{"type":"LineString","coordinates":[[127.10726,37.32063],[127.1073,37.32165]]}},{"type":"Feature","properties":{"kind":"commuter","ref":"수인·분당","name":"수인·분당선","colour":"#ECA300"},"geometry":{"type":"LineString","coordinates":[[127.1073,37.32165],[127.10733,37.32231]]}},{"type":"Feature","properties":{"kind":"commuter","ref":"수인·분당","name":"수인·분당선","colour":"#ECA300"},"geometry":{"type":"LineString","coordinates":[[126.98314,37.25066],[126.98199,37.25033],[126.98098,37.25003],[126.98039,37.24983]]}},{"type":"Feature","properties":{"kind":"commuter","ref":"수인·분당","name":"수인·분당선","colour":"#ECA300"},"geometry":{"type":"LineString","coordinates":[[127.10754,37.26167],[127.10887,37.26175],[127.11157,37.26185],[127.11265,37.26201],[127.11385,37.26242],[127.11478,37.26304],[127.11561,37.26399],[127.11596,37.26508],[127.11602,37.26768],[127.11599,37.27357],[127.11599,37.27551],[127.11591,37.27699],[127.11588,37.27873],[127.11585,37.28073],[127.1157,37.28199],[127.1152,37.28281],[127.11202,37.28553],[127.11134,37.28612],[127.11058,37.28676],[127.1086,37.28844],[127.10766,37.28931],[127.10699,37.2901],[127.10653,37.29086],[127.10607,37.29214],[127.10573,37.29453],[127.10567,37.29568],[127.10572,37.29902],[127.10578,37.30335],[127.10585,37.30542],[127.10598,37.30655],[127.10647,37.30748]]}},{"type":"Feature","properties":{"kind":"commuter","ref":"수인·분당","name":"수인·분당선","colour":"#ECA300"},"geometry":{"type":"LineString","coordinates":[[127.08577,37.26197],[127.09004,37.26115],[127.0918,37.26092],[127.0936,37.26082],[127.10754,37.26167]]}},{"type":"Feature","properties":{"kind":"commuter","ref":"수인·분당","name":"수인·분당선","colour":"#ECA300"},"geometry":{"type":"LineString","coordinates":[[127.05562,37.24561],[127.057,37.24564]]}},{"type":"Feature","properties":{"kind":"commuter","ref":"수인·분당","name":"수인·분당선","colour":"#ECA300"},"geometry":{"type":"LineString","coordinates":[[127.04176,37.25145],[127.05013,37.24595],[127.05108,37.24559],[127.05473,37.24558],[127.05562,37.24561]]}},{"type":"Feature","properties":{"kind":"commuter","ref":"수인·분당","name":"수인·분당선","colour":"#ECA300"},"geometry":{"type":"LineString","coordinates":[[127.10733,37.32231],[127.10732,37.32276]]}},{"type":"Feature","properties":{"kind":"commuter","ref":"수인·분당","name":"수인·분당선","colour":"#ECA300"},"geometry":{"type":"LineString","coordinates":[[127.10647,37.30748],[127.10746,37.30839],[127.10804,37.30908],[127.10837,37.31011],[127.10838,37.31151],[127.10725,37.31729],[127.1072,37.31833]]}},{"type":"Feature","properties":{"kind":"commuter","ref":"수인·분당","name":"수인·분당선","colour":"#ECA300"},"geometry":{"type":"LineString","coordinates":[[126.98314,37.25066],[126.98692,37.25194],[126.98848,37.25249],[126.9906,37.2533]]}},{"type":"Feature","properties":{"kind":"commuter","ref":"수인·분당","name":"수인·분당선","colour":"#ECA300"},"geometry":{"type":"LineString","coordinates":[[127.03886,37.56017],[127.03852,37.56196]]}},{"type":"Feature","properties":{"kind":"commuter","ref":"수인·분당","name":"수인·분당선","colour":"#ECA300"},"geometry":{"type":"LineString","coordinates":[[127.12868,37.41211],[127.12868,37.41378],[127.12874,37.41672],[127.12874,37.41877],[127.12881,37.42295],[127.12884,37.42445],[127.12896,37.42572],[127.12944,37.42883],[127.12933,37.43005],[127.12906,37.43218],[127.12886,37.43369],[127.12772,37.43971],[127.12699,37.44387],[127.12673,37.44814],[127.12656,37.45302],[127.1264,37.45563],[127.12598,37.4573],[127.12585,37.45848],[127.12582,37.46025],[127.12649,37.46877],[127.12659,37.47006],[127.12668,37.47164],[127.12642,37.47294],[127.12607,37.47419],[127.12557,37.47502],[127.12436,37.47584],[127.11927,37.47691],[127.11452,37.47767],[127.113,37.47817],[127.10402,37.48532],[127.10316,37.486],[127.10228,37.48674]]}},{"type":"Feature","properties":{"kind":"commuter","ref":"수인·분당","name":"수인·분당선","colour":"#ECA300"},"geometry":{"type":"LineString","coordinates":[[127.10752,37.33034],[127.10785,37.33133],[127.10836,37.33244],[127.10863,37.33403],[127.1088,37.3354],[127.10893,37.33663],[127.10893,37.33796],[127.10889,37.34064]]}},{"type":"Feature","properties":{"kind":"label","ref":"수인·분당","name":"수인·분당선","colour":"#ECA300"},"geometry":{"type":"Point","coordinates":[127.05806,37.48732]}},{"type":"Feature","properties":{"kind":"subway","ref":"9","name":"서울 지하철 9호선","colour":"#A49D87"},"geometry":{"type":"LineString","coordinates":[[126.9441,37.51373],[126.94534,37.51369],[126.94773,37.51319],[126.94954,37.51276],[126.95103,37.51273],[126.95358,37.51295],[126.95526,37.5131],[126.95678,37.51295],[126.95799,37.51242],[126.95898,37.51213],[126.95999,37.5119],[126.96116,37.51135],[126.96328,37.50901],[126.96393,37.50837],[126.96483,37.50775],[126.96733,37.50667],[126.96896,37.50598],[126.97027,37.5056],[126.9715,37.50555],[126.97296,37.50536],[126.97466,37.5047],[126.97644,37.50379]]}},{"type":"Feature","properties":{"kind":"subway","ref":"9","name":"서울 지하철 9호선","colour":"#A49D87"},"geometry":{"type":"LineString","coordinates":[[126.79502,37.57789],[126.79682,37.57843]]}},{"type":"Feature","properties":{"kind":"subway","ref":"9","name":"서울 지하철 9호선","colour":"#A49D87"},"geometry":{"type":"LineString","coordinates":[[126.79414,37.57764],[126.792,37.57703],[126.79036,37.57675],[126.78614,37.57626],[126.78471,37.57586],[126.78439,37.5757]]}},{"type":"Feature","properties":{"kind":"subway","ref":"9","name":"서울 지하철 9호선","colour":"#A49D87"},"geometry":{"type":"LineString","coordinates":[[126.80154,37.56197],[126.79967,37.56208],[126.79857,37.56221],[126.79743,37.56235],[126.79628,37.56257],[126.795,37.56317],[126.7844,37.57218],[126.78375,37.57286],[126.78347,37.57383],[126.7838,37.57519],[126.78439,37.5757]]}},{"type":"Feature","properties":{"kind":"subway","ref":"9","name":"서울 지하철 9호선","colour":"#A49D87"},"geometry":{"type":"LineString","coordinates":[[126.80154,37.56197],[126.80319,37.56189],[126.80627,37.56174],[126.80781,37.56182],[126.80903,37.56235],[126.80976,37.56289],[126.81088,37.56381],[126.8122,37.56543],[126.81284,37.56625],[126.81373,37.56701],[126.81473,37.56745],[126.81641,37.56748],[126.81783,37.56741],[126.81909,37.56732],[126.82084,37.56722],[126.8227,37.56706],[126.82396,37.56697],[126.82523,37.56687],[126.82771,37.56667],[126.82905,37.56656],[126.8309,37.56647],[126.83245,37.56646],[126.83404,37.56686],[126.83503,37.56754],[126.8364,37.5685],[126.83744,37.56892],[126.83869,37.56909],[126.84002,37.56896],[126.84101,37.56857],[126.84263,37.56764],[126.84364,37.56711],[126.84518,37.56629],[126.84648,37.56563],[126.84754,37.56506],[126.84922,37.56415]]}},{"type":"Feature","properties":{"kind":"subway","ref":"9","name":"서울 지하철 9호선","colour":"#A49D87"},"geometry":{"type":"LineString","coordinates":[[127.05183,37.51261],[127.05319,37.51296],[127.05429,37.51317],[127.05469,37.51326]]}},{"type":"Feature","properties":{"kind":"subway","ref":"9","name":"서울 지하철 9호선","colour":"#A49D87"},"geometry":{"type":"LineString","coordinates":[[127.03412,37.50737],[127.03854,37.50868],[127.04344,37.51011],[127.05038,37.51215],[127.05183,37.51261]]}},{"type":"Feature","properties":{"kind":"subway","ref":"9","name":"서울 지하철 9호선","colour":"#A49D87"},"geometry":{"type":"LineString","coordinates":[[127.00542,37.50628],[127.00666,37.50666],[127.00789,37.50673],[127.00902,37.50655],[127.00997,37.5062],[127.01362,37.50487],[127.01395,37.50475]]}},{"type":"Feature","properties":{"kind":"subway","ref":"9","name":"서울 지하철 9호선","colour":"#A49D87"},"geometry":{"type":"LineString","coordinates":[[127.07479,37.51208],[127.07523,37.51185]]}},{"type":"Feature","properties":{"kind":"subway","ref":"9","name":"서울 지하철 9호선","colour":"#A49D87"},"geometry":{"type":"LineString","coordinates":[[127.01599,37.50384],[127.01685,37.50337],[127.01809,37.50302],[127.01954,37.50304],[127.02114,37.50343],[127.02249,37.50384],[127.02359,37.50416],[127.02456,37.50445],[127.0277,37.50541],[127.0289,37.50578],[127.02939,37.50592]]}},{"type":"Feature","properties":{"kind":"subway","ref":"9","name":"서울 지하철 9호선","colour":"#A49D87"},"geometry":{"type":"LineString","coordinates":[[127.05469,37.51326],[127.06018,37.51415],[127.06615,37.51523],[127.06838,37.51547],[127.06973,37.51498],[127.07273,37.51326],[127.07479,37.51208]]}},{"type":"Feature","properties":{"kind":"subway","ref":"9","name":"서울 지하철 9호선","colour":"#A49D87"},"geometry":{"type":"LineString","coordinates":[[127.003,37.50555],[127.00474,37.50607],[127.00542,37.50628]]}},{"type":"Feature","properties":{"kind":"subway","ref":"9","name":"서울 지하철 9호선","colour":"#A49D87"},"geometry":{"type":"LineString","coordinates":[[126.97988,37.50207],[126.98079,37.50159],[126.98181,37.50113],[126.98286,37.50085],[126.98408,37.50077],[126.98679,37.50127],[126.98885,37.50171],[126.99166,37.50231],[126.99643,37.50358],[127.00131,37.50505],[127.003,37.50555]]}},{"type":"Feature","properties":{"kind":"subway","ref":"9","name":"서울 지하철 9호선","colour":"#A49D87"},"geometry":{"type":"LineString","coordinates":[[127.01395,37.50475],[127.01482,37.50437],[127.01572,37.50396],[127.01599,37.50384]]}},{"type":"Feature","properties":{"kind":"subway","ref":"9","name":"서울 지하철 9호선","colour":"#A49D87"},"geometry":{"type":"LineString","coordinates":[[126.97644,37.50379],[126.97887,37.5026],[126.97988,37.50207]]}},{"type":"Feature","properties":{"kind":"subway","ref":"9","name":"서울 지하철 9호선","colour":"#A49D87"},"geometry":{"type":"LineString","coordinates":[[126.90433,37.53264],[126.90519,37.53226],[126.90627,37.53197],[126.91444,37.53042],[126.91544,37.53007],[126.91635,37.52959],[126.91843,37.52744],[126.92411,37.52171],[126.92761,37.51811],[126.9282,37.5175],[126.9291,37.51656],[126.93018,37.51564],[126.93104,37.51509],[126.93196,37.51461],[126.93284,37.51422],[126.93403,37.51383],[126.93537,37.51348],[126.93725,37.51333],[126.93805,37.51336]]}},{"type":"Feature","properties":{"kind":"subway","ref":"9","name":"서울 지하철 9호선","colour":"#A49D87"},"geometry":{"type":"LineString","coordinates":[[126.93805,37.51336],[126.94033,37.51351],[126.94187,37.51361],[126.94381,37.51372],[126.9441,37.51373]]}},{"type":"Feature","properties":{"kind":"subway","ref":"9","name":"서울 지하철 9호선","colour":"#A49D87"},"geometry":{"type":"LineString","coordinates":[[127.11376,37.51248],[127.11448,37.51389],[127.11578,37.51615],[127.11673,37.51698],[127.11765,37.51743],[127.11921,37.5176],[127.12083,37.5173],[127.12166,37.51684],[127.12319,37.5153],[127.12419,37.5147],[127.12534,37.5143],[127.12741,37.51417],[127.12842,37.51439],[127.1299,37.51549],[127.13083,37.51686],[127.13289,37.51999],[127.13407,37.52081],[127.1356,37.52088],[127.13659,37.52059],[127.13833,37.51985],[127.14088,37.51879],[127.14215,37.51857],[127.14329,37.51875],[127.14422,37.51925],[127.14497,37.52004],[127.14557,37.52144],[127.14671,37.52421],[127.14802,37.52765],[127.14829,37.52827]]}},{"type":"Feature","properties":{"kind":"subway","ref":"9","name":"서울 지하철 9호선","colour":"#A49D87"},"geometry":{"type":"LineString","coordinates":[[127.07523,37.51185],[127.07675,37.51112]]}},{"type":"Feature","properties":{"kind":"subway","ref":"9","name":"서울 지하철 9호선","colour":"#A49D87"},"geometry":{"type":"LineString","coordinates":[[127.11376,37.51248],[127.11288,37.51123],[127.11239,37.51042],[127.11219,37.50997]]}},{"type":"Feature","properties":{"kind":"subway","ref":"9","name":"서울 지하철 9호선","colour":"#A49D87"},"geometry":{"type":"LineString","coordinates":[[127.08536,37.50503],[127.08719,37.50448],[127.09018,37.50363],[127.09079,37.50349]]}},{"type":"Feature","properties":{"kind":"subway","ref":"9","name":"서울 지하철 9호선","colour":"#A49D87"},"geometry":{"type":"LineString","coordinates":[[127.09079,37.50349],[127.09243,37.50303],[127.09353,37.50274],[127.09496,37.50249],[127.09657,37.50242],[127.09825,37.50247],[127.10016,37.50277],[127.10331,37.50375],[127.10528,37.50439],[127.10686,37.50505],[127.1079,37.50561],[127.109,37.50634],[127.11038,37.50763],[127.11111,37.50853],[127.11219,37.50997]]}},{"type":"Feature","properties":{"kind":"subway","ref":"9","name":"서울 지하철 9호선","colour":"#A49D87"},"geometry":{"type":"LineString","coordinates":[[127.07675,37.51112],[127.07765,37.51066],[127.07848,37.51007],[127.07915,37.5085],[127.07958,37.5069],[127.08536,37.50503]]}},{"type":"Feature","properties":{"kind":"subway","ref":"9","name":"서울 지하철 9호선","colour":"#A49D87"},"geometry":{"type":"LineString","coordinates":[[126.84922,37.56415],[126.85028,37.5636],[126.85154,37.56293],[126.85293,37.56221],[126.85506,37.56113],[126.85812,37.55946],[126.85974,37.55857],[126.86193,37.55742],[126.8629,37.5568],[126.86324,37.55523],[126.86343,37.55403],[126.86363,37.55297],[126.86382,37.55193],[126.86457,37.55119],[126.86545,37.55077],[126.86638,37.55032],[126.86972,37.54823],[126.8711,37.54755],[126.87251,37.54712],[126.87368,37.54697],[126.87544,37.54701],[126.8782,37.54719],[126.8798,37.54699],[126.88069,37.54666],[126.88166,37.54609],[126.88255,37.5452],[126.88319,37.54423],[126.88367,37.54339],[126.88418,37.54266],[126.88513,37.542],[126.88949,37.54013],[126.89045,37.53965],[126.89146,37.53906],[126.89258,37.53849],[126.89386,37.53786],[126.89517,37.53719],[126.89635,37.53662],[126.89771,37.53592],[126.89873,37.53538],[126.90003,37.53475],[126.9012,37.53423],[126.90378,37.53291],[126.90433,37.53264]]}},{"type":"Feature","properties":{"kind":"subway","ref":"9","name":"서울 지하철 9호선","colour":"#A49D87"},"geometry":{"type":"LineString","coordinates":[[127.02939,37.50592],[127.03125,37.50648],[127.03217,37.50678],[127.03312,37.50707],[127.03412,37.50737]]}},{"type":"Feature","properties":{"kind":"subway","ref":"9","name":"서울 지하철 9호선","colour":"#A49D87"},"geometry":{"type":"LineString","coordinates":[[126.79414,37.57764],[126.79502,37.57789]]}},{"type":"Feature","properties":{"kind":"label","ref":"9","name":"서울 지하철 9호선","colour":"#A49D87"},"geometry":{"type":"Point","coordinates":[126.87368,37.54697]}},{"type":"Feature","properties":{"kind":"subway","ref":"8","name":"서울 지하철 8호선","colour":"#D11D70"},"geometry":{"type":"LineString","coordinates":[[127.13032,37.43403],[127.13436,37.4347],[127.13576,37.435],[127.13703,37.43548],[127.13838,37.43616],[127.14066,37.43746],[127.14396,37.43932],[127.14582,37.44031],[127.14741,37.44094],[127.14836,37.44128],[127.14963,37.44168],[127.15132,37.44227],[127.15224,37.44266],[127.15547,37.44425],[127.15638,37.44479],[127.15736,37.44614],[127.15783,37.44705],[127.1598,37.45158],[127.16061,37.4534],[127.16004,37.4546],[127.15899,37.45535],[127.15792,37.45592],[127.15671,37.45621],[127.15067,37.45683],[127.14949,37.4569],[127.14848,37.45733],[127.14719,37.45821],[127.14626,37.45878],[127.14475,37.45967],[127.14444,37.45986]]}},{"type":"Feature","properties":{"kind":"subway","ref":"8","name":"서울 지하철 8호선","colour":"#D11D70"},"geometry":{"type":"LineString","coordinates":[[127.12802,37.6418],[127.12867,37.64124],[127.13086,37.6392],[127.13169,37.63866],[127.13247,37.63822],[127.13338,37.63776],[127.1355,37.63684],[127.13778,37.636],[127.14423,37.63325],[127.14604,37.63227],[127.14737,37.6312],[127.1486,37.63021],[127.14937,37.62959],[127.15,37.62883],[127.15023,37.62762],[127.14996,37.62547],[127.14962,37.62375],[127.14942,37.62184],[127.14918,37.62058],[127.14837,37.61964],[127.14584,37.61833],[127.14395,37.6174],[127.14228,37.6167],[127.14123,37.61626],[127.14019,37.61581],[127.13895,37.61514],[127.13823,37.61434],[127.13796,37.61285],[127.1379,37.61152],[127.13813,37.61017],[127.13844,37.60927],[127.13883,37.60809],[127.14047,37.6031],[127.14102,37.60164],[127.14213,37.59972],[127.14264,37.59897],[127.1425,37.59753],[127.14084,37.59594],[127.13939,37.59462],[127.13862,37.59375],[127.13808,37.59286],[127.13786,37.58795],[127.13785,37.58649],[127.13794,37.57964],[127.13811,37.57778],[127.13966,37.56674],[127.14035,37.56268],[127.14054,37.56132],[127.14075,37.55996],[127.14048,37.55868],[127.13976,37.55793],[127.1387,37.55746],[127.13758,37.55715],[127.13651,37.5569],[127.13516,37.55682],[127.134,37.55692],[127.13288,37.5571],[127.13151,37.55709],[127.13052,37.55673],[127.12976,37.55613],[127.12927,37.55501],[127.12877,37.55376]]}},{"type":"Feature","properties":{"kind":"subway","ref":"8","name":"서울 지하철 8호선","colour":"#D11D70"},"geometry":{"type":"LineString","coordinates":[[127.1035,37.51432],[127.10249,37.51393],[127.10169,37.5134],[127.10139,37.51234],[127.10153,37.5112],[127.10216,37.51025],[127.1028,37.50951],[127.10374,37.50878],[127.1048,37.50781],[127.10709,37.5053],[127.11225,37.49962],[127.11481,37.49677],[127.11569,37.49579],[127.11815,37.49319],[127.11868,37.4925],[127.11924,37.49181],[127.12003,37.49062],[127.12065,37.48956],[127.12147,37.48794],[127.12248,37.48585],[127.12421,37.48253],[127.12604,37.47889],[127.12673,37.47761],[127.12705,37.47636],[127.12697,37.47482],[127.12672,37.47207],[127.12661,37.47016],[127.1265,37.46877],[127.12684,37.46774],[127.12812,37.46736],[127.12902,37.46696],[127.13047,37.46632],[127.13374,37.46503]]}},{"type":"Feature","properties":{"kind":"subway","ref":"8","name":"서울 지하철 8호선","colour":"#D11D70"},"geometry":{"type":"LineString","coordinates":[[127.14444,37.45986],[127.14344,37.46042],[127.14265,37.46085],[127.14144,37.46153]]}},{"type":"Feature","properties":{"kind":"subway","ref":"8","name":"서울 지하철 8호선","colour":"#D11D70"},"geometry":{"type":"LineString","coordinates":[[127.14144,37.46153],[127.14131,37.46161]]}},{"type":"Feature","properties":{"kind":"subway","ref":"8","name":"서울 지하철 8호선","colour":"#D11D70"},"geometry":{"type":"LineString","coordinates":[[127.14131,37.46161],[127.14009,37.46231]]}},{"type":"Feature","properties":{"kind":"subway","ref":"8","name":"서울 지하철 8호선","colour":"#D11D70"},"geometry":{"type":"LineString","coordinates":[[127.14009,37.46231],[127.13986,37.46243]]}},{"type":"Feature","properties":{"kind":"subway","ref":"8","name":"서울 지하철 8호선","colour":"#D11D70"},"geometry":{"type":"LineString","coordinates":[[127.13683,37.46378],[127.13374,37.46503]]}},{"type":"Feature","properties":{"kind":"subway","ref":"8","name":"서울 지하철 8호선","colour":"#D11D70"},"geometry":{"type":"LineString","coordinates":[[127.13986,37.46243],[127.13894,37.46289],[127.13709,37.46367]]}},{"type":"Feature","properties":{"kind":"subway","ref":"8","name":"서울 지하철 8호선","colour":"#D11D70"},"geometry":{"type":"LineString","coordinates":[[127.13709,37.46367],[127.13683,37.46378]]}},{"type":"Feature","properties":{"kind":"subway","ref":"8","name":"서울 지하철 8호선","colour":"#D11D70"},"geometry":{"type":"LineString","coordinates":[[127.12877,37.55376],[127.12799,37.55155],[127.12707,37.549]]}},{"type":"Feature","properties":{"kind":"subway","ref":"8","name":"서울 지하철 8호선","colour":"#D11D70"},"geometry":{"type":"LineString","coordinates":[[127.12707,37.549],[127.12584,37.54548],[127.12481,37.54264],[127.12406,37.54058],[127.12345,37.53876],[127.12254,37.53626],[127.12137,37.53304],[127.12072,37.53106],[127.12032,37.53002],[127.11905,37.52778],[127.11855,37.52695],[127.11767,37.52578],[127.11638,37.52406],[127.11584,37.5232],[127.11525,37.52207],[127.11473,37.52075],[127.11414,37.51919],[127.11351,37.51835],[127.11291,37.51774],[127.10585,37.51521],[127.1035,37.51432]]}},{"type":"Feature","properties":{"kind":"label","ref":"8","name":"서울 지하철 8호선","colour":"#D11D70"},"geometry":{"type":"Point","coordinates":[127.14267,37.59785]}},{"type":"Feature","properties":{"kind":"commuter","ref":"공항철도","name":"인천국제공항철도 일반열차","colour":"#0079AC"},"geometry":{"type":"LineString","coordinates":[[126.60906,37.55296],[126.60801,37.55273]]}},{"type":"Feature","properties":{"kind":"commuter","ref":"공항철도","name":"인천국제공항철도 일반열차","colour":"#0079AC"},"geometry":{"type":"LineString","coordinates":[[126.59799,37.55004],[126.57209,37.54168],[126.56842,37.54049],[126.56694,37.54006],[126.56593,37.53971],[126.56376,37.53861]]}},{"type":"Feature","properties":{"kind":"commuter","ref":"공항철도","name":"인천국제공항철도 일반열차","colour":"#0079AC"},"geometry":{"type":"LineString","coordinates":[[126.56376,37.53861],[126.56271,37.53798],[126.56168,37.53725],[126.56076,37.53652],[126.55802,37.53413],[126.544,37.52344]]}},{"type":"Feature","properties":{"kind":"commuter","ref":"공항철도","name":"인천국제공항철도 일반열차","colour":"#0079AC"},"geometry":{"type":"LineString","coordinates":[[126.54314,37.5228],[126.53982,37.52033]]}},{"type":"Feature","properties":{"kind":"commuter","ref":"공항철도","name":"인천국제공항철도 일반열차","colour":"#0079AC"},"geometry":{"type":"LineString","coordinates":[[126.544,37.52344],[126.54314,37.5228]]}},{"type":"Feature","properties":{"kind":"commuter","ref":"공항철도","name":"인천국제공항철도 일반열차","colour":"#0079AC"},"geometry":{"type":"LineString","coordinates":[[126.61008,37.55322],[126.60906,37.55296]]}},{"type":"Feature","properties":{"kind":"commuter","ref":"공항철도","name":"인천국제공항철도 일반열차","colour":"#0079AC"},"geometry":{"type":"LineString","coordinates":[[126.63662,37.56016],[126.63581,37.55969],[126.63464,37.55907],[126.63366,37.55864],[126.63263,37.55826],[126.63154,37.55793],[126.6305,37.55767],[126.62941,37.55742],[126.62831,37.55721],[126.62721,37.55699],[126.62611,37.55678],[126.62467,37.5565],[126.62338,37.55623],[126.62227,37.55602],[126.62113,37.55579],[126.62006,37.55558],[126.61897,37.55536],[126.61787,37.55515],[126.61678,37.55492],[126.61568,37.55468],[126.6146,37.55443],[126.61352,37.55416],[126.61223,37.55381],[126.61114,37.55351],[126.61008,37.55322]]}},{"type":"Feature","properties":{"kind":"commuter","ref":"공항철도","name":"인천국제공항철도 일반열차","colour":"#0079AC"},"geometry":{"type":"LineString","coordinates":[[126.63734,37.56062],[126.63662,37.56016]]}},{"type":"Feature","properties":{"kind":"commuter","ref":"공항철도","name":"인천국제공항철도 일반열차","colour":"#0079AC"},"geometry":{"type":"LineString","coordinates":[[126.75055,37.57029],[126.74576,37.57122],[126.74386,37.57153],[126.74242,37.57169],[126.74118,37.57177],[126.73937,37.57179]]}},{"type":"Feature","properties":{"kind":"commuter","ref":"공항철도","name":"인천국제공항철도 일반열차","colour":"#0079AC"},"geometry":{"type":"LineString","coordinates":[[126.73886,37.5718],[126.73635,37.57179],[126.73493,37.57177],[126.73342,37.57177],[126.73175,37.57177],[126.73005,37.57171],[126.71379,37.57084],[126.71106,37.57068],[126.70849,37.57057]]}},{"type":"Feature","properties":{"kind":"commuter","ref":"공항철도","name":"인천국제공항철도 일반열차","colour":"#0079AC"},"geometry":{"type":"LineString","coordinates":[[126.73937,37.57179],[126.73886,37.5718]]}},{"type":"Feature","properties":{"kind":"commuter","ref":"공항철도","name":"인천국제공항철도 일반열차","colour":"#0079AC"},"geometry":{"type":"LineString","coordinates":[[126.67782,37.56938],[126.67545,37.56924],[126.67368,37.56916],[126.67213,37.5691],[126.6702,37.56914]]}},{"type":"Feature","properties":{"kind":"commuter","ref":"공항철도","name":"인천국제공항철도 일반열차","colour":"#0079AC"},"geometry":{"type":"LineString","coordinates":[[126.70804,37.57055],[126.70106,37.57028],[126.67921,37.56941]]}},{"type":"Feature","properties":{"kind":"commuter","ref":"공항철도","name":"인천국제공항철도 일반열차","colour":"#0079AC"},"geometry":{"type":"LineString","coordinates":[[126.70849,37.57057],[126.70804,37.57055]]}},{"type":"Feature","properties":{"kind":"commuter","ref":"공항철도","name":"인천국제공항철도 일반열차","colour":"#0079AC"},"geometry":{"type":"LineString","coordinates":[[126.67921,37.56941],[126.67782,37.56938]]}},{"type":"Feature","properties":{"kind":"commuter","ref":"공항철도","name":"인천국제공항철도 일반열차","colour":"#0079AC"},"geometry":{"type":"LineString","coordinates":[[126.60668,37.55245],[126.60526,37.55215],[126.60239,37.55147],[126.59799,37.55004]]}},{"type":"Feature","properties":{"kind":"commuter","ref":"공항철도","name":"인천국제공항철도 일반열차","colour":"#0079AC"},"geometry":{"type":"LineString","coordinates":[[126.60801,37.55273],[126.60668,37.55245]]}},{"type":"Feature","properties":{"kind":"commuter","ref":"공항철도","name":"인천국제공항철도 일반열차","colour":"#0079AC"},"geometry":{"type":"LineString","coordinates":[[126.52887,37.51365],[126.52841,37.51345]]}},{"type":"Feature","properties":{"kind":"commuter","ref":"공항철도","name":"인천국제공항철도 일반열차","colour":"#0079AC"},"geometry":{"type":"LineString","coordinates":[[126.50121,37.50236],[126.5009,37.50205]]}},{"type":"Feature","properties":{"kind":"commuter","ref":"공항철도","name":"인천국제공항철도 일반열차","colour":"#0079AC"},"geometry":{"type":"LineString","coordinates":[[126.53299,37.51546],[126.53193,37.51496],[126.53063,37.51439],[126.52962,37.51396],[126.52887,37.51365]]}},{"type":"Feature","properties":{"kind":"commuter","ref":"공항철도","name":"인천국제공항철도 일반열차","colour":"#0079AC"},"geometry":{"type":"LineString","coordinates":[[126.6702,37.56914],[126.66834,37.56905],[126.66639,37.56891],[126.66393,37.56879]]}},{"type":"Feature","properties":{"kind":"commuter","ref":"공항철도","name":"인천국제공항철도 일반열차","colour":"#0079AC"},"geometry":{"type":"LineString","coordinates":[[126.6638,37.56878],[126.66227,37.56871],[126.66062,37.56866],[126.6589,37.56856],[126.65641,37.56829],[126.65497,37.56806],[126.65344,37.56776],[126.65177,37.56737],[126.64993,37.56689],[126.64822,37.56634],[126.64672,37.56579],[126.64498,37.5651],[126.64372,37.56454],[126.6421,37.56367],[126.64017,37.56253],[126.63872,37.56153],[126.63784,37.56095],[126.63734,37.56062]]}},{"type":"Feature","properties":{"kind":"commuter","ref":"공항철도","name":"인천국제공항철도 일반열차","colour":"#0079AC"},"geometry":{"type":"LineString","coordinates":[[126.66393,37.56879],[126.6638,37.56878]]}},{"type":"Feature","properties":{"kind":"commuter","ref":"공항철도","name":"인천국제공항철도 일반열차","colour":"#0079AC"},"geometry":{"type":"LineString","coordinates":[[126.4924,37.49114],[126.49175,37.49024],[126.49137,37.48975]]}},{"type":"Feature","properties":{"kind":"commuter","ref":"공항철도","name":"인천국제공항철도 일반열차","colour":"#0079AC"},"geometry":{"type":"LineString","coordinates":[[126.49271,37.49154],[126.4924,37.49114]]}},{"type":"Feature","properties":{"kind":"commuter","ref":"공항철도","name":"인천국제공항철도 일반열차","colour":"#0079AC"},"geometry":{"type":"LineString","coordinates":[[126.52297,37.51123],[126.52232,37.51096]]}},{"type":"Feature","properties":{"kind":"commuter","ref":"공항철도","name":"인천국제공항철도 일반열차","colour":"#0079AC"},"geometry":{"type":"LineString","coordinates":[[126.5393,37.51994],[126.53827,37.51916],[126.53757,37.51864],[126.53642,37.51775],[126.53555,37.51709],[126.53476,37.51653],[126.53373,37.51589],[126.53355,37.51577]]}},{"type":"Feature","properties":{"kind":"commuter","ref":"공항철도","name":"인천국제공항철도 일반열차","colour":"#0079AC"},"geometry":{"type":"LineString","coordinates":[[126.52841,37.51345],[126.52689,37.51285],[126.52648,37.51267]]}},{"type":"Feature","properties":{"kind":"commuter","ref":"공항철도","name":"인천국제공항철도 일반열차","colour":"#0079AC"},"geometry":{"type":"LineString","coordinates":[[126.49518,37.49478],[126.49477,37.49424]]}},{"type":"Feature","properties":{"kind":"commuter","ref":"공항철도","name":"인천국제공항철도 일반열차","colour":"#0079AC"},"geometry":{"type":"LineString","coordinates":[[126.50414,37.50461],[126.5038,37.50439]]}},{"type":"Feature","properties":{"kind":"commuter","ref":"공항철도","name":"인천국제공항철도 일반열차","colour":"#0079AC"},"geometry":{"type":"LineString","coordinates":[[126.51772,37.50931],[126.51729,37.50917]]}},{"type":"Feature","properties":{"kind":"commuter","ref":"공항철도","name":"인천국제공항철도 일반열차","colour":"#0079AC"},"geometry":{"type":"LineString","coordinates":[[126.53982,37.52033],[126.5393,37.51994]]}},{"type":"Feature","properties":{"kind":"commuter","ref":"공항철도","name":"인천국제공항철도 일반열차","colour":"#0079AC"},"geometry":{"type":"LineString","coordinates":[[126.52232,37.51096],[126.52134,37.51059],[126.52,37.51009],[126.51828,37.50949],[126.51772,37.50931]]}},{"type":"Feature","properties":{"kind":"commuter","ref":"공항철도","name":"인천국제공항철도 일반열차","colour":"#0079AC"},"geometry":{"type":"LineString","coordinates":[[126.5038,37.50439],[126.50278,37.50368],[126.50208,37.50313],[126.50142,37.50255],[126.50121,37.50236]]}},{"type":"Feature","properties":{"kind":"commuter","ref":"공항철도","name":"인천국제공항철도 일반열차","colour":"#0079AC"},"geometry":{"type":"LineString","coordinates":[[126.5009,37.50205],[126.50003,37.50109],[126.49942,37.50035],[126.49864,37.49932],[126.49795,37.49841],[126.49726,37.49749],[126.49658,37.49663],[126.49552,37.49521],[126.49518,37.49478]]}},{"type":"Feature","properties":{"kind":"commuter","ref":"공항철도","name":"인천국제공항철도 일반열차","colour":"#0079AC"},"geometry":{"type":"LineString","coordinates":[[126.49477,37.49424],[126.49371,37.49284],[126.49316,37.49212],[126.49271,37.49154]]}},{"type":"Feature","properties":{"kind":"commuter","ref":"공항철도","name":"인천국제공항철도 일반열차","colour":"#0079AC"},"geometry":{"type":"LineString","coordinates":[[126.51729,37.50917],[126.51509,37.50853],[126.51339,37.50804],[126.51184,37.50761],[126.51011,37.50711],[126.50908,37.50678],[126.5079,37.50638],[126.50649,37.50583],[126.50534,37.50528],[126.50453,37.50483],[126.50414,37.50461]]}},{"type":"Feature","properties":{"kind":"commuter","ref":"공항철도","name":"인천국제공항철도 일반열차","colour":"#0079AC"},"geometry":{"type":"LineString","coordinates":[[126.53355,37.51577],[126.53299,37.51546]]}},{"type":"Feature","properties":{"kind":"commuter","ref":"공항철도","name":"인천국제공항철도 일반열차","colour":"#0079AC"},"geometry":{"type":"LineString","coordinates":[[126.81796,37.56095],[126.81911,37.56127],[126.82001,37.56161],[126.8276,37.5657],[126.82877,37.56633],[126.83008,37.56703],[126.83097,37.56759],[126.83182,37.56828],[126.83251,37.56905],[126.83323,37.57023],[126.83435,37.57268]]}},{"type":"Feature","properties":{"kind":"commuter","ref":"공항철도","name":"인천국제공항철도 일반열차","colour":"#0079AC"},"geometry":{"type":"LineString","coordinates":[[126.85537,37.59472],[126.85653,37.595],[126.85747,37.59514]]}},{"type":"Feature","properties":{"kind":"commuter","ref":"공항철도","name":"인천국제공항철도 일반열차","colour":"#0079AC"},"geometry":{"type":"LineString","coordinates":[[126.8519,37.59326],[126.85289,37.59374],[126.85374,37.59412],[126.85491,37.59457],[126.85537,37.59472]]}},{"type":"Feature","properties":{"kind":"commuter","ref":"공항철도","name":"인천국제공항철도 일반열차","colour":"#0079AC"},"geometry":{"type":"LineString","coordinates":[[126.85747,37.59514],[126.85874,37.59527],[126.85905,37.59528]]}},{"type":"Feature","properties":{"kind":"commuter","ref":"공항철도","name":"인천국제공항철도 일반열차","colour":"#0079AC"},"geometry":{"type":"LineString","coordinates":[[126.83581,37.57592],[126.83624,37.57676],[126.83721,37.57819],[126.83779,37.57894],[126.84233,37.58393],[126.84485,37.58662],[126.84852,37.59063],[126.84932,37.59144],[126.85019,37.59217],[126.85109,37.59281],[126.8519,37.59326]]}},{"type":"Feature","properties":{"kind":"commuter","ref":"공항철도","name":"인천국제공항철도 일반열차","colour":"#0079AC"},"geometry":{"type":"LineString","coordinates":[[126.85905,37.59528],[126.86027,37.59526],[126.86124,37.5952]]}},{"type":"Feature","properties":{"kind":"commuter","ref":"공항철도","name":"인천국제공항철도 일반열차","colour":"#0079AC"},"geometry":{"type":"LineString","coordinates":[[126.4343,37.44127],[126.43499,37.44066],[126.43597,37.44015],[126.43694,37.43987],[126.43813,37.43979],[126.43929,37.43992],[126.44018,37.44024],[126.44364,37.44213],[126.44536,37.4431]]}},{"type":"Feature","properties":{"kind":"commuter","ref":"공항철도","name":"인천국제공항철도 일반열차","colour":"#0079AC"},"geometry":{"type":"LineString","coordinates":[[126.43001,37.46704],[126.43116,37.46762],[126.43194,37.46798]]}},{"type":"Feature","properties":{"kind":"commuter","ref":"공항철도","name":"인천국제공항철도 일반열차","colour":"#0079AC"},"geometry":{"type":"LineString","coordinates":[[126.42897,37.46644],[126.42495,37.46414],[126.42413,37.46349],[126.4234,37.46269],[126.42278,37.46187],[126.42226,37.461],[126.42187,37.45992],[126.42173,37.45825],[126.42205,37.45696],[126.42251,37.45604],[126.42389,37.45425],[126.42471,37.45322]]}},{"type":"Feature","properties":{"kind":"commuter","ref":"공항철도","name":"인천국제공항철도 일반열차","colour":"#0079AC"},"geometry":{"type":"LineString","coordinates":[[126.42471,37.45322],[126.42551,37.45222],[126.42612,37.45146],[126.42674,37.45069],[126.42739,37.44986],[126.42802,37.44906],[126.42856,37.44839],[126.42915,37.44766],[126.42992,37.4467],[126.43052,37.44594],[126.43113,37.44518],[126.43174,37.44441],[126.43235,37.44365],[126.43295,37.44291],[126.43364,37.44206],[126.4342,37.44139],[126.4343,37.44127]]}},{"type":"Feature","properties":{"kind":"commuter","ref":"공항철도","name":"인천국제공항철도 일반열차","colour":"#0079AC"},"geometry":{"type":"LineString","coordinates":[[126.86124,37.5952],[126.86236,37.59507],[126.8634,37.59488]]}},{"type":"Feature","properties":{"kind":"commuter","ref":"공항철도","name":"인천국제공항철도 일반열차","colour":"#0079AC"},"geometry":{"type":"LineString","coordinates":[[126.86645,37.59392],[126.86743,37.59358],[126.86847,37.59323],[126.86908,37.59301]]}},{"type":"Feature","properties":{"kind":"commuter","ref":"공항철도","name":"인천국제공항철도 일반열차","colour":"#0079AC"},"geometry":{"type":"LineString","coordinates":[[126.8634,37.59488],[126.86443,37.59462],[126.86535,37.59432],[126.86545,37.59429]]}},{"type":"Feature","properties":{"kind":"commuter","ref":"공항철도","name":"인천국제공항철도 일반열차","colour":"#0079AC"},"geometry":{"type":"LineString","coordinates":[[126.86935,37.59291],[126.87058,37.59248],[126.87325,37.59152]]}},{"type":"Feature","properties":{"kind":"commuter","ref":"공항철도","name":"인천국제공항철도 일반열차","colour":"#0079AC"},"geometry":{"type":"LineString","coordinates":[[126.87486,37.59094],[126.87804,37.58982]]}},{"type":"Feature","properties":{"kind":"commuter","ref":"공항철도","name":"인천국제공항철도 일반열차","colour":"#0079AC"},"geometry":{"type":"LineString","coordinates":[[126.87325,37.59152],[126.87406,37.59123]]}},{"type":"Feature","properties":{"kind":"commuter","ref":"공항철도","name":"인천국제공항철도 일반열차","colour":"#0079AC"},"geometry":{"type":"LineString","coordinates":[[126.87406,37.59123],[126.87486,37.59094]]}},{"type":"Feature","properties":{"kind":"commuter","ref":"공항철도","name":"인천국제공항철도 일반열차","colour":"#0079AC"},"geometry":{"type":"LineString","coordinates":[[126.88028,37.58899],[126.88138,37.58858],[126.88226,37.58826],[126.8831,37.58788],[126.88379,37.58745]]}},{"type":"Feature","properties":{"kind":"commuter","ref":"공항철도","name":"인천국제공항철도 일반열차","colour":"#0079AC"},"geometry":{"type":"LineString","coordinates":[[126.75055,37.57029],[126.75203,37.56998],[126.75324,37.56988],[126.75451,37.56986],[126.75638,37.56986],[126.75827,37.57],[126.75994,37.57029],[126.76146,37.57068],[126.76273,37.57114],[126.77169,37.57504],[126.77375,37.57549],[126.77519,37.57547],[126.77668,37.57531],[126.77804,37.57498],[126.77916,37.57457],[126.78005,37.5741],[126.78086,37.57362],[126.78541,37.56921],[126.79241,37.56314],[126.79357,37.56248],[126.79517,37.56216],[126.79793,37.56201],[126.79987,37.56189],[126.80155,37.56179],[126.809,37.56137],[126.81363,37.56102],[126.8163,37.56085],[126.81752,37.56087],[126.81796,37.56095]]}},{"type":"Feature","properties":{"kind":"commuter","ref":"공항철도","name":"인천국제공항철도 일반열차","colour":"#0079AC"},"geometry":{"type":"LineString","coordinates":[[126.83435,37.57268],[126.83561,37.5755],[126.83581,37.57592]]}},{"type":"Feature","properties":{"kind":"commuter","ref":"공항철도","name":"인천국제공항철도 일반열차","colour":"#0079AC"},"geometry":{"type":"LineString","coordinates":[[126.88379,37.58745],[126.88461,37.58685],[126.88544,37.58623],[126.88616,37.58545],[126.88671,37.58463],[126.88866,37.58324],[126.88945,37.58278],[126.89187,37.58152],[126.8928,37.58096],[126.89403,37.58013],[126.89694,37.57819]]}},{"type":"Feature","properties":{"kind":"commuter","ref":"공항철도","name":"인천국제공항철도 일반열차","colour":"#0079AC"},"geometry":{"type":"LineString","coordinates":[[126.45114,37.44632],[126.4527,37.44726],[126.45371,37.44782],[126.4542,37.44803]]}},{"type":"Feature","properties":{"kind":"commuter","ref":"공항철도","name":"인천국제공항철도 일반열차","colour":"#0079AC"},"geometry":{"type":"LineString","coordinates":[[126.45484,37.4484],[126.45748,37.44992],[126.46006,37.4514],[126.4617,37.45233],[126.46372,37.45301],[126.46668,37.45355],[126.46799,37.4539],[126.46907,37.45419],[126.47166,37.45557],[126.47763,37.45891],[126.47882,37.45957],[126.48106,37.46086],[126.48205,37.4615],[126.48277,37.46207],[126.48355,37.4628],[126.4843,37.46364],[126.48489,37.46468],[126.48534,37.46581],[126.48565,37.4669],[126.48576,37.46842],[126.48559,37.46967],[126.48506,37.47233],[126.4848,37.47354],[126.48452,37.47497],[126.48434,37.4765],[126.48439,37.47802],[126.48463,37.47923],[126.48508,37.48078],[126.48578,37.48246],[126.48651,37.4837],[126.48771,37.48522],[126.48933,37.4872],[126.49077,37.48893],[126.49137,37.48975]]}},{"type":"Feature","properties":{"kind":"commuter","ref":"공항철도","name":"인천국제공항철도 일반열차","colour":"#0079AC"},"geometry":{"type":"LineString","coordinates":[[126.73524,37.57184],[126.73726,37.57181],[126.73524,37.57184]]}},{"type":"Feature","properties":{"kind":"commuter","ref":"공항철도","name":"인천국제공항철도 일반열차","colour":"#0079AC"},"geometry":{"type":"LineString","coordinates":[[126.45438,37.44814],[126.45484,37.4484]]}},{"type":"Feature","properties":{"kind":"commuter","ref":"공항철도","name":"인천국제공항철도 일반열차","colour":"#0079AC"},"geometry":{"type":"LineString","coordinates":[[126.4542,37.44803],[126.45438,37.44814]]}},{"type":"Feature","properties":{"kind":"commuter","ref":"공항철도","name":"인천국제공항철도 일반열차","colour":"#0079AC"},"geometry":{"type":"LineString","coordinates":[[126.45045,37.44594],[126.45114,37.44632]]}},{"type":"Feature","properties":{"kind":"commuter","ref":"공항철도","name":"인천국제공항철도 일반열차","colour":"#0079AC"},"geometry":{"type":"LineString","coordinates":[[126.45002,37.4457],[126.45045,37.44594]]}},{"type":"Feature","properties":{"kind":"commuter","ref":"공항철도","name":"인천국제공항철도 일반열차","colour":"#0079AC"},"geometry":{"type":"LineString","coordinates":[[126.44536,37.4431],[126.45002,37.4457]]}},{"type":"Feature","properties":{"kind":"commuter","ref":"공항철도","name":"인천국제공항철도 일반열차","colour":"#0079AC"},"geometry":{"type":"LineString","coordinates":[[126.42976,37.46689],[126.42897,37.46644]]}},{"type":"Feature","properties":{"kind":"commuter","ref":"공항철도","name":"인천국제공항철도 일반열차","colour":"#0079AC"},"geometry":{"type":"LineString","coordinates":[[126.43001,37.46704],[126.42976,37.46689]]}},{"type":"Feature","properties":{"kind":"commuter","ref":"공항철도","name":"인천국제공항철도 일반열차","colour":"#0079AC"},"geometry":{"type":"LineString","coordinates":[[126.52648,37.51267],[126.52486,37.51202],[126.52326,37.51135]]}},{"type":"Feature","properties":{"kind":"commuter","ref":"공항철도","name":"인천국제공항철도 일반열차","colour":"#0079AC"},"geometry":{"type":"LineString","coordinates":[[126.52326,37.51135],[126.52297,37.51123]]}},{"type":"Feature","properties":{"kind":"commuter","ref":"공항철도","name":"인천국제공항철도 일반열차","colour":"#0079AC"},"geometry":{"type":"LineString","coordinates":[[126.45329,37.44757],[126.45217,37.44687],[126.45329,37.44757]]}},{"type":"Feature","properties":{"kind":"commuter","ref":"공항철도","name":"인천국제공항철도 일반열차","colour":"#0079AC"},"geometry":{"type":"LineString","coordinates":[[126.43194,37.46798],[126.4335,37.46889],[126.4353,37.46994]]}},{"type":"Feature","properties":{"kind":"commuter","ref":"공항철도","name":"인천국제공항철도 일반열차","colour":"#0079AC"},"geometry":{"type":"LineString","coordinates":[[126.89694,37.57819],[126.89806,37.57743],[126.89902,37.57679],[126.8994,37.57654]]}},{"type":"Feature","properties":{"kind":"commuter","ref":"공항철도","name":"인천국제공항철도 일반열차","colour":"#0079AC"},"geometry":{"type":"LineString","coordinates":[[126.8994,37.57654],[126.90016,37.57604],[126.90249,37.57441],[126.90349,37.57381],[126.90483,37.57302],[126.90643,37.57209],[126.90749,37.57148],[126.90855,37.5709],[126.90957,37.57041],[126.91048,37.57002],[126.91163,37.56956],[126.91256,37.5692],[126.91361,37.5688],[126.91473,37.56832],[126.91586,37.56782],[126.91674,37.56745],[126.91767,37.56708],[126.9187,37.56662],[126.91978,37.56569],[126.92077,37.56448],[126.92144,37.56363],[126.92198,37.56297],[126.92252,37.56228],[126.92328,37.56135],[126.92383,37.56065],[126.92461,37.55967],[126.92539,37.55871],[126.92602,37.558],[126.92677,37.55742],[126.92753,37.55696],[126.92853,37.55653],[126.92953,37.5561],[126.93045,37.55562],[126.93146,37.55496],[126.93259,37.55416],[126.93342,37.55357],[126.93421,37.553],[126.93542,37.55213],[126.93674,37.55117],[126.93748,37.55056],[126.93807,37.54977],[126.93863,37.54909],[126.93923,37.54835],[126.94018,37.54751],[126.94106,37.54698],[126.94202,37.54661],[126.94321,37.54626],[126.94451,37.54588],[126.94577,37.54539],[126.94659,37.54501],[126.94809,37.54433],[126.94969,37.54361],[126.95073,37.54312],[126.952,37.54254],[126.95344,37.54185],[126.95446,37.54139],[126.95555,37.54077],[126.95661,37.54012],[126.95815,37.53955],[126.96183,37.53866],[126.96335,37.5383],[126.96448,37.53821],[126.96593,37.53825],[126.96688,37.53865],[126.96785,37.53925],[126.96898,37.54025],[126.97005,37.54117],[126.97064,37.5418],[126.97093,37.54311],[126.9708,37.5443],[126.97042,37.54597],[126.97023,37.54704],[126.96996,37.54966],[126.96986,37.55129],[126.96982,37.5519]]}},{"type":"Feature","properties":{"kind":"commuter","ref":"공항철도","name":"인천국제공항철도 일반열차","colour":"#0079AC"},"geometry":{"type":"LineString","coordinates":[[126.96982,37.5519],[126.96981,37.55411]]}},{"type":"Feature","properties":{"kind":"commuter","ref":"공항철도","name":"인천국제공항철도 일반열차","colour":"#0079AC"},"geometry":{"type":"LineString","coordinates":[[126.86545,37.59429],[126.86645,37.59392]]}},{"type":"Feature","properties":{"kind":"commuter","ref":"공항철도","name":"인천국제공항철도 일반열차","colour":"#0079AC"},"geometry":{"type":"LineString","coordinates":[[126.86908,37.59301],[126.86935,37.59291]]}},{"type":"Feature","properties":{"kind":"commuter","ref":"공항철도","name":"인천국제공항철도 일반열차","colour":"#0079AC"},"geometry":{"type":"LineString","coordinates":[[126.87872,37.58957],[126.87986,37.58915]]}},{"type":"Feature","properties":{"kind":"commuter","ref":"공항철도","name":"인천국제공항철도 일반열차","colour":"#0079AC"},"geometry":{"type":"LineString","coordinates":[[126.87986,37.58915],[126.88028,37.58899]]}},{"type":"Feature","properties":{"kind":"commuter","ref":"공항철도","name":"인천국제공항철도 일반열차","colour":"#0079AC"},"geometry":{"type":"LineString","coordinates":[[126.87804,37.58982],[126.87849,37.58966]]}},{"type":"Feature","properties":{"kind":"commuter","ref":"공항철도","name":"인천국제공항철도 일반열차","colour":"#0079AC"},"geometry":{"type":"LineString","coordinates":[[126.87849,37.58966],[126.87872,37.58957]]}},{"type":"Feature","properties":{"kind":"commuter","ref":"공항철도","name":"인천국제공항철도 일반열차","colour":"#0079AC"},"geometry":{"type":"LineString","coordinates":[[126.4353,37.46994],[126.43546,37.47004]]}},{"type":"Feature","properties":{"kind":"label","ref":"공항철도","name":"인천국제공항철도 일반열차","colour":"#0079AC"},"geometry":{"type":"Point","coordinates":[126.93596,37.55173]}},{"type":"Feature","properties":{"kind":"subway","ref":"용인","name":"용인 경전철","colour":"#44A436"},"geometry":{"type":"LineString","coordinates":[[127.22062,37.27705],[127.21971,37.2767],[127.21858,37.27624],[127.21749,37.27561],[127.21643,37.27478],[127.21567,37.27416],[127.21489,37.2734],[127.21432,37.27248],[127.214,37.27049],[127.21387,37.26918],[127.21372,37.26778],[127.2136,37.26653],[127.21454,37.26515],[127.21529,37.26435],[127.21585,37.26352],[127.21658,37.26233],[127.21714,37.26141],[127.21762,37.26058],[127.21838,37.25918],[127.21889,37.25721],[127.21918,37.25601],[127.21944,37.25489],[127.21964,37.25364],[127.21934,37.25266],[127.21823,37.2515],[127.21708,37.25065],[127.21628,37.25002],[127.21543,37.24895],[127.21489,37.24696],[127.21458,37.24563],[127.21411,37.24441],[127.21336,37.24322],[127.2128,37.24227],[127.21244,37.24137],[127.21202,37.24018],[127.21113,37.23881],[127.21043,37.23804],[127.20884,37.23782],[127.20708,37.2378],[127.20533,37.23747],[127.20343,37.23694],[127.20233,37.23678],[127.19955,37.23718],[127.19845,37.23729],[127.19521,37.23722],[127.19368,37.23724],[127.19129,37.2377],[127.19008,37.23808],[127.18916,37.23838],[127.18767,37.23854],[127.18614,37.23864],[127.18438,37.2389],[127.18268,37.23927],[127.18158,37.23945],[127.18031,37.23941],[127.17867,37.23934],[127.17644,37.2392],[127.17521,37.23914],[127.17373,37.23956],[127.16971,37.24129],[127.16885,37.24175],[127.16815,37.24227],[127.16747,37.24285],[127.16644,37.24376],[127.16569,37.24447],[127.16471,37.24532],[127.16457,37.24641],[127.16664,37.24847],[127.16773,37.24957],[127.16827,37.25037],[127.16839,37.25157],[127.16794,37.25256],[127.16695,37.2536],[127.16592,37.25467],[127.16513,37.25556],[127.16432,37.25662],[127.16354,37.25753],[127.16249,37.25846],[127.1608,37.25971],[127.15977,37.2606],[127.15901,37.26141],[127.15819,37.26242],[127.15753,37.2631],[127.15673,37.26386],[127.15565,37.26495],[127.15499,37.26586],[127.15449,37.26663],[127.15379,37.26766],[127.15295,37.26883],[127.15244,37.26953],[127.15178,37.27038],[127.15081,37.27138],[127.15016,37.27214],[127.14936,37.27365],[127.14886,37.27439],[127.14815,37.27494],[127.14729,37.27531],[127.14604,37.27549],[127.14494,37.27537],[127.14354,37.2749],[127.13968,37.27349],[127.13872,37.27298],[127.13815,37.27228],[127.13773,37.27099],[127.13714,37.27003],[127.13503,37.26877],[127.13406,37.2684],[127.13266,37.26809],[127.13113,37.26804],[127.12965,37.26829],[127.12821,37.26882],[127.12729,37.26939],[127.12618,37.27014],[127.12474,37.27135],[127.12348,37.27252],[127.12225,37.27346],[127.12049,37.27481],[127.11962,37.27515],[127.11821,37.27535],[127.11713,37.27548]]}},{"type":"Feature","properties":{"kind":"subway","ref":"용인","name":"용인 경전철","colour":"#44A436"},"geometry":{"type":"LineString","coordinates":[[127.21967,37.28524],[127.21976,37.28518]]}},{"type":"Feature","properties":{"kind":"subway","ref":"용인","name":"용인 경전철","colour":"#44A436"},"geometry":{"type":"LineString","coordinates":[[127.21976,37.28518],[127.22095,37.28439],[127.22272,37.28321],[127.22375,37.28252],[127.22446,37.2818],[127.22426,37.28054],[127.22327,37.27891],[127.22273,37.2781],[127.22188,37.2775],[127.22062,37.27705]]}},{"type":"Feature","properties":{"kind":"subway","ref":"용인","name":"용인 경전철","colour":"#44A436"},"geometry":{"type":"LineString","coordinates":[[127.11713,37.27548],[127.11649,37.2755]]}},{"type":"Feature","properties":{"kind":"label","ref":"용인","name":"용인 경전철","colour":"#44A436"},"geometry":{"type":"Point","coordinates":[127.16644,37.24376]}},{"type":"Feature","properties":{"kind":"subway","ref":"6","name":"서울 지하철 6호선","colour":"#7C4932"},"geometry":{"type":"LineString","coordinates":[[126.9157,37.59877],[126.91628,37.59941],[126.91743,37.59985],[126.91893,37.60026],[126.91991,37.60074],[126.9228,37.60605],[126.92339,37.60709],[126.92477,37.60782],[126.9257,37.60828],[126.92741,37.60939],[126.92821,37.60984],[126.92897,37.6106],[126.93119,37.61186],[126.93269,37.61493],[126.93316,37.61739],[126.93296,37.61862],[126.93225,37.61964],[126.93144,37.62066],[126.93039,37.62129],[126.92901,37.62153],[126.92692,37.62135],[126.92523,37.62086],[126.92428,37.62039],[126.92231,37.61916],[126.92053,37.61863],[126.91797,37.61507],[126.91719,37.61136],[126.9169,37.61042],[126.91619,37.60933],[126.91572,37.6086],[126.91533,37.60709],[126.91568,37.60437],[126.91615,37.60075],[126.91547,37.59844]]}},{"type":"Feature","properties":{"kind":"subway","ref":"6","name":"서울 지하철 6호선","colour":"#7C4932"},"geometry":{"type":"LineString","coordinates":[[127.00176,37.53982],[127.00206,37.54207],[127.00193,37.54342],[127.00214,37.54462],[127.00269,37.54571],[127.00362,37.54662],[127.00441,37.54713],[127.00544,37.54761],[127.00634,37.54802],[127.00714,37.54865],[127.00766,37.54953],[127.00826,37.55054],[127.00931,37.55232],[127.01001,37.55347],[127.01078,37.55502],[127.01385,37.56029],[127.01549,37.56315],[127.01601,37.5641],[127.01624,37.56533],[127.01613,37.56712],[127.01587,37.57023],[127.0158,37.57141],[127.01565,37.57313],[127.01573,37.57484],[127.01551,37.57681],[127.01538,37.57868],[127.01527,37.57979],[127.01521,37.5812],[127.01559,37.58282],[127.01625,37.58357],[127.01733,37.58438],[127.01881,37.58507],[127.0206,37.58572],[127.02244,37.58628],[127.02367,37.58644],[127.02482,37.58626],[127.02746,37.5862],[127.02933,37.58628]]}},{"type":"Feature","properties":{"kind":"subway","ref":"6","name":"서울 지하철 6호선","colour":"#7C4932"},"geometry":{"type":"LineString","coordinates":[[127.04101,37.60105],[127.04149,37.60192],[127.04239,37.60284],[127.04319,37.60345],[127.04409,37.60403],[127.04826,37.60621],[127.05649,37.61053],[127.06094,37.61293],[127.06212,37.61359],[127.06332,37.6142],[127.06473,37.61465],[127.06577,37.61488],[127.06857,37.61549],[127.07013,37.61582],[127.07216,37.61644],[127.07365,37.61694],[127.07509,37.61742],[127.07618,37.61779],[127.07865,37.61864],[127.08036,37.61917],[127.08226,37.61954],[127.08372,37.61976],[127.08502,37.61991],[127.0863,37.61956],[127.09107,37.61739]]}},{"type":"Feature","properties":{"kind":"subway","ref":"6","name":"서울 지하철 6호선","colour":"#7C4932"},"geometry":{"type":"LineString","coordinates":[[126.91547,37.59844],[126.91413,37.5934],[126.91378,37.59228],[126.91348,37.59109],[126.9132,37.58968],[126.91274,37.58742],[126.91208,37.58627],[126.91148,37.58563],[126.90986,37.58413],[126.90694,37.58137],[126.90144,37.57622],[126.9007,37.57551],[126.89974,37.57376],[126.89951,37.5727],[126.8993,37.57021],[126.89942,37.56776],[126.89969,37.56682],[126.90037,37.56609],[126.90154,37.56533],[126.90337,37.56352],[126.91012,37.55598],[126.91167,37.55422],[126.91321,37.54953],[126.91388,37.54887],[126.91834,37.54791],[126.92292,37.54774],[126.93167,37.54746],[126.93413,37.54739],[126.93552,37.54743],[126.93745,37.54803],[126.93863,37.54844],[126.93979,37.54861],[126.94163,37.54799],[126.94232,37.54769]]}},{"type":"Feature","properties":{"kind":"subway","ref":"6","name":"서울 지하철 6호선","colour":"#7C4932"},"geometry":{"type":"LineString","coordinates":[[126.95152,37.54364],[126.95576,37.54174],[126.95814,37.54063],[126.96135,37.53931],[126.9642,37.53852],[126.9664,37.53798],[126.97098,37.53658],[126.97355,37.53575],[126.97451,37.53528],[126.97544,37.53468],[126.9817,37.53479],[126.98566,37.53492],[126.98709,37.53453],[126.98822,37.5341],[126.99439,37.53448],[126.99591,37.53456],[126.99716,37.53464],[126.99822,37.53489],[126.99902,37.53545],[126.99971,37.53601],[127.00055,37.53682],[127.0013,37.53777],[127.0017,37.53868],[127.00176,37.53982]]}},{"type":"Feature","properties":{"kind":"subway","ref":"6","name":"서울 지하철 6호선","colour":"#7C4932"},"geometry":{"type":"LineString","coordinates":[[127.02933,37.58628],[127.03271,37.5864],[127.03561,37.58915],[127.03615,37.59089],[127.03637,37.59238],[127.03714,37.5934],[127.03902,37.59691],[127.03963,37.59823],[127.04036,37.59986],[127.04101,37.60105]]}},{"type":"Feature","properties":{"kind":"subway","ref":"6","name":"서울 지하철 6호선","colour":"#7C4932"},"geometry":{"type":"LineString","coordinates":[[126.94232,37.54769],[126.95152,37.54364]]}},{"type":"Feature","properties":{"kind":"label","ref":"6","name":"서울 지하철 6호선","colour":"#7C4932"},"geometry":{"type":"Point","coordinates":[127.01078,37.55502]}},{"type":"Feature","properties":{"kind":"subway","ref":"5","name":"서울 지하철 5호선","colour":"#794698"},"geometry":{"type":"LineString","coordinates":[[127.13097,37.53635],[127.13246,37.53592],[127.13422,37.53543],[127.13522,37.53514],[127.13622,37.5348],[127.13708,37.53431],[127.13785,37.53349],[127.13816,37.53252],[127.13789,37.53158],[127.13726,37.53035],[127.1368,37.52907],[127.13628,37.52779],[127.1342,37.52226]]}},{"type":"Feature","properties":{"kind":"subway","ref":"5","name":"서울 지하철 5호선","colour":"#794698"},"geometry":{"type":"LineString","coordinates":[[127.1342,37.52226],[127.13356,37.5205],[127.1332,37.51957],[127.13096,37.51613],[127.12607,37.50862],[127.12556,37.50782],[127.12467,37.50642],[127.1244,37.50522],[127.12486,37.50436],[127.12581,37.50358],[127.12784,37.50223],[127.13084,37.50024],[127.13485,37.49811],[127.14377,37.49338],[127.14463,37.49303],[127.14914,37.49287],[127.15275,37.49499]]}},{"type":"Feature","properties":{"kind":"label","ref":"5","name":"서울 지하철 5호선","colour":"#794698"},"geometry":{"type":"Point","coordinates":[127.13801,37.5332]}},{"type":"Feature","properties":{"kind":"subway","ref":"1","name":"수도권 전철 1호선 광명셔틀","colour":"#004A85"},"geometry":{"type":"LineString","coordinates":[[126.89758,37.43991],[126.8982,37.44135],[126.89852,37.4429],[126.89846,37.4447],[126.89801,37.44643],[126.89716,37.44838]]}},{"type":"Feature","properties":{"kind":"subway","ref":"1","name":"수도권 전철 1호선 광명셔틀","colour":"#004A85"},"geometry":{"type":"LineString","coordinates":[[126.89716,37.44838],[126.89654,37.44984],[126.89614,37.45074]]}},{"type":"Feature","properties":{"kind":"subway","ref":"1","name":"수도권 전철 1호선 광명셔틀","colour":"#004A85"},"geometry":{"type":"LineString","coordinates":[[126.89614,37.45074],[126.89559,37.45195]]}},{"type":"Feature","properties":{"kind":"subway","ref":"1","name":"수도권 전철 1호선 광명셔틀","colour":"#004A85"},"geometry":{"type":"LineString","coordinates":[[126.90287,37.51357],[126.90564,37.51477],[126.90676,37.51523]]}},{"type":"Feature","properties":{"kind":"subway","ref":"1","name":"수도권 전철 1호선 광명셔틀","colour":"#004A85"},"geometry":{"type":"LineString","coordinates":[[126.87886,37.49803],[126.87867,37.49909],[126.87895,37.50014],[126.87962,37.50094],[126.88005,37.50131]]}},{"type":"Feature","properties":{"kind":"subway","ref":"1","name":"수도권 전철 1호선 광명셔틀","colour":"#004A85"},"geometry":{"type":"LineString","coordinates":[[126.87956,37.49381],[126.87953,37.49502],[126.87928,37.4964],[126.87886,37.49803]]}},{"type":"Feature","properties":{"kind":"subway","ref":"1","name":"수도권 전철 1호선 광명셔틀","colour":"#004A85"},"geometry":{"type":"LineString","coordinates":[[126.88005,37.50131],[126.88134,37.50242],[126.88237,37.50335]]}},{"type":"Feature","properties":{"kind":"subway","ref":"1","name":"수도권 전철 1호선 광명셔틀","colour":"#004A85"},"geometry":{"type":"LineString","coordinates":[[126.89463,37.45385],[126.89515,37.45294]]}},{"type":"Feature","properties":{"kind":"subway","ref":"1","name":"수도권 전철 1호선 광명셔틀","colour":"#004A85"},"geometry":{"type":"LineString","coordinates":[[126.89982,37.51244],[126.90043,37.51265]]}},{"type":"Feature","properties":{"kind":"subway","ref":"1","name":"수도권 전철 1호선 광명셔틀","colour":"#004A85"},"geometry":{"type":"LineString","coordinates":[[126.90076,37.51279],[126.90193,37.51317]]}},{"type":"Feature","properties":{"kind":"subway","ref":"1","name":"수도권 전철 1호선 광명셔틀","colour":"#004A85"},"geometry":{"type":"LineString","coordinates":[[126.88565,37.50552],[126.88654,37.50609],[126.88721,37.5065]]}},{"type":"Feature","properties":{"kind":"subway","ref":"1","name":"수도권 전철 1호선 광명셔틀","colour":"#004A85"},"geometry":{"type":"LineString","coordinates":[[126.88599,37.41904],[126.88674,37.42045],[126.88755,37.42185],[126.8881,37.42253]]}},{"type":"Feature","properties":{"kind":"subway","ref":"1","name":"수도권 전철 1호선 광명셔틀","colour":"#004A85"},"geometry":{"type":"LineString","coordinates":[[126.88599,37.41904],[126.88544,37.41836]]}},{"type":"Feature","properties":{"kind":"subway","ref":"1","name":"수도권 전철 1호선 광명셔틀","colour":"#004A85"},"geometry":{"type":"LineString","coordinates":[[126.89559,37.45195],[126.89515,37.45294]]}},{"type":"Feature","properties":{"kind":"subway","ref":"1","name":"수도권 전철 1호선 광명셔틀","colour":"#004A85"},"geometry":{"type":"LineString","coordinates":[[126.89463,37.45385],[126.89348,37.4564]]}},{"type":"Feature","properties":{"kind":"subway","ref":"1","name":"수도권 전철 1호선 광명셔틀","colour":"#004A85"},"geometry":{"type":"LineString","coordinates":[[126.89348,37.4564],[126.89187,37.46029],[126.8912,37.46192],[126.8907,37.46312],[126.88984,37.46505],[126.88904,37.46688],[126.887,37.47145],[126.88364,37.47906],[126.88296,37.48058],[126.88216,37.48238]]}},{"type":"Feature","properties":{"kind":"subway","ref":"1","name":"수도권 전철 1호선 광명셔틀","colour":"#004A85"},"geometry":{"type":"LineString","coordinates":[[126.88511,37.50524],[126.88565,37.50552]]}},{"type":"Feature","properties":{"kind":"subway","ref":"1","name":"수도권 전철 1호선 광명셔틀","colour":"#004A85"},"geometry":{"type":"LineString","coordinates":[[126.89257,37.50942],[126.89362,37.50987],[126.89635,37.51102],[126.89744,37.51148],[126.8988,37.51203]]}},{"type":"Feature","properties":{"kind":"subway","ref":"1","name":"수도권 전철 1호선 광명셔틀","colour":"#004A85"},"geometry":{"type":"LineString","coordinates":[[126.89204,37.50919],[126.89257,37.50942]]}},{"type":"Feature","properties":{"kind":"subway","ref":"1","name":"수도권 전철 1호선 광명셔틀","colour":"#004A85"},"geometry":{"type":"LineString","coordinates":[[126.88721,37.5065],[126.88813,37.50708],[126.88918,37.50773],[126.89,37.50823],[126.89134,37.5089],[126.89204,37.50919]]}},{"type":"Feature","properties":{"kind":"subway","ref":"1","name":"수도권 전철 1호선 광명셔틀","colour":"#004A85"},"geometry":{"type":"LineString","coordinates":[[126.8847,37.41699],[126.88514,37.4178]]}},{"type":"Feature","properties":{"kind":"subway","ref":"1","name":"수도권 전철 1호선 광명셔틀","colour":"#004A85"},"geometry":{"type":"LineString","coordinates":[[126.90193,37.51317],[126.90287,37.51357]]}},{"type":"Feature","properties":{"kind":"subway","ref":"1","name":"수도권 전철 1호선 광명셔틀","colour":"#004A85"},"geometry":{"type":"LineString","coordinates":[[126.90076,37.51279],[126.90043,37.51265]]}},{"type":"Feature","properties":{"kind":"subway","ref":"1","name":"수도권 전철 1호선 광명셔틀","colour":"#004A85"},"geometry":{"type":"LineString","coordinates":[[126.88216,37.48238],[126.88148,37.48394],[126.88056,37.486],[126.88012,37.48716],[126.87995,37.48836],[126.87979,37.49066],[126.87968,37.49207],[126.87956,37.49381]]}},{"type":"Feature","properties":{"kind":"subway","ref":"1","name":"수도권 전철 1호선 광명셔틀","colour":"#004A85"},"geometry":{"type":"LineString","coordinates":[[126.8881,37.42253],[126.88938,37.42489],[126.89706,37.43894],[126.89758,37.43991]]}},{"type":"Feature","properties":{"kind":"subway","ref":"1","name":"수도권 전철 1호선 광명셔틀","colour":"#004A85"},"geometry":{"type":"LineString","coordinates":[[126.88514,37.4178],[126.88544,37.41836]]}},{"type":"Feature","properties":{"kind":"subway","ref":"1","name":"수도권 전철 1호선 광명셔틀","colour":"#004A85"},"geometry":{"type":"LineString","coordinates":[[126.88237,37.50335],[126.88323,37.5041],[126.88423,37.50479],[126.88511,37.50524]]}},{"type":"Feature","properties":{"kind":"subway","ref":"1","name":"수도권 전철 1호선 광명셔틀","colour":"#004A85"},"geometry":{"type":"LineString","coordinates":[[126.8988,37.51203],[126.89967,37.51237],[126.89982,37.51244]]}},{"type":"Feature","properties":{"kind":"subway","ref":"1","name":"수도권 전철 1호선 광명셔틀","colour":"#004A85"},"geometry":{"type":"LineString","coordinates":[[126.90676,37.51523],[126.90729,37.51545]]}},{"type":"Feature","properties":{"kind":"label","ref":"1","name":"수도권 전철 1호선 광명셔틀","colour":"#004A85"},"geometry":{"type":"Point","coordinates":[126.87995,37.48836]}},{"type":"Feature","properties":{"kind":"commuter","ref":"경의·중앙","name":"경의·중앙선","colour":"#6AC2B3"},"geometry":{"type":"LineString","coordinates":[[126.969,37.53286],[126.96924,37.53385],[126.96905,37.53479]]}},{"type":"Feature","properties":{"kind":"commuter","ref":"경의·중앙","name":"경의·중앙선","colour":"#6AC2B3"},"geometry":{"type":"LineString","coordinates":[[126.96733,37.53127],[126.96818,37.53189],[126.96887,37.53262],[126.969,37.53286]]}},{"type":"Feature","properties":{"kind":"commuter","ref":"경의·중앙","name":"경의·중앙선","colour":"#6AC2B3"},"geometry":{"type":"LineString","coordinates":[[126.96905,37.53479],[126.96886,37.53515]]}},{"type":"Feature","properties":{"kind":"commuter","ref":"경의·중앙","name":"경의·중앙선","colour":"#6AC2B3"},"geometry":{"type":"LineString","coordinates":[[126.96733,37.53127],[126.96641,37.53059]]}},{"type":"Feature","properties":{"kind":"commuter","ref":"경의·중앙","name":"경의·중앙선","colour":"#6AC2B3"},"geometry":{"type":"LineString","coordinates":[[127.38344,37.51496],[127.3822,37.51551]]}},{"type":"Feature","properties":{"kind":"commuter","ref":"경의·중앙","name":"경의·중앙선","colour":"#6AC2B3"},"geometry":{"type":"LineString","coordinates":[[127.3822,37.51551],[127.38174,37.51573]]}},{"type":"Feature","properties":{"kind":"commuter","ref":"경의·중앙","name":"경의·중앙선","colour":"#6AC2B3"},"geometry":{"type":"LineString","coordinates":[[127.37882,37.51814],[127.37798,37.51918],[127.37651,37.52114],[127.3761,37.52171]]}},{"type":"Feature","properties":{"kind":"commuter","ref":"경의·중앙","name":"경의·중앙선","colour":"#6AC2B3"},"geometry":{"type":"LineString","coordinates":[[127.38174,37.51573],[127.3809,37.51621],[127.38005,37.51683],[127.37926,37.51761],[127.37882,37.51814]]}},{"type":"Feature","properties":{"kind":"commuter","ref":"경의·중앙","name":"경의·중앙선","colour":"#6AC2B3"},"geometry":{"type":"LineString","coordinates":[[127.39105,37.51435],[127.38964,37.5141],[127.3884,37.51402],[127.38693,37.51408],[127.38517,37.51436],[127.38372,37.51485]]}},{"type":"Feature","properties":{"kind":"commuter","ref":"경의·중앙","name":"경의·중앙선","colour":"#6AC2B3"},"geometry":{"type":"LineString","coordinates":[[127.38372,37.51485],[127.38344,37.51496]]}},{"type":"Feature","properties":{"kind":"commuter","ref":"경의·중앙","name":"경의·중앙선","colour":"#6AC2B3"},"geometry":{"type":"LineString","coordinates":[[127.3761,37.52171],[127.37451,37.52368]]}},{"type":"Feature","properties":{"kind":"commuter","ref":"경의·중앙","name":"경의·중앙선","colour":"#6AC2B3"},"geometry":{"type":"LineString","coordinates":[[127.37451,37.52368],[127.37246,37.52624],[127.37157,37.52732],[127.37088,37.52817]]}},{"type":"Feature","properties":{"kind":"commuter","ref":"경의·중앙","name":"경의·중앙선","colour":"#6AC2B3"},"geometry":{"type":"LineString","coordinates":[[127.36676,37.53286],[127.36631,37.53322]]}},{"type":"Feature","properties":{"kind":"commuter","ref":"경의·중앙","name":"경의·중앙선","colour":"#6AC2B3"},"geometry":{"type":"LineString","coordinates":[[127.36879,37.5308],[127.36808,37.53158],[127.3673,37.53235],[127.36676,37.53286]]}},{"type":"Feature","properties":{"kind":"commuter","ref":"경의·중앙","name":"경의·중앙선","colour":"#6AC2B3"},"geometry":{"type":"LineString","coordinates":[[127.36899,37.53055],[127.36879,37.5308]]}},{"type":"Feature","properties":{"kind":"commuter","ref":"경의·중앙","name":"경의·중앙선","colour":"#6AC2B3"},"geometry":{"type":"LineString","coordinates":[[127.37088,37.52817],[127.36899,37.53055]]}},{"type":"Feature","properties":{"kind":"commuter","ref":"경의·중앙","name":"경의·중앙선","colour":"#6AC2B3"},"geometry":{"type":"LineString","coordinates":[[127.36631,37.53322],[127.3653,37.5339],[127.36444,37.53441],[127.3629,37.53517],[127.36107,37.53586],[127.35935,37.53636],[127.35493,37.53754]]}},{"type":"Feature","properties":{"kind":"commuter","ref":"경의·중앙","name":"경의·중앙선","colour":"#6AC2B3"},"geometry":{"type":"LineString","coordinates":[[127.35493,37.53754],[127.35486,37.53756]]}},{"type":"Feature","properties":{"kind":"commuter","ref":"경의·중앙","name":"경의·중앙선","colour":"#6AC2B3"},"geometry":{"type":"LineString","coordinates":[[127.35486,37.53756],[127.35383,37.53786]]}},{"type":"Feature","properties":{"kind":"commuter","ref":"경의·중앙","name":"경의·중앙선","colour":"#6AC2B3"},"geometry":{"type":"LineString","coordinates":[[127.35383,37.53786],[127.35367,37.5379]]}},{"type":"Feature","properties":{"kind":"commuter","ref":"경의·중앙","name":"경의·중앙선","colour":"#6AC2B3"},"geometry":{"type":"LineString","coordinates":[[127.35367,37.5379],[127.33626,37.54262],[127.33604,37.54273]]}},{"type":"Feature","properties":{"kind":"commuter","ref":"경의·중앙","name":"경의·중앙선","colour":"#6AC2B3"},"geometry":{"type":"LineString","coordinates":[[127.33194,37.54459],[127.33001,37.54553],[127.32814,37.54641],[127.32461,37.54807],[127.32456,37.54809]]}},{"type":"Feature","properties":{"kind":"commuter","ref":"경의·중앙","name":"경의·중앙선","colour":"#6AC2B3"},"geometry":{"type":"LineString","coordinates":[[127.33276,37.54419],[127.33194,37.54459]]}},{"type":"Feature","properties":{"kind":"commuter","ref":"경의·중앙","name":"경의·중앙선","colour":"#6AC2B3"},"geometry":{"type":"LineString","coordinates":[[127.33604,37.54273],[127.33504,37.54314],[127.33276,37.54419]]}},{"type":"Feature","properties":{"kind":"commuter","ref":"경의·중앙","name":"경의·중앙선","colour":"#6AC2B3"},"geometry":{"type":"LineString","coordinates":[[127.30656,37.55625],[127.30598,37.5565]]}},{"type":"Feature","properties":{"kind":"commuter","ref":"경의·중앙","name":"경의·중앙선","colour":"#6AC2B3"},"geometry":{"type":"LineString","coordinates":[[127.30598,37.5565],[127.30487,37.557],[127.30426,37.55726]]}},{"type":"Feature","properties":{"kind":"commuter","ref":"경의·중앙","name":"경의·중앙선","colour":"#6AC2B3"},"geometry":{"type":"LineString","coordinates":[[127.301,37.55806],[127.29984,37.55814],[127.29816,37.55806]]}},{"type":"Feature","properties":{"kind":"commuter","ref":"경의·중앙","name":"경의·중앙선","colour":"#6AC2B3"},"geometry":{"type":"LineString","coordinates":[[127.30395,37.55737],[127.30251,37.55779],[127.30143,37.55799],[127.301,37.55806]]}},{"type":"Feature","properties":{"kind":"commuter","ref":"경의·중앙","name":"경의·중앙선","colour":"#6AC2B3"},"geometry":{"type":"LineString","coordinates":[[127.30426,37.55726],[127.30395,37.55737]]}},{"type":"Feature","properties":{"kind":"commuter","ref":"경의·중앙","name":"경의·중앙선","colour":"#6AC2B3"},"geometry":{"type":"LineString","coordinates":[[127.41101,37.51851],[127.4096,37.51832],[127.40675,37.51779],[127.40317,37.51702],[127.40187,37.51671],[127.40039,37.51638],[127.39825,37.51591],[127.39562,37.51533],[127.39421,37.51502],[127.39296,37.51475],[127.39105,37.51435]]}},{"type":"Feature","properties":{"kind":"commuter","ref":"경의·중앙","name":"경의·중앙선","colour":"#6AC2B3"},"geometry":{"type":"LineString","coordinates":[[127.41236,37.51867],[127.41101,37.51851]]}},{"type":"Feature","properties":{"kind":"commuter","ref":"경의·중앙","name":"경의·중앙선","colour":"#6AC2B3"},"geometry":{"type":"LineString","coordinates":[[127.41426,37.51882],[127.41339,37.51876]]}},{"type":"Feature","properties":{"kind":"commuter","ref":"경의·중앙","name":"경의·중앙선","colour":"#6AC2B3"},"geometry":{"type":"LineString","coordinates":[[127.43616,37.51566],[127.43499,37.51594]]}},{"type":"Feature","properties":{"kind":"commuter","ref":"경의·중앙","name":"경의·중앙선","colour":"#6AC2B3"},"geometry":{"type":"LineString","coordinates":[[127.43499,37.51594],[127.42916,37.51746],[127.42674,37.51798],[127.42443,37.51839],[127.42319,37.51854],[127.42048,37.51878],[127.41814,37.51888],[127.41599,37.51888],[127.41426,37.51882]]}},{"type":"Feature","properties":{"kind":"commuter","ref":"경의·중앙","name":"경의·중앙선","colour":"#6AC2B3"},"geometry":{"type":"LineString","coordinates":[[127.44884,37.5125],[127.44782,37.51274],[127.44215,37.51417],[127.44109,37.51444],[127.43986,37.51476],[127.43861,37.51505],[127.43616,37.51566]]}},{"type":"Feature","properties":{"kind":"commuter","ref":"경의·중앙","name":"경의·중앙선","colour":"#6AC2B3"},"geometry":{"type":"LineString","coordinates":[[127.4534,37.51128],[127.44884,37.5125]]}},{"type":"Feature","properties":{"kind":"commuter","ref":"경의·중앙","name":"경의·중앙선","colour":"#6AC2B3"},"geometry":{"type":"LineString","coordinates":[[127.4536,37.51123],[127.4534,37.51128]]}},{"type":"Feature","properties":{"kind":"commuter","ref":"경의·중앙","name":"경의·중앙선","colour":"#6AC2B3"},"geometry":{"type":"LineString","coordinates":[[127.46688,37.50788],[127.46464,37.50844]]}},{"type":"Feature","properties":{"kind":"commuter","ref":"경의·중앙","name":"경의·중앙선","colour":"#6AC2B3"},"geometry":{"type":"LineString","coordinates":[[127.46464,37.50844],[127.46439,37.5085]]}},{"type":"Feature","properties":{"kind":"commuter","ref":"경의·중앙","name":"경의·중앙선","colour":"#6AC2B3"},"geometry":{"type":"LineString","coordinates":[[127.46439,37.5085],[127.4536,37.51123]]}},{"type":"Feature","properties":{"kind":"commuter","ref":"경의·중앙","name":"경의·중앙선","colour":"#6AC2B3"},"geometry":{"type":"LineString","coordinates":[[127.46817,37.50755],[127.46688,37.50788]]}},{"type":"Feature","properties":{"kind":"commuter","ref":"경의·중앙","name":"경의·중앙선","colour":"#6AC2B3"},"geometry":{"type":"LineString","coordinates":[[127.47494,37.50588],[127.47267,37.50644],[127.47201,37.50661]]}},{"type":"Feature","properties":{"kind":"commuter","ref":"경의·중앙","name":"경의·중앙선","colour":"#6AC2B3"},"geometry":{"type":"LineString","coordinates":[[127.47201,37.50661],[127.46817,37.50755]]}},{"type":"Feature","properties":{"kind":"commuter","ref":"경의·중앙","name":"경의·중앙선","colour":"#6AC2B3"},"geometry":{"type":"LineString","coordinates":[[127.4833,37.502],[127.48188,37.50287],[127.48045,37.50366],[127.47862,37.50451],[127.47774,37.50487],[127.47673,37.50524],[127.47569,37.50563],[127.47494,37.50588]]}},{"type":"Feature","properties":{"kind":"commuter","ref":"경의·중앙","name":"경의·중앙선","colour":"#6AC2B3"},"geometry":{"type":"LineString","coordinates":[[127.48384,37.50166],[127.4833,37.502]]}},{"type":"Feature","properties":{"kind":"commuter","ref":"경의·중앙","name":"경의·중앙선","colour":"#6AC2B3"},"geometry":{"type":"LineString","coordinates":[[127.48403,37.50154],[127.48384,37.50166]]}},{"type":"Feature","properties":{"kind":"commuter","ref":"경의·중앙","name":"경의·중앙선","colour":"#6AC2B3"},"geometry":{"type":"LineString","coordinates":[[127.48715,37.49885],[127.48643,37.49952],[127.48569,37.50021],[127.48486,37.50091],[127.48403,37.50154]]}},{"type":"Feature","properties":{"kind":"commuter","ref":"경의·중앙","name":"경의·중앙선","colour":"#6AC2B3"},"geometry":{"type":"LineString","coordinates":[[127.50086,37.48499],[127.49908,37.4854],[127.49798,37.48587],[127.49706,37.48647],[127.49581,37.48771],[127.49447,37.4894]]}},{"type":"Feature","properties":{"kind":"commuter","ref":"경의·중앙","name":"경의·중앙선","colour":"#6AC2B3"},"geometry":{"type":"LineString","coordinates":[[127.51768,37.4823],[127.51452,37.4828]]}},{"type":"Feature","properties":{"kind":"commuter","ref":"경의·중앙","name":"경의·중앙선","colour":"#6AC2B3"},"geometry":{"type":"LineString","coordinates":[[127.51452,37.4828],[127.51047,37.48344]]}},{"type":"Feature","properties":{"kind":"commuter","ref":"경의·중앙","name":"경의·중앙선","colour":"#6AC2B3"},"geometry":{"type":"LineString","coordinates":[[127.51047,37.48344],[127.50086,37.48499]]}},{"type":"Feature","properties":{"kind":"commuter","ref":"경의·중앙","name":"경의·중앙선","colour":"#6AC2B3"},"geometry":{"type":"LineString","coordinates":[[127.52542,37.47865],[127.52479,37.47929],[127.52404,37.47995],[127.52294,37.48067],[127.52179,37.48123],[127.52052,37.4817],[127.51913,37.48204],[127.51768,37.4823]]}},{"type":"Feature","properties":{"kind":"commuter","ref":"경의·중앙","name":"경의·중앙선","colour":"#6AC2B3"},"geometry":{"type":"LineString","coordinates":[[127.52618,37.4778],[127.52542,37.47865]]}},{"type":"Feature","properties":{"kind":"commuter","ref":"경의·중앙","name":"경의·중앙선","colour":"#6AC2B3"},"geometry":{"type":"LineString","coordinates":[[127.52663,37.47731],[127.52618,37.4778]]}},{"type":"Feature","properties":{"kind":"commuter","ref":"경의·중앙","name":"경의·중앙선","colour":"#6AC2B3"},"geometry":{"type":"LineString","coordinates":[[127.52874,37.47504],[127.52663,37.47731]]}},{"type":"Feature","properties":{"kind":"commuter","ref":"경의·중앙","name":"경의·중앙선","colour":"#6AC2B3"},"geometry":{"type":"LineString","coordinates":[[127.5351,37.47107],[127.53375,37.47169],[127.53195,37.47264],[127.53071,37.47336],[127.5298,37.47403],[127.52906,37.47469],[127.52874,37.47504]]}},{"type":"Feature","properties":{"kind":"commuter","ref":"경의·중앙","name":"경의·중앙선","colour":"#6AC2B3"},"geometry":{"type":"LineString","coordinates":[[127.55147,37.46801],[127.54963,37.46831],[127.54545,37.46897],[127.54248,37.46942],[127.54097,37.46971]]}},{"type":"Feature","properties":{"kind":"commuter","ref":"경의·중앙","name":"경의·중앙선","colour":"#6AC2B3"},"geometry":{"type":"LineString","coordinates":[[127.55976,37.46745],[127.55853,37.46741],[127.55696,37.46741],[127.55476,37.46748],[127.5527,37.46773],[127.55147,37.46801]]}},{"type":"Feature","properties":{"kind":"commuter","ref":"경의·중앙","name":"경의·중앙선","colour":"#6AC2B3"},"geometry":{"type":"LineString","coordinates":[[127.56797,37.4692],[127.56529,37.46838],[127.5642,37.46811],[127.56298,37.46789],[127.56076,37.46756],[127.55976,37.46745]]}},{"type":"Feature","properties":{"kind":"commuter","ref":"경의·중앙","name":"경의·중앙선","colour":"#6AC2B3"},"geometry":{"type":"LineString","coordinates":[[127.57573,37.47312],[127.57435,37.47235]]}},{"type":"Feature","properties":{"kind":"commuter","ref":"경의·중앙","name":"경의·중앙선","colour":"#6AC2B3"},"geometry":{"type":"LineString","coordinates":[[127.57435,37.47235],[127.57121,37.47054],[127.57037,37.47013],[127.56884,37.46949],[127.56863,37.4694]]}},{"type":"Feature","properties":{"kind":"commuter","ref":"경의·중앙","name":"경의·중앙선","colour":"#6AC2B3"},"geometry":{"type":"LineString","coordinates":[[127.56863,37.4694],[127.56797,37.4692]]}},{"type":"Feature","properties":{"kind":"commuter","ref":"경의·중앙","name":"경의·중앙선","colour":"#6AC2B3"},"geometry":{"type":"LineString","coordinates":[[127.57626,37.47341],[127.57573,37.47312]]}},{"type":"Feature","properties":{"kind":"commuter","ref":"경의·중앙","name":"경의·중앙선","colour":"#6AC2B3"},"geometry":{"type":"LineString","coordinates":[[127.58361,37.47721],[127.57626,37.47341]]}},{"type":"Feature","properties":{"kind":"commuter","ref":"경의·중앙","name":"경의·중앙선","colour":"#6AC2B3"},"geometry":{"type":"LineString","coordinates":[[126.81725,37.6215],[126.81533,37.62308],[126.81465,37.62375],[126.81404,37.62461],[126.81175,37.62854]]}},{"type":"Feature","properties":{"kind":"commuter","ref":"경의·중앙","name":"경의·중앙선","colour":"#6AC2B3"},"geometry":{"type":"LineString","coordinates":[[126.76849,37.74602],[126.76687,37.74875]]}},{"type":"Feature","properties":{"kind":"commuter","ref":"경의·중앙","name":"경의·중앙선","colour":"#6AC2B3"},"geometry":{"type":"LineString","coordinates":[[126.76687,37.74875],[126.76593,37.7503],[126.76515,37.75167],[126.76471,37.7526],[126.76446,37.75383],[126.76453,37.75527],[126.76464,37.75658],[126.76477,37.75813]]}},{"type":"Feature","properties":{"kind":"commuter","ref":"경의·중앙","name":"경의·중앙선","colour":"#6AC2B3"},"geometry":{"type":"LineString","coordinates":[[126.77131,37.73497],[126.77195,37.73641],[126.7723,37.73736],[126.77235,37.73862],[126.7721,37.73981],[126.77151,37.74095],[126.77099,37.74186],[126.76849,37.74602]]}},{"type":"Feature","properties":{"kind":"commuter","ref":"경의·중앙","name":"경의·중앙선","colour":"#6AC2B3"},"geometry":{"type":"LineString","coordinates":[[126.77112,37.73455],[126.77131,37.73497]]}},{"type":"Feature","properties":{"kind":"commuter","ref":"경의·중앙","name":"경의·중앙선","colour":"#6AC2B3"},"geometry":{"type":"LineString","coordinates":[[126.76505,37.72092],[126.76512,37.72109]]}},{"type":"Feature","properties":{"kind":"commuter","ref":"경의·중앙","name":"경의·중앙선","colour":"#6AC2B3"},"geometry":{"type":"LineString","coordinates":[[126.76512,37.72109],[126.76551,37.72196],[126.76646,37.72412],[126.76744,37.72624],[126.76786,37.72722],[126.76847,37.72862],[126.76892,37.72961],[126.77107,37.73444],[126.77112,37.73455]]}},{"type":"Feature","properties":{"kind":"commuter","ref":"경의·중앙","name":"경의·중앙선","colour":"#6AC2B3"},"geometry":{"type":"LineString","coordinates":[[126.761,37.69297],[126.76101,37.69469],[126.76105,37.69623],[126.76108,37.69808],[126.76113,37.69996],[126.76108,37.70322],[126.76111,37.7062],[126.76112,37.70889],[126.76113,37.71077],[126.76129,37.71212],[126.76161,37.71326],[126.76253,37.71533],[126.76313,37.71663],[126.76349,37.7175],[126.76389,37.71833],[126.76479,37.72035],[126.76505,37.72092]]}},{"type":"Feature","properties":{"kind":"commuter","ref":"경의·중앙","name":"경의·중앙선","colour":"#6AC2B3"},"geometry":{"type":"LineString","coordinates":[[126.76154,37.68698],[126.76126,37.68759]]}},{"type":"Feature","properties":{"kind":"commuter","ref":"경의·중앙","name":"경의·중앙선","colour":"#6AC2B3"},"geometry":{"type":"LineString","coordinates":[[126.76126,37.68759],[126.76102,37.68872],[126.76095,37.6905],[126.76099,37.69216],[126.761,37.69297]]}},{"type":"Feature","properties":{"kind":"commuter","ref":"경의·중앙","name":"경의·중앙선","colour":"#6AC2B3"},"geometry":{"type":"LineString","coordinates":[[127.29816,37.55806],[127.29687,37.55791],[127.29555,37.55766],[127.29424,37.5573],[127.29282,37.55681],[127.26044,37.54402],[127.25954,37.54371],[127.25791,37.54331],[127.25577,37.54313],[127.25389,37.54324],[127.25197,37.54361]]}},{"type":"Feature","properties":{"kind":"commuter","ref":"경의·중앙","name":"경의·중앙선","colour":"#6AC2B3"},"geometry":{"type":"LineString","coordinates":[[127.25197,37.54361],[127.25125,37.54384]]}},{"type":"Feature","properties":{"kind":"commuter","ref":"경의·중앙","name":"경의·중앙선","colour":"#6AC2B3"},"geometry":{"type":"LineString","coordinates":[[127.25125,37.54384],[127.25002,37.54432]]}},{"type":"Feature","properties":{"kind":"commuter","ref":"경의·중앙","name":"경의·중앙선","colour":"#6AC2B3"},"geometry":{"type":"LineString","coordinates":[[127.25002,37.54432],[127.24766,37.5454]]}},{"type":"Feature","properties":{"kind":"commuter","ref":"경의·중앙","name":"경의·중앙선","colour":"#6AC2B3"},"geometry":{"type":"LineString","coordinates":[[126.76477,37.75813],[126.76489,37.75933],[126.76492,37.75951]]}},{"type":"Feature","properties":{"kind":"commuter","ref":"경의·중앙","name":"경의·중앙선","colour":"#6AC2B3"},"geometry":{"type":"LineString","coordinates":[[126.76492,37.75951],[126.76523,37.76054],[126.76579,37.7615],[126.76659,37.76238],[126.76735,37.76295],[126.76868,37.76366],[126.77001,37.76424],[126.77089,37.76463],[126.7735,37.76578]]}},{"type":"Feature","properties":{"kind":"commuter","ref":"경의·중앙","name":"경의·중앙선","colour":"#6AC2B3"},"geometry":{"type":"LineString","coordinates":[[126.77568,37.76667],[126.77826,37.7678],[126.7795,37.76834],[126.78071,37.76887],[126.7817,37.7693],[126.7826,37.76967],[126.78429,37.7703],[126.78533,37.77074],[126.78627,37.77127],[126.78701,37.77186],[126.78763,37.77251],[126.78818,37.77341],[126.78851,37.77429],[126.78866,37.77552],[126.78858,37.77667],[126.78841,37.77786],[126.78824,37.77916],[126.78805,37.78071],[126.78779,37.78268]]}},{"type":"Feature","properties":{"kind":"commuter","ref":"경의·중앙","name":"경의·중앙선","colour":"#6AC2B3"},"geometry":{"type":"LineString","coordinates":[[126.7735,37.76578],[126.77536,37.7666],[126.77568,37.76667]]}},{"type":"Feature","properties":{"kind":"commuter","ref":"경의·중앙","name":"경의·중앙선","colour":"#6AC2B3"},"geometry":{"type":"LineString","coordinates":[[126.78779,37.78268],[126.78777,37.78405],[126.78789,37.78467]]}},{"type":"Feature","properties":{"kind":"commuter","ref":"경의·중앙","name":"경의·중앙선","colour":"#6AC2B3"},"geometry":{"type":"LineString","coordinates":[[126.78789,37.78467],[126.78914,37.78778],[126.78949,37.78869],[126.78997,37.78992],[126.79051,37.79122]]}},{"type":"Feature","properties":{"kind":"commuter","ref":"경의·중앙","name":"경의·중앙선","colour":"#6AC2B3"},"geometry":{"type":"LineString","coordinates":[[126.7941,37.80003],[126.79477,37.80168]]}},{"type":"Feature","properties":{"kind":"commuter","ref":"경의·중앙","name":"경의·중앙선","colour":"#6AC2B3"},"geometry":{"type":"LineString","coordinates":[[126.7883,37.82984],[126.78794,37.83118],[126.78775,37.83234],[126.78768,37.83429],[126.78763,37.83564],[126.78761,37.83766],[126.78761,37.83995],[126.78759,37.84164],[126.78762,37.84301],[126.78761,37.84456],[126.78766,37.84628],[126.78771,37.84753],[126.78772,37.84774]]}},{"type":"Feature","properties":{"kind":"commuter","ref":"경의·중앙","name":"경의·중앙선","colour":"#6AC2B3"},"geometry":{"type":"LineString","coordinates":[[126.79051,37.79122],[126.79061,37.79143]]}},{"type":"Feature","properties":{"kind":"commuter","ref":"경의·중앙","name":"경의·중앙선","colour":"#6AC2B3"},"geometry":{"type":"LineString","coordinates":[[126.79061,37.79143],[126.79109,37.79255],[126.79158,37.79386],[126.79214,37.79523],[126.79291,37.79715],[126.79332,37.79811],[126.79375,37.79922],[126.7941,37.80003]]}},{"type":"Feature","properties":{"kind":"commuter","ref":"경의·중앙","name":"경의·중앙선","colour":"#6AC2B3"},"geometry":{"type":"LineString","coordinates":[[127.23797,37.55571],[127.23721,37.55721],[127.2368,37.55805],[127.23557,37.5606],[127.23532,37.56112]]}},{"type":"Feature","properties":{"kind":"commuter","ref":"경의·중앙","name":"경의·중앙선","colour":"#6AC2B3"},"geometry":{"type":"LineString","coordinates":[[127.23813,37.55543],[127.23797,37.55571]]}},{"type":"Feature","properties":{"kind":"commuter","ref":"경의·중앙","name":"경의·중앙선","colour":"#6AC2B3"},"geometry":{"type":"LineString","coordinates":[[127.23976,37.55261],[127.23903,37.55384],[127.23831,37.55507],[127.23813,37.55543]]}},{"type":"Feature","properties":{"kind":"commuter","ref":"경의·중앙","name":"경의·중앙선","colour":"#6AC2B3"},"geometry":{"type":"LineString","coordinates":[[127.23989,37.5524],[127.23976,37.55261]]}},{"type":"Feature","properties":{"kind":"commuter","ref":"경의·중앙","name":"경의·중앙선","colour":"#6AC2B3"},"geometry":{"type":"LineString","coordinates":[[127.24766,37.5454],[127.24719,37.54562]]}},{"type":"Feature","properties":{"kind":"commuter","ref":"경의·중앙","name":"경의·중앙선","colour":"#6AC2B3"},"geometry":{"type":"LineString","coordinates":[[127.24711,37.54567],[127.24622,37.54607],[127.24533,37.54653],[127.24421,37.54719],[127.24341,37.54776],[127.24252,37.54857],[127.24168,37.54951],[127.24112,37.55034],[127.24054,37.5513],[127.23989,37.5524]]}},{"type":"Feature","properties":{"kind":"commuter","ref":"경의·중앙","name":"경의·중앙선","colour":"#6AC2B3"},"geometry":{"type":"LineString","coordinates":[[127.23495,37.56188],[127.2339,37.56404]]}},{"type":"Feature","properties":{"kind":"commuter","ref":"경의·중앙","name":"경의·중앙선","colour":"#6AC2B3"},"geometry":{"type":"LineString","coordinates":[[127.23499,37.56179],[127.23495,37.56188]]}},{"type":"Feature","properties":{"kind":"commuter","ref":"경의·중앙","name":"경의·중앙선","colour":"#6AC2B3"},"geometry":{"type":"LineString","coordinates":[[127.23532,37.56112],[127.23499,37.56179]]}},{"type":"Feature","properties":{"kind":"commuter","ref":"경의·중앙","name":"경의·중앙선","colour":"#6AC2B3"},"geometry":{"type":"LineString","coordinates":[[127.2339,37.56404],[127.23385,37.56413]]}},{"type":"Feature","properties":{"kind":"commuter","ref":"경의·중앙","name":"경의·중앙선","colour":"#6AC2B3"},"geometry":{"type":"LineString","coordinates":[[127.23385,37.56413],[127.23341,37.56505]]}},{"type":"Feature","properties":{"kind":"commuter","ref":"경의·중앙","name":"경의·중앙선","colour":"#6AC2B3"},"geometry":{"type":"LineString","coordinates":[[127.23341,37.56505],[127.23253,37.56692]]}},{"type":"Feature","properties":{"kind":"commuter","ref":"경의·중앙","name":"경의·중앙선","colour":"#6AC2B3"},"geometry":{"type":"LineString","coordinates":[[127.23253,37.56692],[127.23224,37.56756]]}},{"type":"Feature","properties":{"kind":"commuter","ref":"경의·중앙","name":"경의·중앙선","colour":"#6AC2B3"},"geometry":{"type":"LineString","coordinates":[[127.23157,37.56925],[127.23125,37.57014]]}},{"type":"Feature","properties":{"kind":"commuter","ref":"경의·중앙","name":"경의·중앙선","colour":"#6AC2B3"},"geometry":{"type":"LineString","coordinates":[[127.2317,37.5689],[127.23157,37.56925]]}},{"type":"Feature","properties":{"kind":"commuter","ref":"경의·중앙","name":"경의·중앙선","colour":"#6AC2B3"},"geometry":{"type":"LineString","coordinates":[[127.23177,37.5687],[127.2317,37.5689]]}},{"type":"Feature","properties":{"kind":"commuter","ref":"경의·중앙","name":"경의·중앙선","colour":"#6AC2B3"},"geometry":{"type":"LineString","coordinates":[[127.232,37.56812],[127.23177,37.5687]]}},{"type":"Feature","properties":{"kind":"commuter","ref":"경의·중앙","name":"경의·중앙선","colour":"#6AC2B3"},"geometry":{"type":"LineString","coordinates":[[127.23224,37.56756],[127.232,37.56812]]}},{"type":"Feature","properties":{"kind":"commuter","ref":"경의·중앙","name":"경의·중앙선","colour":"#6AC2B3"},"geometry":{"type":"LineString","coordinates":[[127.23054,37.57225],[127.23007,37.57364]]}},{"type":"Feature","properties":{"kind":"commuter","ref":"경의·중앙","name":"경의·중앙선","colour":"#6AC2B3"},"geometry":{"type":"LineString","coordinates":[[127.23125,37.57014],[127.23054,37.57225]]}},{"type":"Feature","properties":{"kind":"commuter","ref":"경의·중앙","name":"경의·중앙선","colour":"#6AC2B3"},"geometry":{"type":"LineString","coordinates":[[127.23007,37.57364],[127.22988,37.5742]]}},{"type":"Feature","properties":{"kind":"commuter","ref":"경의·중앙","name":"경의·중앙선","colour":"#6AC2B3"},"geometry":{"type":"LineString","coordinates":[[127.22927,37.5755],[127.22897,37.57596]]}},{"type":"Feature","properties":{"kind":"commuter","ref":"경의·중앙","name":"경의·중앙선","colour":"#6AC2B3"},"geometry":{"type":"LineString","coordinates":[[127.22988,37.5742],[127.22952,37.57505],[127.22927,37.5755]]}},{"type":"Feature","properties":{"kind":"commuter","ref":"경의·중앙","name":"경의·중앙선","colour":"#6AC2B3"},"geometry":{"type":"LineString","coordinates":[[127.22767,37.57736],[127.22677,37.578],[127.22569,37.57861],[127.22483,37.57896],[127.22176,37.57988],[127.22153,37.57995]]}},{"type":"Feature","properties":{"kind":"commuter","ref":"경의·중앙","name":"경의·중앙선","colour":"#6AC2B3"},"geometry":{"type":"LineString","coordinates":[[127.22897,37.57596],[127.22837,37.57667],[127.22767,37.57736]]}},{"type":"Feature","properties":{"kind":"commuter","ref":"경의·중앙","name":"경의·중앙선","colour":"#6AC2B3"},"geometry":{"type":"LineString","coordinates":[[127.22153,37.57995],[127.22072,37.5802]]}},{"type":"Feature","properties":{"kind":"commuter","ref":"경의·중앙","name":"경의·중앙선","colour":"#6AC2B3"},"geometry":{"type":"LineString","coordinates":[[127.22072,37.5802],[127.2197,37.58062],[127.21944,37.58075]]}},{"type":"Feature","properties":{"kind":"commuter","ref":"경의·중앙","name":"경의·중앙선","colour":"#6AC2B3"},"geometry":{"type":"LineString","coordinates":[[127.21944,37.58075],[127.21576,37.58305]]}},{"type":"Feature","properties":{"kind":"commuter","ref":"경의·중앙","name":"경의·중앙선","colour":"#6AC2B3"},"geometry":{"type":"LineString","coordinates":[[127.21576,37.58305],[127.21557,37.58315]]}},{"type":"Feature","properties":{"kind":"commuter","ref":"경의·중앙","name":"경의·중앙선","colour":"#6AC2B3"},"geometry":{"type":"LineString","coordinates":[[127.21557,37.58315],[127.21483,37.58358]]}},{"type":"Feature","properties":{"kind":"commuter","ref":"경의·중앙","name":"경의·중앙선","colour":"#6AC2B3"},"geometry":{"type":"LineString","coordinates":[[127.21483,37.58358],[127.2138,37.58415],[127.21287,37.58467],[127.21233,37.58497]]}},{"type":"Feature","properties":{"kind":"commuter","ref":"경의·중앙","name":"경의·중앙선","colour":"#6AC2B3"},"geometry":{"type":"LineString","coordinates":[[127.20512,37.5889],[127.20399,37.58953]]}},{"type":"Feature","properties":{"kind":"commuter","ref":"경의·중앙","name":"경의·중앙선","colour":"#6AC2B3"},"geometry":{"type":"LineString","coordinates":[[127.20399,37.58953],[127.20313,37.59006],[127.20211,37.59084],[127.20147,37.59143],[127.20115,37.59177]]}},{"type":"Feature","properties":{"kind":"commuter","ref":"경의·중앙","name":"경의·중앙선","colour":"#6AC2B3"},"geometry":{"type":"LineString","coordinates":[[127.20032,37.5929],[127.19985,37.5937],[127.19978,37.59383]]}},{"type":"Feature","properties":{"kind":"commuter","ref":"경의·중앙","name":"경의·중앙선","colour":"#6AC2B3"},"geometry":{"type":"LineString","coordinates":[[127.20051,37.59258],[127.20032,37.5929]]}},{"type":"Feature","properties":{"kind":"commuter","ref":"경의·중앙","name":"경의·중앙선","colour":"#6AC2B3"},"geometry":{"type":"LineString","coordinates":[[127.20115,37.59177],[127.20051,37.59258]]}},{"type":"Feature","properties":{"kind":"commuter","ref":"경의·중앙","name":"경의·중앙선","colour":"#6AC2B3"},"geometry":{"type":"LineString","coordinates":[[127.19978,37.59383],[127.19964,37.5941]]}},{"type":"Feature","properties":{"kind":"commuter","ref":"경의·중앙","name":"경의·중앙선","colour":"#6AC2B3"},"geometry":{"type":"LineString","coordinates":[[127.19964,37.5941],[127.19923,37.5949]]}},{"type":"Feature","properties":{"kind":"commuter","ref":"경의·중앙","name":"경의·중앙선","colour":"#6AC2B3"},"geometry":{"type":"LineString","coordinates":[[127.19868,37.59599],[127.19817,37.597],[127.19778,37.59784],[127.19737,37.59867],[127.19715,37.59909]]}},{"type":"Feature","properties":{"kind":"commuter","ref":"경의·중앙","name":"경의·중앙선","colour":"#6AC2B3"},"geometry":{"type":"LineString","coordinates":[[127.19923,37.5949],[127.1988,37.59575],[127.19868,37.59599]]}},{"type":"Feature","properties":{"kind":"commuter","ref":"경의·중앙","name":"경의·중앙선","colour":"#6AC2B3"},"geometry":{"type":"LineString","coordinates":[[127.19599,37.60138],[127.19556,37.60216],[127.19554,37.6022]]}},{"type":"Feature","properties":{"kind":"commuter","ref":"경의·중앙","name":"경의·중앙선","colour":"#6AC2B3"},"geometry":{"type":"LineString","coordinates":[[127.19554,37.6022],[127.19547,37.60233]]}},{"type":"Feature","properties":{"kind":"commuter","ref":"경의·중앙","name":"경의·중앙선","colour":"#6AC2B3"},"geometry":{"type":"LineString","coordinates":[[127.19547,37.60233],[127.19536,37.60255]]}},{"type":"Feature","properties":{"kind":"commuter","ref":"경의·중앙","name":"경의·중앙선","colour":"#6AC2B3"},"geometry":{"type":"LineString","coordinates":[[127.19536,37.60255],[127.19486,37.6035],[127.19434,37.60436],[127.19383,37.60505]]}},{"type":"Feature","properties":{"kind":"commuter","ref":"경의·중앙","name":"경의·중앙선","colour":"#6AC2B3"},"geometry":{"type":"LineString","coordinates":[[127.19715,37.59909],[127.19673,37.59993],[127.19631,37.60076],[127.19599,37.60138]]}},{"type":"Feature","properties":{"kind":"commuter","ref":"경의·중앙","name":"경의·중앙선","colour":"#6AC2B3"},"geometry":{"type":"LineString","coordinates":[[127.19329,37.60571],[127.19293,37.60615]]}},{"type":"Feature","properties":{"kind":"commuter","ref":"경의·중앙","name":"경의·중앙선","colour":"#6AC2B3"},"geometry":{"type":"LineString","coordinates":[[127.19257,37.60665],[127.19203,37.60733],[127.19136,37.60815],[127.1908,37.60882],[127.19012,37.60965],[127.18948,37.61039],[127.18939,37.6105]]}},{"type":"Feature","properties":{"kind":"commuter","ref":"경의·중앙","name":"경의·중앙선","colour":"#6AC2B3"},"geometry":{"type":"LineString","coordinates":[[127.19293,37.60615],[127.19257,37.60665]]}},{"type":"Feature","properties":{"kind":"commuter","ref":"경의·중앙","name":"경의·중앙선","colour":"#6AC2B3"},"geometry":{"type":"LineString","coordinates":[[127.18939,37.6105],[127.1888,37.61112],[127.18804,37.6118],[127.18786,37.61194]]}},{"type":"Feature","properties":{"kind":"commuter","ref":"경의·중앙","name":"경의·중앙선","colour":"#6AC2B3"},"geometry":{"type":"LineString","coordinates":[[127.18786,37.61194],[127.18702,37.61255],[127.18639,37.61294]]}},{"type":"Feature","properties":{"kind":"commuter","ref":"경의·중앙","name":"경의·중앙선","colour":"#6AC2B3"},"geometry":{"type":"LineString","coordinates":[[127.18639,37.61294],[127.18552,37.61339],[127.1846,37.61377],[127.18365,37.61407],[127.18351,37.61411]]}},{"type":"Feature","properties":{"kind":"commuter","ref":"경의·중앙","name":"경의·중앙선","colour":"#6AC2B3"},"geometry":{"type":"LineString","coordinates":[[127.18267,37.61431],[127.18161,37.61448],[127.18008,37.61459],[127.1785,37.61453],[127.17732,37.61437],[127.17622,37.61413]]}},{"type":"Feature","properties":{"kind":"commuter","ref":"경의·중앙","name":"경의·중앙선","colour":"#6AC2B3"},"geometry":{"type":"LineString","coordinates":[[127.18351,37.61411],[127.18267,37.61431]]}},{"type":"Feature","properties":{"kind":"commuter","ref":"경의·중앙","name":"경의·중앙선","colour":"#6AC2B3"},"geometry":{"type":"LineString","coordinates":[[127.17622,37.61413],[127.17461,37.61367],[127.17356,37.61336]]}},{"type":"Feature","properties":{"kind":"commuter","ref":"경의·중앙","name":"경의·중앙선","colour":"#6AC2B3"},"geometry":{"type":"LineString","coordinates":[[127.15339,37.60554],[127.15302,37.60545]]}},{"type":"Feature","properties":{"kind":"commuter","ref":"경의·중앙","name":"경의·중앙선","colour":"#6AC2B3"},"geometry":{"type":"LineString","coordinates":[[127.15302,37.60545],[127.15151,37.60511],[127.15047,37.60488],[127.15037,37.60486]]}},{"type":"Feature","properties":{"kind":"commuter","ref":"경의·중앙","name":"경의·중앙선","colour":"#6AC2B3"},"geometry":{"type":"LineString","coordinates":[[127.14748,37.60419],[127.1463,37.60392],[127.14528,37.60369]]}},{"type":"Feature","properties":{"kind":"commuter","ref":"경의·중앙","name":"경의·중앙선","colour":"#6AC2B3"},"geometry":{"type":"LineString","coordinates":[[127.15037,37.60486],[127.14935,37.60462],[127.14809,37.60433],[127.14748,37.60419]]}},{"type":"Feature","properties":{"kind":"commuter","ref":"경의·중앙","name":"경의·중앙선","colour":"#6AC2B3"},"geometry":{"type":"LineString","coordinates":[[127.58905,37.47967],[127.58378,37.47728],[127.58361,37.47721]]}},{"type":"Feature","properties":{"kind":"commuter","ref":"경의·중앙","name":"경의·중앙선","colour":"#6AC2B3"},"geometry":{"type":"LineString","coordinates":[[127.14089,37.60268],[127.13941,37.60239],[127.1381,37.6023],[127.13681,37.60243],[127.13582,37.60265],[127.13474,37.60294],[127.13375,37.60322],[127.1324,37.60362],[127.13213,37.6037]]}},{"type":"Feature","properties":{"kind":"commuter","ref":"경의·중앙","name":"경의·중앙선","colour":"#6AC2B3"},"geometry":{"type":"LineString","coordinates":[[127.14528,37.60369],[127.14294,37.6031]]}},{"type":"Feature","properties":{"kind":"commuter","ref":"경의·중앙","name":"경의·중앙선","colour":"#6AC2B3"},"geometry":{"type":"LineString","coordinates":[[127.13213,37.6037],[127.13133,37.60394]]}},{"type":"Feature","properties":{"kind":"commuter","ref":"경의·중앙","name":"경의·중앙선","colour":"#6AC2B3"},"geometry":{"type":"LineString","coordinates":[[127.11376,37.60748],[127.1125,37.6074],[127.11139,37.60729],[127.11027,37.60711],[127.10872,37.60679],[127.10743,37.60647],[127.10636,37.60617],[127.10506,37.60575],[127.10409,37.60528],[127.10313,37.60459],[127.10223,37.60376],[127.10129,37.603],[127.10043,37.60251],[127.09955,37.60213],[127.09859,37.60177],[127.09755,37.60137],[127.0965,37.60097],[127.09543,37.60057],[127.09436,37.60011]]}},{"type":"Feature","properties":{"kind":"commuter","ref":"경의·중앙","name":"경의·중앙선","colour":"#6AC2B3"},"geometry":{"type":"LineString","coordinates":[[127.13133,37.60394],[127.12298,37.60641],[127.12154,37.60676],[127.12,37.60706],[127.11867,37.60725],[127.11725,37.60736],[127.116,37.60743],[127.11474,37.60747],[127.11376,37.60748]]}},{"type":"Feature","properties":{"kind":"commuter","ref":"경의·중앙","name":"경의·중앙선","colour":"#6AC2B3"},"geometry":{"type":"LineString","coordinates":[[127.09436,37.60011],[127.09315,37.59957],[127.09164,37.599],[127.09064,37.59861],[127.08979,37.59833]]}},{"type":"Feature","properties":{"kind":"commuter","ref":"경의·중앙","name":"경의·중앙선","colour":"#6AC2B3"},"geometry":{"type":"LineString","coordinates":[[127.08979,37.59833],[127.08885,37.59797],[127.08869,37.59791]]}},{"type":"Feature","properties":{"kind":"commuter","ref":"경의·중앙","name":"경의·중앙선","colour":"#6AC2B3"},"geometry":{"type":"LineString","coordinates":[[127.08869,37.59791],[127.08777,37.59757],[127.08659,37.59714],[127.08529,37.59679],[127.08431,37.59656],[127.0833,37.59635],[127.08217,37.59614],[127.08155,37.59602]]}},{"type":"Feature","properties":{"kind":"commuter","ref":"경의·중앙","name":"경의·중앙선","colour":"#6AC2B3"},"geometry":{"type":"LineString","coordinates":[[127.08062,37.59585],[127.07939,37.5956],[127.07885,37.59549]]}},{"type":"Feature","properties":{"kind":"commuter","ref":"경의·중앙","name":"경의·중앙선","colour":"#6AC2B3"},"geometry":{"type":"LineString","coordinates":[[127.07885,37.59549],[127.07742,37.59515],[127.07535,37.5947],[127.07422,37.5945]]}},{"type":"Feature","properties":{"kind":"commuter","ref":"경의·중앙","name":"경의·중앙선","colour":"#6AC2B3"},"geometry":{"type":"LineString","coordinates":[[127.07397,37.59445],[127.07266,37.59417]]}},{"type":"Feature","properties":{"kind":"commuter","ref":"경의·중앙","name":"경의·중앙선","colour":"#6AC2B3"},"geometry":{"type":"LineString","coordinates":[[127.06843,37.59325],[127.06743,37.59304],[127.06641,37.59281],[127.06542,37.5926],[127.06441,37.59237],[127.06343,37.59215],[127.06304,37.59206]]}},{"type":"Feature","properties":{"kind":"commuter","ref":"경의·중앙","name":"경의·중앙선","colour":"#6AC2B3"},"geometry":{"type":"LineString","coordinates":[[127.07422,37.5945],[127.07397,37.59445]]}},{"type":"Feature","properties":{"kind":"commuter","ref":"경의·중앙","name":"경의·중앙선","colour":"#6AC2B3"},"geometry":{"type":"LineString","coordinates":[[127.06076,37.5911],[127.05978,37.59058],[127.0589,37.59004],[127.05752,37.58929],[127.05665,37.58885],[127.05573,37.58845],[127.05495,37.58802],[127.05415,37.5875],[127.05321,37.58677],[127.05243,37.58598],[127.05183,37.58522],[127.05131,37.58457]]}},{"type":"Feature","properties":{"kind":"commuter","ref":"경의·중앙","name":"경의·중앙선","colour":"#6AC2B3"},"geometry":{"type":"LineString","coordinates":[[127.0492,37.58195],[127.04822,37.58064],[127.0474,37.57956]]}},{"type":"Feature","properties":{"kind":"commuter","ref":"경의·중앙","name":"경의·중앙선","colour":"#6AC2B3"},"geometry":{"type":"LineString","coordinates":[[127.05085,37.58398],[127.05121,37.58445]]}},{"type":"Feature","properties":{"kind":"commuter","ref":"경의·중앙","name":"경의·중앙선","colour":"#6AC2B3"},"geometry":{"type":"LineString","coordinates":[[127.05048,37.58351],[127.05072,37.58382]]}},{"type":"Feature","properties":{"kind":"commuter","ref":"경의·중앙","name":"경의·중앙선","colour":"#6AC2B3"},"geometry":{"type":"LineString","coordinates":[[127.05072,37.58382],[127.05085,37.58398]]}},{"type":"Feature","properties":{"kind":"commuter","ref":"경의·중앙","name":"경의·중앙선","colour":"#6AC2B3"},"geometry":{"type":"LineString","coordinates":[[127.05131,37.58457],[127.05121,37.58445]]}},{"type":"Feature","properties":{"kind":"commuter","ref":"경의·중앙","name":"경의·중앙선","colour":"#6AC2B3"},"geometry":{"type":"LineString","coordinates":[[127.04567,37.5773],[127.04493,37.57633]]}},{"type":"Feature","properties":{"kind":"commuter","ref":"경의·중앙","name":"경의·중앙선","colour":"#6AC2B3"},"geometry":{"type":"LineString","coordinates":[[127.04493,37.57633],[127.04404,37.57516],[127.04329,37.57417],[127.04238,37.57299]]}},{"type":"Feature","properties":{"kind":"commuter","ref":"경의·중앙","name":"경의·중앙선","colour":"#6AC2B3"},"geometry":{"type":"LineString","coordinates":[[127.04238,37.57299],[127.04198,37.57248]]}},{"type":"Feature","properties":{"kind":"commuter","ref":"경의·중앙","name":"경의·중앙선","colour":"#6AC2B3"},"geometry":{"type":"LineString","coordinates":[[127.04109,37.57133],[127.03988,37.56974]]}},{"type":"Feature","properties":{"kind":"commuter","ref":"경의·중앙","name":"경의·중앙선","colour":"#6AC2B3"},"geometry":{"type":"LineString","coordinates":[[127.04198,37.57248],[127.04184,37.57229]]}},{"type":"Feature","properties":{"kind":"commuter","ref":"경의·중앙","name":"경의·중앙선","colour":"#6AC2B3"},"geometry":{"type":"LineString","coordinates":[[127.04184,37.57229],[127.04125,37.57154],[127.04109,37.57133]]}},{"type":"Feature","properties":{"kind":"commuter","ref":"경의·중앙","name":"경의·중앙선","colour":"#6AC2B3"},"geometry":{"type":"LineString","coordinates":[[127.03988,37.56974],[127.03979,37.56963]]}},{"type":"Feature","properties":{"kind":"commuter","ref":"경의·중앙","name":"경의·중앙선","colour":"#6AC2B3"},"geometry":{"type":"LineString","coordinates":[[127.03979,37.56963],[127.03926,37.56895]]}},{"type":"Feature","properties":{"kind":"commuter","ref":"경의·중앙","name":"경의·중앙선","colour":"#6AC2B3"},"geometry":{"type":"LineString","coordinates":[[127.03926,37.56895],[127.03864,37.56815],[127.03805,37.56731],[127.03771,37.56637],[127.03769,37.56612]]}},{"type":"Feature","properties":{"kind":"commuter","ref":"경의·중앙","name":"경의·중앙선","colour":"#6AC2B3"},"geometry":{"type":"LineString","coordinates":[[127.02051,37.54161],[127.01978,37.54114],[127.01804,37.54004],[127.01736,37.53951]]}},{"type":"Feature","properties":{"kind":"commuter","ref":"경의·중앙","name":"경의·중앙선","colour":"#6AC2B3"},"geometry":{"type":"LineString","coordinates":[[127.01736,37.53951],[127.01675,37.53887],[127.01384,37.5342],[127.01305,37.53296],[127.01205,37.5313],[127.01133,37.53051],[127.01058,37.52998],[127.00853,37.52915],[127.00745,37.5287],[127.00669,37.52825],[127.00418,37.52643],[127.00348,37.52588],[127.0028,37.52514],[127.00216,37.52417],[127.00169,37.52341],[127.00099,37.52272],[127.00001,37.5221],[126.99521,37.52014],[126.9939,37.5198],[126.99274,37.51971],[126.99122,37.51967],[126.98981,37.51962],[126.98728,37.51952],[126.98586,37.51946],[126.98462,37.51943],[126.98329,37.51945],[126.98222,37.51963],[126.97795,37.52095],[126.97615,37.52153],[126.9737,37.52232],[126.97254,37.52265],[126.97136,37.52284],[126.97012,37.52282],[126.9689,37.52264],[126.96754,37.52238],[126.966,37.52213],[126.96479,37.52209],[126.96363,37.52222],[126.96254,37.52256],[126.96231,37.52266]]}},{"type":"Feature","properties":{"kind":"commuter","ref":"경의·중앙","name":"경의·중앙선","colour":"#6AC2B3"},"geometry":{"type":"LineString","coordinates":[[126.96231,37.52266],[126.96177,37.52307]]}},{"type":"Feature","properties":{"kind":"commuter","ref":"경의·중앙","name":"경의·중앙선","colour":"#6AC2B3"},"geometry":{"type":"LineString","coordinates":[[126.76985,37.68201],[126.76877,37.68248],[126.76751,37.68302],[126.76566,37.68381],[126.76459,37.6843],[126.76345,37.68494],[126.76258,37.68561],[126.76196,37.68631],[126.76154,37.68698]]}},{"type":"Feature","properties":{"kind":"commuter","ref":"경의·중앙","name":"경의·중앙선","colour":"#6AC2B3"},"geometry":{"type":"LineString","coordinates":[[126.78975,37.66637],[126.78858,37.6684],[126.78743,37.67036],[126.78676,37.67145],[126.78592,37.67287],[126.78533,37.674],[126.78466,37.67493],[126.78453,37.67508]]}},{"type":"Feature","properties":{"kind":"commuter","ref":"경의·중앙","name":"경의·중앙선","colour":"#6AC2B3"},"geometry":{"type":"LineString","coordinates":[[126.85722,37.609],[126.85608,37.60967],[126.85492,37.61047],[126.85409,37.61104],[126.85322,37.61154],[126.85213,37.61197],[126.85068,37.61228],[126.84924,37.61237],[126.8486,37.61235]]}},{"type":"Feature","properties":{"kind":"commuter","ref":"경의·중앙","name":"경의·중앙선","colour":"#6AC2B3"},"geometry":{"type":"LineString","coordinates":[[126.96345,37.52847],[126.96267,37.52801],[126.96182,37.52744],[126.96122,37.52683],[126.9608,37.52602],[126.9608,37.52475],[126.96123,37.52371],[126.96177,37.52307]]}},{"type":"Feature","properties":{"kind":"commuter","ref":"경의·중앙","name":"경의·중앙선","colour":"#6AC2B3"},"geometry":{"type":"LineString","coordinates":[[126.96831,37.53587],[126.96737,37.53684]]}},{"type":"Feature","properties":{"kind":"commuter","ref":"경의·중앙","name":"경의·중앙선","colour":"#6AC2B3"},"geometry":{"type":"LineString","coordinates":[[126.88204,37.59096],[126.87402,37.59787],[126.8731,37.59862],[126.87185,37.59966],[126.8703,37.601],[126.86911,37.60207],[126.86776,37.60323],[126.86684,37.60399],[126.8661,37.60462],[126.8651,37.60539],[126.86412,37.60608],[126.86309,37.60664],[126.86139,37.60734],[126.86002,37.60788],[126.85909,37.60824],[126.85883,37.60834]]}},{"type":"Feature","properties":{"kind":"commuter","ref":"경의·중앙","name":"경의·중앙선","colour":"#6AC2B3"},"geometry":{"type":"LineString","coordinates":[[126.85883,37.60834],[126.85786,37.60873],[126.85722,37.609]]}},{"type":"Feature","properties":{"kind":"commuter","ref":"경의·중앙","name":"경의·중앙선","colour":"#6AC2B3"},"geometry":{"type":"LineString","coordinates":[[126.81175,37.62854],[126.81117,37.6295],[126.81087,37.62994]]}},{"type":"Feature","properties":{"kind":"commuter","ref":"경의·중앙","name":"경의·중앙선","colour":"#6AC2B3"},"geometry":{"type":"LineString","coordinates":[[126.90516,37.57397],[126.904,37.57479],[126.90302,37.57553],[126.90252,37.5759]]}},{"type":"Feature","properties":{"kind":"commuter","ref":"경의·중앙","name":"경의·중앙선","colour":"#6AC2B3"},"geometry":{"type":"LineString","coordinates":[[126.79266,37.81412],[126.79221,37.81573],[126.79177,37.81728],[126.79151,37.81837],[126.79083,37.82095],[126.79037,37.8226],[126.78987,37.82437],[126.78953,37.82559],[126.78926,37.82658],[126.78893,37.82771],[126.78864,37.82872],[126.78835,37.82967]]}},{"type":"Feature","properties":{"kind":"commuter","ref":"경의·중앙","name":"경의·중앙선","colour":"#6AC2B3"},"geometry":{"type":"LineString","coordinates":[[126.79477,37.80168],[126.79512,37.80255],[126.79535,37.80384],[126.79517,37.80525],[126.79478,37.80663],[126.79426,37.80846],[126.79361,37.8108],[126.79353,37.8111]]}},{"type":"Feature","properties":{"kind":"commuter","ref":"경의·중앙","name":"경의·중앙선","colour":"#6AC2B3"},"geometry":{"type":"LineString","coordinates":[[126.79292,37.81317],[126.79266,37.81412]]}},{"type":"Feature","properties":{"kind":"commuter","ref":"경의·중앙","name":"경의·중앙선","colour":"#6AC2B3"},"geometry":{"type":"LineString","coordinates":[[126.78835,37.82967],[126.7883,37.82984]]}},{"type":"Feature","properties":{"kind":"commuter","ref":"경의·중앙","name":"경의·중앙선","colour":"#6AC2B3"},"geometry":{"type":"LineString","coordinates":[[126.78783,37.85068],[126.78785,37.85144]]}},{"type":"Feature","properties":{"kind":"commuter","ref":"경의·중앙","name":"경의·중앙선","colour":"#6AC2B3"},"geometry":{"type":"LineString","coordinates":[[126.79353,37.8111],[126.793,37.81291],[126.79292,37.81317]]}},{"type":"Feature","properties":{"kind":"commuter","ref":"경의·중앙","name":"경의·중앙선","colour":"#6AC2B3"},"geometry":{"type":"LineString","coordinates":[[126.78772,37.84774],[126.78774,37.84822]]}},{"type":"Feature","properties":{"kind":"commuter","ref":"경의·중앙","name":"경의·중앙선","colour":"#6AC2B3"},"geometry":{"type":"LineString","coordinates":[[126.78774,37.84822],[126.78783,37.85004],[126.78783,37.85068]]}},{"type":"Feature","properties":{"kind":"commuter","ref":"경의·중앙","name":"경의·중앙선","colour":"#6AC2B3"},"geometry":{"type":"LineString","coordinates":[[126.78785,37.85144],[126.7879,37.85269],[126.78795,37.85406],[126.78799,37.85531]]}},{"type":"Feature","properties":{"kind":"commuter","ref":"경의·중앙","name":"경의·중앙선","colour":"#6AC2B3"},"geometry":{"type":"LineString","coordinates":[[126.89547,37.58067],[126.89394,37.58169],[126.89081,37.58378],[126.89008,37.58429],[126.88911,37.58493],[126.88838,37.58551],[126.88727,37.58646],[126.88661,37.58701],[126.88519,37.5881],[126.88339,37.5897],[126.88273,37.5903],[126.88204,37.59096]]}},{"type":"Feature","properties":{"kind":"commuter","ref":"경의·중앙","name":"경의·중앙선","colour":"#6AC2B3"},"geometry":{"type":"LineString","coordinates":[[126.90252,37.5759],[126.9021,37.5762]]}},{"type":"Feature","properties":{"kind":"commuter","ref":"경의·중앙","name":"경의·중앙선","colour":"#6AC2B3"},"geometry":{"type":"LineString","coordinates":[[126.90683,37.57272],[126.90516,37.57397]]}},{"type":"Feature","properties":{"kind":"commuter","ref":"경의·중앙","name":"경의·중앙선","colour":"#6AC2B3"},"geometry":{"type":"LineString","coordinates":[[126.96737,37.53684],[126.9665,37.53743],[126.96539,37.53785],[126.96348,37.53832]]}},{"type":"Feature","properties":{"kind":"commuter","ref":"경의·중앙","name":"경의·중앙선","colour":"#6AC2B3"},"geometry":{"type":"LineString","coordinates":[[127.3203,37.55011],[127.31272,37.5535]]}},{"type":"Feature","properties":{"kind":"commuter","ref":"경의·중앙","name":"경의·중앙선","colour":"#6AC2B3"},"geometry":{"type":"LineString","coordinates":[[127.4895,37.49586],[127.48893,37.4966],[127.48875,37.49683]]}},{"type":"Feature","properties":{"kind":"commuter","ref":"경의·중앙","name":"경의·중앙선","colour":"#6AC2B3"},"geometry":{"type":"LineString","coordinates":[[127.59479,37.48205],[127.59327,37.48136],[127.59131,37.48048],[127.59011,37.48003],[127.58961,37.47988]]}},{"type":"Feature","properties":{"kind":"commuter","ref":"경의·중앙","name":"경의·중앙선","colour":"#6AC2B3"},"geometry":{"type":"LineString","coordinates":[[127.17098,37.6126],[127.16984,37.61225],[127.16884,37.61192],[127.1678,37.61157],[127.16678,37.6112],[127.16583,37.6108],[127.16455,37.61024],[127.16338,37.60973],[127.16231,37.60926],[127.16122,37.60878],[127.16013,37.60831],[127.15913,37.60787],[127.15799,37.60737],[127.15693,37.6069],[127.15596,37.60647],[127.15511,37.60611],[127.15377,37.60565],[127.15339,37.60554]]}},{"type":"Feature","properties":{"kind":"commuter","ref":"경의·중앙","name":"경의·중앙선","colour":"#6AC2B3"},"geometry":{"type":"LineString","coordinates":[[127.17356,37.61336],[127.17098,37.6126]]}},{"type":"Feature","properties":{"kind":"commuter","ref":"경의·중앙","name":"경의·중앙선","colour":"#6AC2B3"},"geometry":{"type":"LineString","coordinates":[[127.21233,37.58497],[127.21205,37.58512]]}},{"type":"Feature","properties":{"kind":"commuter","ref":"경의·중앙","name":"경의·중앙선","colour":"#6AC2B3"},"geometry":{"type":"LineString","coordinates":[[127.20881,37.58689],[127.20766,37.58752],[127.20663,37.58808],[127.20537,37.58876],[127.20512,37.5889]]}},{"type":"Feature","properties":{"kind":"commuter","ref":"경의·중앙","name":"경의·중앙선","colour":"#6AC2B3"},"geometry":{"type":"LineString","coordinates":[[127.08155,37.59602],[127.08062,37.59585]]}},{"type":"Feature","properties":{"kind":"commuter","ref":"경의·중앙","name":"경의·중앙선","colour":"#6AC2B3"},"geometry":{"type":"LineString","coordinates":[[127.493,37.49122],[127.49361,37.49046],[127.49447,37.4894]]}},{"type":"Feature","properties":{"kind":"commuter","ref":"경의·중앙","name":"경의·중앙선","colour":"#6AC2B3"},"geometry":{"type":"LineString","coordinates":[[127.49269,37.49161],[127.493,37.49122]]}},{"type":"Feature","properties":{"kind":"commuter","ref":"경의·중앙","name":"경의·중앙선","colour":"#6AC2B3"},"geometry":{"type":"LineString","coordinates":[[127.4895,37.49586],[127.4904,37.49452],[127.49119,37.49355],[127.49222,37.49225],[127.49269,37.49161]]}},{"type":"Feature","properties":{"kind":"commuter","ref":"경의·중앙","name":"경의·중앙선","colour":"#6AC2B3"},"geometry":{"type":"LineString","coordinates":[[127.19383,37.60505],[127.19329,37.60571]]}},{"type":"Feature","properties":{"kind":"commuter","ref":"경의·중앙","name":"경의·중앙선","colour":"#6AC2B3"},"geometry":{"type":"LineString","coordinates":[[126.82356,37.61634],[126.82278,37.61698],[126.82147,37.61794],[126.81975,37.61935],[126.8183,37.62053],[126.81748,37.62128],[126.81725,37.6215]]}},{"type":"Feature","properties":{"kind":"commuter","ref":"경의·중앙","name":"경의·중앙선","colour":"#6AC2B3"},"geometry":{"type":"LineString","coordinates":[[126.8486,37.61235],[126.84723,37.61231],[126.84533,37.6122],[126.84349,37.61211],[126.83419,37.61199],[126.83203,37.61196],[126.83054,37.61204],[126.82922,37.61233],[126.8282,37.61273],[126.82734,37.61323],[126.82658,37.61381],[126.82544,37.61475],[126.8245,37.61551],[126.82402,37.61594]]}},{"type":"Feature","properties":{"kind":"commuter","ref":"경의·중앙","name":"경의·중앙선","colour":"#6AC2B3"},"geometry":{"type":"LineString","coordinates":[[127.14125,37.60277],[127.14089,37.60268]]}},{"type":"Feature","properties":{"kind":"commuter","ref":"경의·중앙","name":"경의·중앙선","colour":"#6AC2B3"},"geometry":{"type":"LineString","coordinates":[[127.5891,37.47969],[127.58905,37.47967]]}},{"type":"Feature","properties":{"kind":"commuter","ref":"경의·중앙","name":"경의·중앙선","colour":"#6AC2B3"},"geometry":{"type":"LineString","coordinates":[[126.9021,37.5762],[126.9011,37.57688],[126.89967,37.57784],[126.89855,37.57859],[126.89637,37.58006],[126.89547,37.58067]]}},{"type":"Feature","properties":{"kind":"commuter","ref":"경의·중앙","name":"경의·중앙선","colour":"#6AC2B3"},"geometry":{"type":"LineString","coordinates":[[126.96641,37.53059],[126.96637,37.53056]]}},{"type":"Feature","properties":{"kind":"commuter","ref":"경의·중앙","name":"경의·중앙선","colour":"#6AC2B3"},"geometry":{"type":"LineString","coordinates":[[126.91496,37.56849],[126.91333,37.56922],[126.91099,37.57026],[126.90916,37.57109],[126.90836,37.57155],[126.90742,37.57225],[126.90683,37.57272]]}},{"type":"Feature","properties":{"kind":"commuter","ref":"경의·중앙","name":"경의·중앙선","colour":"#6AC2B3"},"geometry":{"type":"LineString","coordinates":[[127.21205,37.58512],[127.20881,37.58689]]}},{"type":"Feature","properties":{"kind":"commuter","ref":"경의·중앙","name":"경의·중앙선","colour":"#6AC2B3"},"geometry":{"type":"LineString","coordinates":[[127.48851,37.49713],[127.48715,37.49885]]}},{"type":"Feature","properties":{"kind":"commuter","ref":"경의·중앙","name":"경의·중앙선","colour":"#6AC2B3"},"geometry":{"type":"LineString","coordinates":[[127.48875,37.49683],[127.48851,37.49713]]}},{"type":"Feature","properties":{"kind":"commuter","ref":"경의·중앙","name":"경의·중앙선","colour":"#6AC2B3"},"geometry":{"type":"LineString","coordinates":[[127.03882,37.56016],[127.03898,37.55907],[127.03918,37.55792],[127.03946,37.55659],[127.03958,37.55545],[127.03929,37.55428],[127.03862,37.55333],[127.03738,37.55237],[127.03616,37.55162],[127.03528,37.55091],[127.03426,37.54955],[127.03362,37.54865],[127.03287,37.54796],[127.03211,37.5475],[127.02899,37.54597],[127.02793,37.54554],[127.02695,37.54523],[127.02582,37.54489],[127.02468,37.54448],[127.02381,37.54397],[127.02189,37.54254],[127.02091,37.54186],[127.02051,37.54161]]}},{"type":"Feature","properties":{"kind":"commuter","ref":"경의·중앙","name":"경의·중앙선","colour":"#6AC2B3"},"geometry":{"type":"LineString","coordinates":[[127.03782,37.56493],[127.03789,37.56456]]}},{"type":"Feature","properties":{"kind":"commuter","ref":"경의·중앙","name":"경의·중앙선","colour":"#6AC2B3"},"geometry":{"type":"LineString","coordinates":[[127.03768,37.56575],[127.03782,37.56493]]}},{"type":"Feature","properties":{"kind":"commuter","ref":"경의·중앙","name":"경의·중앙선","colour":"#6AC2B3"},"geometry":{"type":"LineString","coordinates":[[127.03769,37.56612],[127.03768,37.56575]]}},{"type":"Feature","properties":{"kind":"commuter","ref":"경의·중앙","name":"경의·중앙선","colour":"#6AC2B3"},"geometry":{"type":"LineString","coordinates":[[126.8107,37.63018],[126.81053,37.63048]]}},{"type":"Feature","properties":{"kind":"commuter","ref":"경의·중앙","name":"경의·중앙선","colour":"#6AC2B3"},"geometry":{"type":"LineString","coordinates":[[126.80842,37.6341],[126.80785,37.63507],[126.80724,37.63635],[126.8066,37.63745],[126.80515,37.63996],[126.80228,37.64489]]}},{"type":"Feature","properties":{"kind":"commuter","ref":"경의·중앙","name":"경의·중앙선","colour":"#6AC2B3"},"geometry":{"type":"LineString","coordinates":[[126.80207,37.64526],[126.80141,37.64638],[126.79732,37.65332],[126.79684,37.65414],[126.79637,37.65495]]}},{"type":"Feature","properties":{"kind":"commuter","ref":"경의·중앙","name":"경의·중앙선","colour":"#6AC2B3"},"geometry":{"type":"LineString","coordinates":[[126.80228,37.64489],[126.80207,37.64526]]}},{"type":"Feature","properties":{"kind":"commuter","ref":"경의·중앙","name":"경의·중앙선","colour":"#6AC2B3"},"geometry":{"type":"LineString","coordinates":[[126.9688,37.53524],[126.96831,37.53587]]}},{"type":"Feature","properties":{"kind":"commuter","ref":"경의·중앙","name":"경의·중앙선","colour":"#6AC2B3"},"geometry":{"type":"LineString","coordinates":[[126.96886,37.53515],[126.9688,37.53524]]}},{"type":"Feature","properties":{"kind":"commuter","ref":"경의·중앙","name":"경의·중앙선","colour":"#6AC2B3"},"geometry":{"type":"LineString","coordinates":[[126.96348,37.53832],[126.96216,37.53863],[126.96104,37.53892],[126.95899,37.53943],[126.95764,37.53978],[126.95671,37.54015],[126.95541,37.54092],[126.95447,37.54142],[126.95351,37.54187],[126.95165,37.54273],[126.94965,37.54366],[126.94698,37.54486],[126.94566,37.54546],[126.94474,37.54583],[126.94226,37.54655],[126.9413,37.54691],[126.94035,37.54742],[126.93964,37.54799],[126.93867,37.54909],[126.93781,37.5502],[126.93712,37.55093],[126.93562,37.55202],[126.93427,37.55299],[126.93345,37.55358],[126.93251,37.55425],[126.9317,37.55484],[126.93076,37.55548],[126.9299,37.55598],[126.92851,37.55662],[126.92749,37.55709],[126.92668,37.55753],[126.92581,37.55825],[126.92453,37.55985],[126.92289,37.56189],[126.92112,37.56411],[126.91953,37.56614],[126.91884,37.56677],[126.91777,37.56729],[126.91594,37.56805],[126.91496,37.56849]]}},{"type":"Feature","properties":{"kind":"commuter","ref":"경의·중앙","name":"경의·중앙선","colour":"#6AC2B3"},"geometry":{"type":"LineString","coordinates":[[127.5891,37.47969],[127.58961,37.47988]]}},{"type":"Feature","properties":{"kind":"commuter","ref":"경의·중앙","name":"경의·중앙선","colour":"#6AC2B3"},"geometry":{"type":"LineString","coordinates":[[127.41308,37.51873],[127.41236,37.51867]]}},{"type":"Feature","properties":{"kind":"commuter","ref":"경의·중앙","name":"경의·중앙선","colour":"#6AC2B3"},"geometry":{"type":"LineString","coordinates":[[127.41339,37.51876],[127.41308,37.51873]]}},{"type":"Feature","properties":{"kind":"commuter","ref":"경의·중앙","name":"경의·중앙선","colour":"#6AC2B3"},"geometry":{"type":"LineString","coordinates":[[126.81087,37.62994],[126.8107,37.63018]]}},{"type":"Feature","properties":{"kind":"commuter","ref":"경의·중앙","name":"경의·중앙선","colour":"#6AC2B3"},"geometry":{"type":"LineString","coordinates":[[126.96637,37.53056],[126.96345,37.52847]]}},{"type":"Feature","properties":{"kind":"commuter","ref":"경의·중앙","name":"경의·중앙선","colour":"#6AC2B3"},"geometry":{"type":"LineString","coordinates":[[127.0383,37.56273],[127.03853,37.56157],[127.03882,37.56016]]}},{"type":"Feature","properties":{"kind":"commuter","ref":"경의·중앙","name":"경의·중앙선","colour":"#6AC2B3"},"geometry":{"type":"LineString","coordinates":[[127.03789,37.56456],[127.03812,37.56356]]}},{"type":"Feature","properties":{"kind":"commuter","ref":"경의·중앙","name":"경의·중앙선","colour":"#6AC2B3"},"geometry":{"type":"LineString","coordinates":[[127.05023,37.58319],[127.04946,37.58226],[127.0492,37.58195]]}},{"type":"Feature","properties":{"kind":"commuter","ref":"경의·중앙","name":"경의·중앙선","colour":"#6AC2B3"},"geometry":{"type":"LineString","coordinates":[[127.0474,37.57956],[127.0465,37.57838],[127.04567,37.5773]]}},{"type":"Feature","properties":{"kind":"commuter","ref":"경의·중앙","name":"경의·중앙선","colour":"#6AC2B3"},"geometry":{"type":"LineString","coordinates":[[127.31272,37.5535],[127.31092,37.55431],[127.3095,37.55494],[127.30699,37.55606],[127.30656,37.55625]]}},{"type":"Feature","properties":{"kind":"commuter","ref":"경의·중앙","name":"경의·중앙선","colour":"#6AC2B3"},"geometry":{"type":"LineString","coordinates":[[127.32456,37.54809],[127.32191,37.54935]]}},{"type":"Feature","properties":{"kind":"commuter","ref":"경의·중앙","name":"경의·중앙선","colour":"#6AC2B3"},"geometry":{"type":"LineString","coordinates":[[126.78453,37.67508],[126.78384,37.67576],[126.78309,37.67629],[126.78218,37.67677],[126.77849,37.67834],[126.77709,37.67896],[126.77637,37.67926]]}},{"type":"Feature","properties":{"kind":"commuter","ref":"경의·중앙","name":"경의·중앙선","colour":"#6AC2B3"},"geometry":{"type":"LineString","coordinates":[[126.77637,37.67926],[126.77615,37.67936]]}},{"type":"Feature","properties":{"kind":"commuter","ref":"경의·중앙","name":"경의·중앙선","colour":"#6AC2B3"},"geometry":{"type":"LineString","coordinates":[[126.82402,37.61594],[126.82364,37.61627]]}},{"type":"Feature","properties":{"kind":"commuter","ref":"경의·중앙","name":"경의·중앙선","colour":"#6AC2B3"},"geometry":{"type":"LineString","coordinates":[[126.82364,37.61627],[126.82356,37.61634]]}},{"type":"Feature","properties":{"kind":"commuter","ref":"경의·중앙","name":"경의·중앙선","colour":"#6AC2B3"},"geometry":{"type":"LineString","coordinates":[[126.81053,37.63048],[126.80932,37.63254],[126.80842,37.6341]]}},{"type":"Feature","properties":{"kind":"commuter","ref":"경의·중앙","name":"경의·중앙선","colour":"#6AC2B3"},"geometry":{"type":"LineString","coordinates":[[126.79311,37.66059],[126.79251,37.6616],[126.79046,37.66512],[126.78975,37.66637]]}},{"type":"Feature","properties":{"kind":"commuter","ref":"경의·중앙","name":"경의·중앙선","colour":"#6AC2B3"},"geometry":{"type":"LineString","coordinates":[[126.79637,37.65495],[126.79566,37.65616],[126.79503,37.65733],[126.79418,37.65877],[126.79373,37.65954],[126.79311,37.66059]]}},{"type":"Feature","properties":{"kind":"commuter","ref":"경의·중앙","name":"경의·중앙선","colour":"#6AC2B3"},"geometry":{"type":"LineString","coordinates":[[126.77615,37.67936],[126.77516,37.67978],[126.77365,37.68043],[126.77244,37.68091],[126.7715,37.68131],[126.76985,37.68201]]}},{"type":"Feature","properties":{"kind":"commuter","ref":"경의·중앙","name":"경의·중앙선","colour":"#6AC2B3"},"geometry":{"type":"LineString","coordinates":[[127.05048,37.58351],[127.05023,37.58319]]}},{"type":"Feature","properties":{"kind":"commuter","ref":"경의·중앙","name":"경의·중앙선","colour":"#6AC2B3"},"geometry":{"type":"LineString","coordinates":[[127.54058,37.46978],[127.53802,37.47013],[127.53623,37.47065],[127.5351,37.47107]]}},{"type":"Feature","properties":{"kind":"commuter","ref":"경의·중앙","name":"경의·중앙선","colour":"#6AC2B3"},"geometry":{"type":"LineString","coordinates":[[127.54097,37.46971],[127.54058,37.46978]]}},{"type":"Feature","properties":{"kind":"commuter","ref":"경의·중앙","name":"경의·중앙선","colour":"#6AC2B3"},"geometry":{"type":"LineString","coordinates":[[127.14294,37.6031],[127.14191,37.60287],[127.14125,37.60277]]}},{"type":"Feature","properties":{"kind":"commuter","ref":"경의·중앙","name":"경의·중앙선","colour":"#6AC2B3"},"geometry":{"type":"LineString","coordinates":[[127.24719,37.54562],[127.24711,37.54567]]}},{"type":"Feature","properties":{"kind":"commuter","ref":"경의·중앙","name":"경의·중앙선","colour":"#6AC2B3"},"geometry":{"type":"LineString","coordinates":[[127.32191,37.54935],[127.3203,37.55011]]}},{"type":"Feature","properties":{"kind":"commuter","ref":"경의·중앙","name":"경의·중앙선","colour":"#6AC2B3"},"geometry":{"type":"LineString","coordinates":[[127.03812,37.56356],[127.0383,37.56273]]}},{"type":"Feature","properties":{"kind":"commuter","ref":"경의·중앙","name":"경의·중앙선","colour":"#6AC2B3"},"geometry":{"type":"LineString","coordinates":[[127.06304,37.59206],[127.06182,37.59163],[127.06076,37.5911]]}},{"type":"Feature","properties":{"kind":"commuter","ref":"경의·중앙","name":"경의·중앙선","colour":"#6AC2B3"},"geometry":{"type":"LineString","coordinates":[[127.07266,37.59417],[127.07163,37.59394],[127.07062,37.59373],[127.06943,37.59347],[127.06849,37.59326]]}},{"type":"Feature","properties":{"kind":"commuter","ref":"경의·중앙","name":"경의·중앙선","colour":"#6AC2B3"},"geometry":{"type":"LineString","coordinates":[[127.06849,37.59326],[127.06843,37.59325]]}},{"type":"Feature","properties":{"kind":"label","ref":"경의·중앙","name":"경의·중앙선","colour":"#6AC2B3"},"geometry":{"type":"Point","coordinates":[126.99327,37.51974]}},{"type":"Feature","properties":{"kind":"subway","ref":"신분당","name":"수도권 전철 신분당선","colour":"#B81B30"},"geometry":{"type":"LineString","coordinates":[[127.01966,37.51575],[127.02001,37.51461],[127.02045,37.51299],[127.0219,37.50995],[127.02317,37.50724],[127.02388,37.50569],[127.02492,37.50357],[127.02614,37.50104],[127.02679,37.49964]]}},{"type":"Feature","properties":{"kind":"subway","ref":"신분당","name":"수도권 전철 신분당선","colour":"#B81B30"},"geometry":{"type":"LineString","coordinates":[[127.02679,37.49964],[127.02734,37.4985],[127.02782,37.49749],[127.02836,37.49632],[127.02905,37.49485],[127.02984,37.49323],[127.03038,37.49207],[127.03083,37.4911],[127.03155,37.48962],[127.03238,37.48788],[127.03278,37.48705],[127.03362,37.48529],[127.0341,37.48442],[127.035,37.48353],[127.03597,37.48259],[127.03663,37.48199],[127.03734,37.4812],[127.03786,37.48041],[127.03826,37.47955],[127.0385,37.47858],[127.03852,37.47698],[127.03831,37.47534],[127.03814,37.47393],[127.03825,37.47097],[127.03881,37.46622],[127.04078,37.46386],[127.05064,37.4527],[127.05158,37.45169],[127.05302,37.45018],[127.05312,37.45007]]}},{"type":"Feature","properties":{"kind":"subway","ref":"신분당","name":"수도권 전철 신분당선","colour":"#B81B30"},"geometry":{"type":"LineString","coordinates":[[127.0492,37.29865],[127.04807,37.29984]]}},{"type":"Feature","properties":{"kind":"subway","ref":"신분당","name":"수도권 전철 신분당선","colour":"#B81B30"},"geometry":{"type":"LineString","coordinates":[[127.04807,37.29984],[127.04785,37.30003]]}},{"type":"Feature","properties":{"kind":"subway","ref":"신분당","name":"수도권 전철 신분당선","colour":"#B81B30"},"geometry":{"type":"LineString","coordinates":[[127.04546,37.3015],[127.04513,37.30166]]}},{"type":"Feature","properties":{"kind":"subway","ref":"신분당","name":"수도권 전철 신분당선","colour":"#B81B30"},"geometry":{"type":"LineString","coordinates":[[127.04785,37.30003],[127.04685,37.30073],[127.04546,37.3015]]}},{"type":"Feature","properties":{"kind":"subway","ref":"신분당","name":"수도권 전철 신분당선","colour":"#B81B30"},"geometry":{"type":"LineString","coordinates":[[127.04513,37.30166],[127.04367,37.30241],[127.04352,37.30248]]}},{"type":"Feature","properties":{"kind":"subway","ref":"신분당","name":"수도권 전철 신분당선","colour":"#B81B30"},"geometry":{"type":"LineString","coordinates":[[127.10843,37.36737],[127.10851,37.36444],[127.10858,37.36217],[127.10881,37.35531],[127.10884,37.35391],[127.10887,37.3522],[127.10891,37.35007],[127.10894,37.34747],[127.10897,37.34584],[127.10878,37.34465],[127.10818,37.34388],[127.10736,37.3433],[127.10639,37.34295],[127.1046,37.34251],[127.10377,37.34212],[127.10309,37.34143],[127.10294,37.34022],[127.10289,37.33906],[127.10285,37.33788],[127.10283,37.33294],[127.10273,37.32894],[127.10246,37.32767],[127.10169,37.32677],[127.10077,37.3262],[127.09895,37.32511],[127.09635,37.32345],[127.09476,37.32249],[127.08691,37.31817],[127.08539,37.31759],[127.08347,37.31697],[127.08238,37.31655],[127.0817,37.31555],[127.08054,37.31375],[127.07989,37.3131],[127.07894,37.31256],[127.07749,37.31167],[127.07491,37.30663],[127.07489,37.30513],[127.07463,37.30409],[127.07413,37.30331],[127.07045,37.30065],[127.06934,37.29741],[127.06849,37.29465],[127.06823,37.29368],[127.0677,37.29291],[127.06674,37.29237],[127.06504,37.29166],[127.06349,37.29103],[127.06258,37.29044],[127.05775,37.28647],[127.05683,37.28593],[127.05522,37.28611],[127.05347,37.28707],[127.0515,37.28855],[127.04928,37.29017],[127.04849,37.29094],[127.04814,37.29183],[127.0483,37.29303],[127.04885,37.29403],[127.04977,37.29684],[127.04961,37.29802],[127.0492,37.29865]]}},{"type":"Feature","properties":{"kind":"subway","ref":"신분당","name":"수도권 전철 신분당선","colour":"#B81B30"},"geometry":{"type":"LineString","coordinates":[[127.05312,37.45007],[127.05456,37.4484],[127.05749,37.44525],[127.06188,37.43936],[127.07431,37.42662],[127.07984,37.42243],[127.08275,37.42021],[127.08527,37.41857],[127.09127,37.4153],[127.09487,37.41333],[127.10852,37.40683],[127.10968,37.40601],[127.1105,37.40503],[127.11087,37.40416],[127.1111,37.40278],[127.11118,37.39851],[127.11118,37.3954],[127.11119,37.39412],[127.11128,37.39129],[127.11124,37.38469],[127.11105,37.38344],[127.10961,37.38032],[127.10923,37.37933],[127.10893,37.37841],[127.10863,37.37726],[127.10844,37.37592],[127.10843,37.36757],[127.10843,37.36737]]}},{"type":"Feature","properties":{"kind":"label","ref":"신분당","name":"수도권 전철 신분당선","colour":"#B81B30"},"geometry":{"type":"Point","coordinates":[127.07749,37.31167]}},{"type":"Feature","properties":{"kind":"subway","ref":"경강","name":"수도권 전철 경강선","colour":"#0B318F"},"geometry":{"type":"LineString","coordinates":[[127.20115,37.40745],[127.20243,37.40815]]}},{"type":"Feature","properties":{"kind":"subway","ref":"경강","name":"수도권 전철 경강선","colour":"#0B318F"},"geometry":{"type":"LineString","coordinates":[[127.20562,37.41],[127.21015,37.41284],[127.21193,37.41333],[127.21316,37.41346],[127.21498,37.41346],[127.21676,37.41317],[127.21818,37.41283],[127.21955,37.41249],[127.22101,37.4121],[127.22251,37.41164],[127.22466,37.41092],[127.23706,37.40583],[127.24465,37.40264],[127.24776,37.40132],[127.24955,37.40059]]}},{"type":"Feature","properties":{"kind":"subway","ref":"경강","name":"수도권 전철 경강선","colour":"#0B318F"},"geometry":{"type":"LineString","coordinates":[[127.24955,37.40059],[127.25108,37.39989]]}},{"type":"Feature","properties":{"kind":"subway","ref":"경강","name":"수도권 전철 경강선","colour":"#0B318F"},"geometry":{"type":"LineString","coordinates":[[127.26091,37.39563],[127.26457,37.39423],[127.27274,37.39069],[127.27678,37.38852],[127.27873,37.38733],[127.28206,37.38491],[127.28287,37.38396],[127.28381,37.38273],[127.28452,37.38194],[127.29122,37.3772],[127.29231,37.37666],[127.29339,37.3762],[127.29458,37.37576],[127.29851,37.37402],[127.2994,37.37363]]}},{"type":"Feature","properties":{"kind":"subway","ref":"경강","name":"수도권 전철 경강선","colour":"#0B318F"},"geometry":{"type":"LineString","coordinates":[[127.2994,37.37363],[127.30047,37.37317],[127.30195,37.37252]]}},{"type":"Feature","properties":{"kind":"subway","ref":"경강","name":"수도권 전철 경강선","colour":"#0B318F"},"geometry":{"type":"LineString","coordinates":[[127.32435,37.36285],[127.32654,37.36176],[127.32759,37.36115],[127.32926,37.3599]]}},{"type":"Feature","properties":{"kind":"subway","ref":"경강","name":"수도권 전철 경강선","colour":"#0B318F"},"geometry":{"type":"LineString","coordinates":[[127.32926,37.3599],[127.32998,37.35929]]}},{"type":"Feature","properties":{"kind":"subway","ref":"경강","name":"수도권 전철 경강선","colour":"#0B318F"},"geometry":{"type":"LineString","coordinates":[[127.36335,37.34663],[127.36449,37.34635],[127.36601,37.34602],[127.36743,37.34571],[127.36964,37.34496],[127.37156,37.34399],[127.38037,37.33832],[127.38898,37.33282],[127.3922,37.3307],[127.3945,37.32929],[127.39683,37.32783],[127.39858,37.32661],[127.39955,37.32588],[127.40064,37.3249],[127.40185,37.32337],[127.40359,37.31955],[127.40433,37.31805]]}},{"type":"Feature","properties":{"kind":"subway","ref":"경강","name":"수도권 전철 경강선","colour":"#0B318F"},"geometry":{"type":"LineString","coordinates":[[127.41172,37.29985],[127.4131,37.29652],[127.41342,37.29518],[127.4135,37.29374],[127.41345,37.29247],[127.41186,37.28008],[127.41181,37.27824],[127.41205,37.27633],[127.41255,37.27472],[127.41321,37.27357],[127.41382,37.27279],[127.41442,37.27215],[127.4159,37.27074],[127.42007,37.2674],[127.42098,37.26682],[127.42199,37.2663],[127.42346,37.26566],[127.42523,37.26503],[127.42666,37.2646],[127.42783,37.26437],[127.42992,37.26421]]}},{"type":"Feature","properties":{"kind":"subway","ref":"경강","name":"수도권 전철 경강선","colour":"#0B318F"},"geometry":{"type":"LineString","coordinates":[[127.42992,37.26421],[127.43135,37.26421],[127.43312,37.26421]]}},{"type":"Feature","properties":{"kind":"subway","ref":"경강","name":"수도권 전철 경강선","colour":"#0B318F"},"geometry":{"type":"LineString","coordinates":[[127.60628,37.2896],[127.60735,37.28941],[127.60859,37.28915],[127.61037,37.28855],[127.61129,37.28806],[127.61203,37.28759],[127.61283,37.28704],[127.61448,37.28582],[127.61562,37.28516]]}},{"type":"Feature","properties":{"kind":"subway","ref":"경강","name":"수도권 전철 경강선","colour":"#0B318F"},"geometry":{"type":"LineString","coordinates":[[127.59061,37.29221],[127.60628,37.2896]]}},{"type":"Feature","properties":{"kind":"subway","ref":"경강","name":"수도권 전철 경강선","colour":"#0B318F"},"geometry":{"type":"LineString","coordinates":[[127.58921,37.29245],[127.59061,37.29221]]}},{"type":"Feature","properties":{"kind":"subway","ref":"경강","name":"수도권 전철 경강선","colour":"#0B318F"},"geometry":{"type":"LineString","coordinates":[[127.58871,37.29255],[127.58921,37.29245]]}},{"type":"Feature","properties":{"kind":"subway","ref":"경강","name":"수도권 전철 경강선","colour":"#0B318F"},"geometry":{"type":"LineString","coordinates":[[127.6201,37.28391],[127.62286,37.28357],[127.62445,37.2834]]}},{"type":"Feature","properties":{"kind":"subway","ref":"경강","name":"수도권 전철 경강선","colour":"#0B318F"},"geometry":{"type":"LineString","coordinates":[[127.50391,37.26436],[127.50434,37.26447]]}},{"type":"Feature","properties":{"kind":"subway","ref":"경강","name":"수도권 전철 경강선","colour":"#0B318F"},"geometry":{"type":"LineString","coordinates":[[127.50434,37.26447],[127.50564,37.26481],[127.5069,37.26516],[127.50951,37.26614]]}},{"type":"Feature","properties":{"kind":"subway","ref":"경강","name":"수도권 전철 경강선","colour":"#0B318F"},"geometry":{"type":"LineString","coordinates":[[127.50016,37.26329],[127.50326,37.26418]]}},{"type":"Feature","properties":{"kind":"subway","ref":"경강","name":"수도권 전철 경강선","colour":"#0B318F"},"geometry":{"type":"LineString","coordinates":[[127.50326,37.26418],[127.50391,37.26436]]}},{"type":"Feature","properties":{"kind":"subway","ref":"경강","name":"수도권 전철 경강선","colour":"#0B318F"},"geometry":{"type":"LineString","coordinates":[[127.50951,37.26614],[127.51171,37.26694],[127.51266,37.26741]]}},{"type":"Feature","properties":{"kind":"subway","ref":"경강","name":"수도권 전철 경강선","colour":"#0B318F"},"geometry":{"type":"LineString","coordinates":[[127.51266,37.26741],[127.51372,37.26781],[127.51825,37.26973]]}},{"type":"Feature","properties":{"kind":"subway","ref":"경강","name":"수도권 전철 경강선","colour":"#0B318F"},"geometry":{"type":"LineString","coordinates":[[127.49031,37.26043],[127.49153,37.26078],[127.49311,37.26124]]}},{"type":"Feature","properties":{"kind":"subway","ref":"경강","name":"수도권 전철 경강선","colour":"#0B318F"},"geometry":{"type":"LineString","coordinates":[[127.48222,37.25807],[127.48458,37.25875]]}},{"type":"Feature","properties":{"kind":"subway","ref":"경강","name":"수도권 전철 경강선","colour":"#0B318F"},"geometry":{"type":"LineString","coordinates":[[127.47725,37.25725],[127.47843,37.25727],[127.48013,37.25751]]}},{"type":"Feature","properties":{"kind":"subway","ref":"경강","name":"수도권 전철 경강선","colour":"#0B318F"},"geometry":{"type":"LineString","coordinates":[[127.4767,37.25728],[127.47725,37.25725]]}},{"type":"Feature","properties":{"kind":"subway","ref":"경강","name":"수도권 전철 경강선","colour":"#0B318F"},"geometry":{"type":"LineString","coordinates":[[127.46881,37.26043],[127.47033,37.25969],[127.47228,37.25866],[127.47361,37.25803],[127.47498,37.25757],[127.47618,37.25733],[127.4767,37.25728]]}},{"type":"Feature","properties":{"kind":"subway","ref":"경강","name":"수도권 전철 경강선","colour":"#0B318F"},"geometry":{"type":"LineString","coordinates":[[127.46651,37.26134],[127.46753,37.26099],[127.46881,37.26043]]}},{"type":"Feature","properties":{"kind":"subway","ref":"경강","name":"수도권 전철 경강선","colour":"#0B318F"},"geometry":{"type":"LineString","coordinates":[[127.46219,37.26242],[127.46366,37.26213],[127.46468,37.26189],[127.46563,37.26162],[127.46651,37.26134]]}},{"type":"Feature","properties":{"kind":"subway","ref":"경강","name":"수도권 전철 경강선","colour":"#0B318F"},"geometry":{"type":"LineString","coordinates":[[127.44537,37.26427],[127.44926,37.2643],[127.451,37.26424],[127.45345,37.26401],[127.45459,37.26385],[127.46219,37.26242]]}},{"type":"Feature","properties":{"kind":"subway","ref":"경강","name":"수도권 전철 경강선","colour":"#0B318F"},"geometry":{"type":"LineString","coordinates":[[127.43353,37.26421],[127.43566,37.2642],[127.44058,37.26423],[127.44218,37.26425],[127.44537,37.26427]]}},{"type":"Feature","properties":{"kind":"subway","ref":"경강","name":"수도권 전철 경강선","colour":"#0B318F"},"geometry":{"type":"LineString","coordinates":[[127.43312,37.26421],[127.43353,37.26421]]}},{"type":"Feature","properties":{"kind":"subway","ref":"경강","name":"수도권 전철 경강선","colour":"#0B318F"},"geometry":{"type":"LineString","coordinates":[[127.41044,37.30263],[127.41072,37.30199]]}},{"type":"Feature","properties":{"kind":"subway","ref":"경강","name":"수도권 전철 경강선","colour":"#0B318F"},"geometry":{"type":"LineString","coordinates":[[127.41072,37.30199],[127.41172,37.29985]]}},{"type":"Feature","properties":{"kind":"subway","ref":"경강","name":"수도권 전철 경강선","colour":"#0B318F"},"geometry":{"type":"LineString","coordinates":[[127.40998,37.30373],[127.41044,37.30263]]}},{"type":"Feature","properties":{"kind":"subway","ref":"경강","name":"수도권 전철 경강선","colour":"#0B318F"},"geometry":{"type":"LineString","coordinates":[[127.40965,37.30457],[127.40998,37.30373]]}},{"type":"Feature","properties":{"kind":"subway","ref":"경강","name":"수도권 전철 경강선","colour":"#0B318F"},"geometry":{"type":"LineString","coordinates":[[127.40937,37.30526],[127.40965,37.30457]]}},{"type":"Feature","properties":{"kind":"subway","ref":"경강","name":"수도권 전철 경강선","colour":"#0B318F"},"geometry":{"type":"LineString","coordinates":[[127.40854,37.30735],[127.40857,37.30725]]}},{"type":"Feature","properties":{"kind":"subway","ref":"경강","name":"수도권 전철 경강선","colour":"#0B318F"},"geometry":{"type":"LineString","coordinates":[[127.40857,37.30725],[127.40937,37.30526]]}},{"type":"Feature","properties":{"kind":"subway","ref":"경강","name":"수도권 전철 경강선","colour":"#0B318F"},"geometry":{"type":"LineString","coordinates":[[127.40433,37.31805],[127.40528,37.31568],[127.40572,37.31457],[127.40854,37.30735]]}},{"type":"Feature","properties":{"kind":"subway","ref":"경강","name":"수도권 전철 경강선","colour":"#0B318F"},"geometry":{"type":"LineString","coordinates":[[127.36112,37.34708],[127.36335,37.34663]]}},{"type":"Feature","properties":{"kind":"subway","ref":"경강","name":"수도권 전철 경강선","colour":"#0B318F"},"geometry":{"type":"LineString","coordinates":[[127.35653,37.34802],[127.36112,37.34708]]}},{"type":"Feature","properties":{"kind":"subway","ref":"경강","name":"수도권 전철 경강선","colour":"#0B318F"},"geometry":{"type":"LineString","coordinates":[[127.34889,37.34979],[127.35127,37.34913],[127.35408,37.3485],[127.35653,37.34802]]}},{"type":"Feature","properties":{"kind":"subway","ref":"경강","name":"수도권 전철 경강선","colour":"#0B318F"},"geometry":{"type":"LineString","coordinates":[[127.32145,37.3641],[127.32435,37.36285]]}},{"type":"Feature","properties":{"kind":"subway","ref":"경강","name":"수도권 전철 경강선","colour":"#0B318F"},"geometry":{"type":"LineString","coordinates":[[127.30195,37.37252],[127.30841,37.36974],[127.31396,37.36734],[127.31658,37.36621],[127.31864,37.36533],[127.32145,37.3641]]}},{"type":"Feature","properties":{"kind":"subway","ref":"경강","name":"수도권 전철 경강선","colour":"#0B318F"},"geometry":{"type":"LineString","coordinates":[[127.26047,37.39582],[127.26091,37.39563]]}},{"type":"Feature","properties":{"kind":"subway","ref":"경강","name":"수도권 전철 경강선","colour":"#0B318F"},"geometry":{"type":"LineString","coordinates":[[127.25108,37.39989],[127.25193,37.39951],[127.2533,37.39892],[127.25672,37.39743],[127.25931,37.3963],[127.26047,37.39582]]}},{"type":"Feature","properties":{"kind":"subway","ref":"경강","name":"수도권 전철 경강선","colour":"#0B318F"},"geometry":{"type":"LineString","coordinates":[[127.20482,37.40951],[127.20562,37.41]]}},{"type":"Feature","properties":{"kind":"subway","ref":"경강","name":"수도권 전철 경강선","colour":"#0B318F"},"geometry":{"type":"LineString","coordinates":[[127.20243,37.40815],[127.20337,37.40867],[127.20482,37.40951]]}},{"type":"Feature","properties":{"kind":"subway","ref":"경강","name":"수도권 전철 경강선","colour":"#0B318F"},"geometry":{"type":"LineString","coordinates":[[127.61562,37.28516],[127.61683,37.28462],[127.61838,37.28417],[127.61942,37.28399],[127.6201,37.28391]]}},{"type":"Feature","properties":{"kind":"subway","ref":"경강","name":"수도권 전철 경강선","colour":"#0B318F"},"geometry":{"type":"LineString","coordinates":[[127.57224,37.29361],[127.57996,37.29339],[127.58083,37.29338]]}},{"type":"Feature","properties":{"kind":"subway","ref":"경강","name":"수도권 전철 경강선","colour":"#0B318F"},"geometry":{"type":"LineString","coordinates":[[127.57145,37.29362],[127.57224,37.29361]]}},{"type":"Feature","properties":{"kind":"subway","ref":"경강","name":"수도권 전철 경강선","colour":"#0B318F"},"geometry":{"type":"LineString","coordinates":[[127.56249,37.29387],[127.56985,37.29366],[127.57145,37.29362]]}},{"type":"Feature","properties":{"kind":"subway","ref":"경강","name":"수도권 전철 경강선","colour":"#0B318F"},"geometry":{"type":"LineString","coordinates":[[127.55414,37.29324],[127.55619,37.29363],[127.55769,37.2938],[127.55882,37.29388],[127.56045,37.29392],[127.56249,37.29387]]}},{"type":"Feature","properties":{"kind":"subway","ref":"경강","name":"수도권 전철 경강선","colour":"#0B318F"},"geometry":{"type":"LineString","coordinates":[[127.52536,37.27401],[127.52726,37.27544],[127.5288,37.27664]]}},{"type":"Feature","properties":{"kind":"subway","ref":"경강","name":"수도권 전철 경강선","colour":"#0B318F"},"geometry":{"type":"LineString","coordinates":[[127.52458,37.27343],[127.52536,37.27401]]}},{"type":"Feature","properties":{"kind":"subway","ref":"경강","name":"수도권 전철 경강선","colour":"#0B318F"},"geometry":{"type":"LineString","coordinates":[[127.32998,37.35929],[127.33539,37.35477],[127.33639,37.35403],[127.3372,37.35352],[127.33866,37.35281],[127.33968,37.35241],[127.34246,37.35159],[127.34355,37.35129]]}},{"type":"Feature","properties":{"kind":"subway","ref":"경강","name":"수도권 전철 경강선","colour":"#0B318F"},"geometry":{"type":"LineString","coordinates":[[127.51825,37.26973],[127.51893,37.27004]]}},{"type":"Feature","properties":{"kind":"subway","ref":"경강","name":"수도권 전철 경강선","colour":"#0B318F"},"geometry":{"type":"LineString","coordinates":[[127.51893,37.27004],[127.52039,37.27072],[127.5215,37.27134],[127.52266,37.27207],[127.52458,37.27343]]}},{"type":"Feature","properties":{"kind":"subway","ref":"경강","name":"수도권 전철 경강선","colour":"#0B318F"},"geometry":{"type":"LineString","coordinates":[[127.5288,37.27664],[127.52896,37.27676]]}},{"type":"Feature","properties":{"kind":"subway","ref":"경강","name":"수도권 전철 경강선","colour":"#0B318F"},"geometry":{"type":"LineString","coordinates":[[127.52896,37.27676],[127.52993,37.2775],[127.53295,37.27981],[127.53519,37.28156],[127.53819,37.28388],[127.54006,37.28531],[127.54268,37.28733],[127.54467,37.28889],[127.5465,37.29012],[127.54734,37.29063],[127.54907,37.29149],[127.54993,37.29187],[127.55099,37.29229],[127.55231,37.29274],[127.55414,37.29324]]}},{"type":"Feature","properties":{"kind":"subway","ref":"경강","name":"수도권 전철 경강선","colour":"#0B318F"},"geometry":{"type":"LineString","coordinates":[[127.58083,37.29338],[127.58109,37.29336]]}},{"type":"Feature","properties":{"kind":"subway","ref":"경강","name":"수도권 전철 경강선","colour":"#0B318F"},"geometry":{"type":"LineString","coordinates":[[127.58109,37.29336],[127.58334,37.29325],[127.5856,37.29303],[127.58678,37.29286],[127.58871,37.29255]]}},{"type":"Feature","properties":{"kind":"subway","ref":"경강","name":"수도권 전철 경강선","colour":"#0B318F"},"geometry":{"type":"LineString","coordinates":[[127.62519,37.28327],[127.62901,37.28282],[127.62945,37.28275]]}},{"type":"Feature","properties":{"kind":"subway","ref":"경강","name":"수도권 전철 경강선","colour":"#0B318F"},"geometry":{"type":"LineString","coordinates":[[127.11157,37.39476],[127.11651,37.39472],[127.12009,37.39474],[127.12348,37.39475],[127.12672,37.3947],[127.12867,37.39468],[127.13132,37.39494],[127.13273,37.39516],[127.13436,37.39552],[127.13885,37.39662],[127.14552,37.3983],[127.15451,37.40038],[127.16582,37.40289],[127.16751,37.40316],[127.17223,37.40391],[127.17431,37.40401],[127.17557,37.40404],[127.1797,37.4042],[127.18217,37.40428],[127.18452,37.40443],[127.18666,37.40454],[127.18909,37.40484],[127.19176,37.40518],[127.19291,37.40531],[127.19419,37.40541],[127.19556,37.4055],[127.19747,37.40586],[127.19863,37.40629],[127.19978,37.40682],[127.20115,37.40745]]}},{"type":"Feature","properties":{"kind":"subway","ref":"경강","name":"수도권 전철 경강선","colour":"#0B318F"},"geometry":{"type":"LineString","coordinates":[[127.34355,37.35129],[127.34629,37.35052],[127.3484,37.34993]]}},{"type":"Feature","properties":{"kind":"subway","ref":"경강","name":"수도권 전철 경강선","colour":"#0B318F"},"geometry":{"type":"LineString","coordinates":[[127.62445,37.2834],[127.62519,37.28327]]}},{"type":"Feature","properties":{"kind":"subway","ref":"경강","name":"수도권 전철 경강선","colour":"#0B318F"},"geometry":{"type":"LineString","coordinates":[[127.48458,37.25875],[127.48577,37.2591],[127.4874,37.25957]]}},{"type":"Feature","properties":{"kind":"subway","ref":"경강","name":"수도권 전철 경강선","colour":"#0B318F"},"geometry":{"type":"LineString","coordinates":[[127.4874,37.25957],[127.48955,37.2602],[127.49031,37.26043]]}},{"type":"Feature","properties":{"kind":"subway","ref":"경강","name":"수도권 전철 경강선","colour":"#0B318F"},"geometry":{"type":"LineString","coordinates":[[127.49568,37.26199],[127.50016,37.26329]]}},{"type":"Feature","properties":{"kind":"subway","ref":"경강","name":"수도권 전철 경강선","colour":"#0B318F"},"geometry":{"type":"LineString","coordinates":[[127.49311,37.26124],[127.4946,37.26168],[127.49568,37.26199]]}},{"type":"Feature","properties":{"kind":"subway","ref":"경강","name":"수도권 전철 경강선","colour":"#0B318F"},"geometry":{"type":"LineString","coordinates":[[127.48013,37.25751],[127.48222,37.25807]]}},{"type":"Feature","properties":{"kind":"subway","ref":"경강","name":"수도권 전철 경강선","colour":"#0B318F"},"geometry":{"type":"LineString","coordinates":[[127.3484,37.34993],[127.34889,37.34979]]}},{"type":"Feature","properties":{"kind":"label","ref":"경강","name":"수도권 전철 경강선","colour":"#0B318F"},"geometry":{"type":"Point","coordinates":[127.16751,37.40316]}},{"type":"Feature","properties":{"kind":"commuter","ref":"동해","name":"동해선 광역전철","colour":"#0054A6"},"geometry":{"type":"LineString","coordinates":[[129.29262,35.34448],[129.29284,35.34559],[129.29307,35.34684],[129.2935,35.34817],[129.2937,35.34921],[129.29374,35.34978]]}},{"type":"Feature","properties":{"kind":"commuter","ref":"동해","name":"동해선 광역전철","colour":"#0054A6"},"geometry":{"type":"LineString","coordinates":[[129.20389,35.19077],[129.20525,35.19299],[129.2058,35.19376],[129.20662,35.19472],[129.20741,35.19552],[129.20899,35.19692],[129.20984,35.19774],[129.21043,35.19854],[129.2109,35.19962],[129.21102,35.20021]]}},{"type":"Feature","properties":{"kind":"commuter","ref":"동해","name":"동해선 광역전철","colour":"#0054A6"},"geometry":{"type":"LineString","coordinates":[[129.20058,35.18534],[129.20162,35.18703],[129.20243,35.18836],[129.20389,35.19077]]}},{"type":"Feature","properties":{"kind":"commuter","ref":"동해","name":"동해선 광역전철","colour":"#0054A6"},"geometry":{"type":"LineString","coordinates":[[129.14063,35.16946],[129.14195,35.16936],[129.14303,35.16949],[129.14795,35.17061],[129.14971,35.17124],[129.15831,35.17935],[129.15958,35.18026],[129.161,35.1811],[129.16219,35.18164],[129.16344,35.18208],[129.165,35.18248],[129.16616,35.18269],[129.16735,35.18287],[129.16951,35.183],[129.17086,35.18296],[129.17239,35.18284],[129.17357,35.18267],[129.17426,35.1825]]}},{"type":"Feature","properties":{"kind":"commuter","ref":"동해","name":"동해선 광역전철","colour":"#0054A6"},"geometry":{"type":"LineString","coordinates":[[129.17975,35.18093],[129.18457,35.17958],[129.1864,35.17923],[129.18855,35.17904],[129.19059,35.17903],[129.19247,35.17919],[129.19354,35.17939],[129.19451,35.17967],[129.1959,35.18028],[129.19668,35.18072],[129.1973,35.18113]]}},{"type":"Feature","properties":{"kind":"commuter","ref":"동해","name":"동해선 광역전철","colour":"#0054A6"},"geometry":{"type":"LineString","coordinates":[[129.32383,35.50892],[129.3247,35.50921]]}},{"type":"Feature","properties":{"kind":"commuter","ref":"동해","name":"동해선 광역전철","colour":"#0054A6"},"geometry":{"type":"LineString","coordinates":[[129.31229,35.50506],[129.31298,35.50525]]}},{"type":"Feature","properties":{"kind":"commuter","ref":"동해","name":"동해선 광역전철","colour":"#0054A6"},"geometry":{"type":"LineString","coordinates":[[129.31584,35.50609],[129.31638,35.50626]]}},{"type":"Feature","properties":{"kind":"commuter","ref":"동해","name":"동해선 광역전철","colour":"#0054A6"},"geometry":{"type":"LineString","coordinates":[[129.31298,35.50525],[129.31584,35.50609]]}},{"type":"Feature","properties":{"kind":"commuter","ref":"동해","name":"동해선 광역전철","colour":"#0054A6"},"geometry":{"type":"LineString","coordinates":[[129.31638,35.50626],[129.31786,35.50674],[129.31923,35.50723],[129.32037,35.50762],[129.32194,35.50822],[129.32383,35.50892]]}},{"type":"Feature","properties":{"kind":"commuter","ref":"동해","name":"동해선 광역전철","colour":"#0054A6"},"geometry":{"type":"LineString","coordinates":[[129.33262,35.51128],[129.33421,35.51146],[129.3354,35.51176],[129.33582,35.5119]]}},{"type":"Feature","properties":{"kind":"commuter","ref":"동해","name":"동해선 광역전철","colour":"#0054A6"},"geometry":{"type":"LineString","coordinates":[[129.33061,35.51116],[129.33186,35.51123],[129.33262,35.51128]]}},{"type":"Feature","properties":{"kind":"commuter","ref":"동해","name":"동해선 광역전철","colour":"#0054A6"},"geometry":{"type":"LineString","coordinates":[[129.32804,35.51054],[129.32915,35.51091],[129.33061,35.51116]]}},{"type":"Feature","properties":{"kind":"commuter","ref":"동해","name":"동해선 광역전철","colour":"#0054A6"},"geometry":{"type":"LineString","coordinates":[[129.3247,35.50921],[129.3269,35.51009],[129.32804,35.51054]]}},{"type":"Feature","properties":{"kind":"commuter","ref":"동해","name":"동해선 광역전철","colour":"#0054A6"},"geometry":{"type":"LineString","coordinates":[[129.33582,35.5119],[129.33662,35.5123]]}},{"type":"Feature","properties":{"kind":"commuter","ref":"동해","name":"동해선 광역전철","colour":"#0054A6"},"geometry":{"type":"LineString","coordinates":[[129.3418,35.51822],[129.3427,35.51949]]}},{"type":"Feature","properties":{"kind":"commuter","ref":"동해","name":"동해선 광역전철","colour":"#0054A6"},"geometry":{"type":"LineString","coordinates":[[129.34321,35.52023],[129.34423,35.52171]]}},{"type":"Feature","properties":{"kind":"commuter","ref":"동해","name":"동해선 광역전철","colour":"#0054A6"},"geometry":{"type":"LineString","coordinates":[[129.3427,35.51949],[129.34321,35.52023]]}},{"type":"Feature","properties":{"kind":"commuter","ref":"동해","name":"동해선 광역전철","colour":"#0054A6"},"geometry":{"type":"LineString","coordinates":[[129.34423,35.52171],[129.34485,35.52261],[129.34568,35.52382],[129.34647,35.52492]]}},{"type":"Feature","properties":{"kind":"commuter","ref":"동해","name":"동해선 광역전철","colour":"#0054A6"},"geometry":{"type":"LineString","coordinates":[[129.06164,35.16507],[129.06398,35.1662],[129.06504,35.1668],[129.06627,35.16794],[129.06678,35.16897],[129.06703,35.17142],[129.0671,35.17316],[129.06718,35.17495],[129.06728,35.17621],[129.06753,35.17728],[129.06791,35.17832],[129.06828,35.17932],[129.06871,35.18046],[129.06931,35.18206],[129.06979,35.18333],[129.07045,35.18507],[129.07088,35.18594],[129.07139,35.18665],[129.07277,35.18805],[129.07493,35.19016],[129.07646,35.19164],[129.07721,35.19232],[129.07797,35.19288],[129.07903,35.19348],[129.0805,35.1943],[129.08133,35.19483],[129.08247,35.19582],[129.08318,35.19646],[129.08403,35.19724],[129.08478,35.19778],[129.08577,35.19815],[129.0871,35.19821],[129.08864,35.19788],[129.09042,35.19745],[129.09223,35.19702],[129.09335,35.19673],[129.09465,35.19644],[129.09604,35.19623],[129.09733,35.19617],[129.09972,35.19608],[129.10153,35.19603],[129.10512,35.19591],[129.10639,35.19578],[129.10754,35.19551],[129.10893,35.195],[129.10956,35.19476]]}},{"type":"Feature","properties":{"kind":"commuter","ref":"동해","name":"동해선 광역전철","colour":"#0054A6"},"geometry":{"type":"LineString","coordinates":[[129.13214,35.17367],[129.13298,35.17327],[129.13527,35.17204]]}},{"type":"Feature","properties":{"kind":"commuter","ref":"동해","name":"동해선 광역전철","colour":"#0054A6"},"geometry":{"type":"LineString","coordinates":[[129.13527,35.17204],[129.13682,35.17121],[129.13774,35.1707]]}},{"type":"Feature","properties":{"kind":"commuter","ref":"동해","name":"동해선 광역전철","colour":"#0054A6"},"geometry":{"type":"LineString","coordinates":[[129.1314,35.17398],[129.13214,35.17367]]}},{"type":"Feature","properties":{"kind":"commuter","ref":"동해","name":"동해선 광역전철","colour":"#0054A6"},"geometry":{"type":"LineString","coordinates":[[129.12772,35.17563],[129.12867,35.175],[129.13066,35.17425],[129.1314,35.17398]]}},{"type":"Feature","properties":{"kind":"commuter","ref":"동해","name":"동해선 광역전철","colour":"#0054A6"},"geometry":{"type":"LineString","coordinates":[[129.12212,35.18247],[129.12241,35.18211]]}},{"type":"Feature","properties":{"kind":"commuter","ref":"동해","name":"동해선 광역전철","colour":"#0054A6"},"geometry":{"type":"LineString","coordinates":[[129.127,35.17642],[129.12758,35.17576],[129.12772,35.17563]]}},{"type":"Feature","properties":{"kind":"commuter","ref":"동해","name":"동해선 광역전철","colour":"#0054A6"},"geometry":{"type":"LineString","coordinates":[[129.12623,35.17737],[129.127,35.17642]]}},{"type":"Feature","properties":{"kind":"commuter","ref":"동해","name":"동해선 광역전철","colour":"#0054A6"},"geometry":{"type":"LineString","coordinates":[[129.12597,35.1777],[129.12623,35.17737]]}},{"type":"Feature","properties":{"kind":"commuter","ref":"동해","name":"동해선 광역전철","colour":"#0054A6"},"geometry":{"type":"LineString","coordinates":[[129.12274,35.1817],[129.12398,35.18017],[129.12535,35.17847],[129.12597,35.1777]]}},{"type":"Feature","properties":{"kind":"commuter","ref":"동해","name":"동해선 광역전철","colour":"#0054A6"},"geometry":{"type":"LineString","coordinates":[[129.12241,35.18211],[129.12274,35.1817]]}},{"type":"Feature","properties":{"kind":"commuter","ref":"동해","name":"동해선 광역전철","colour":"#0054A6"},"geometry":{"type":"LineString","coordinates":[[129.1199,35.19024],[129.12002,35.18903]]}},{"type":"Feature","properties":{"kind":"commuter","ref":"동해","name":"동해선 광역전철","colour":"#0054A6"},"geometry":{"type":"LineString","coordinates":[[129.12002,35.18903],[129.12004,35.18881]]}},{"type":"Feature","properties":{"kind":"commuter","ref":"동해","name":"동해선 광역전철","colour":"#0054A6"},"geometry":{"type":"LineString","coordinates":[[129.12021,35.18729],[129.12035,35.18598],[129.12052,35.18493],[129.12098,35.18394],[129.12212,35.18247]]}},{"type":"Feature","properties":{"kind":"commuter","ref":"동해","name":"동해선 광역전철","colour":"#0054A6"},"geometry":{"type":"LineString","coordinates":[[129.12004,35.18881],[129.1202,35.18741],[129.12021,35.18729]]}},{"type":"Feature","properties":{"kind":"commuter","ref":"동해","name":"동해선 광역전철","colour":"#0054A6"},"geometry":{"type":"LineString","coordinates":[[129.13982,35.16968],[129.14015,35.16957]]}},{"type":"Feature","properties":{"kind":"commuter","ref":"동해","name":"동해선 광역전철","colour":"#0054A6"},"geometry":{"type":"LineString","coordinates":[[129.14015,35.16957],[129.14063,35.16946]]}},{"type":"Feature","properties":{"kind":"commuter","ref":"동해","name":"동해선 광역전철","colour":"#0054A6"},"geometry":{"type":"LineString","coordinates":[[129.13875,35.17017],[129.1397,35.16972],[129.13982,35.16968]]}},{"type":"Feature","properties":{"kind":"commuter","ref":"동해","name":"동해선 광역전철","colour":"#0054A6"},"geometry":{"type":"LineString","coordinates":[[129.13774,35.1707],[129.13875,35.17017]]}},{"type":"Feature","properties":{"kind":"commuter","ref":"동해","name":"동해선 광역전철","colour":"#0054A6"},"geometry":{"type":"LineString","coordinates":[[129.12558,35.1782],[129.12353,35.18075],[129.12537,35.17861],[129.12558,35.1782]]}},{"type":"Feature","properties":{"kind":"commuter","ref":"동해","name":"동해선 광역전철","colour":"#0054A6"},"geometry":{"type":"LineString","coordinates":[[129.12032,35.18729],[129.12021,35.18844],[129.12032,35.18729]]}},{"type":"Feature","properties":{"kind":"commuter","ref":"동해","name":"동해선 광역전철","colour":"#0054A6"},"geometry":{"type":"LineString","coordinates":[[129.11987,35.19045],[129.1199,35.19024]]}},{"type":"Feature","properties":{"kind":"commuter","ref":"동해","name":"동해선 광역전철","colour":"#0054A6"},"geometry":{"type":"LineString","coordinates":[[129.11755,35.19318],[129.11843,35.1928],[129.1192,35.19219],[129.11967,35.19145],[129.11987,35.19045]]}},{"type":"Feature","properties":{"kind":"commuter","ref":"동해","name":"동해선 광역전철","colour":"#0054A6"},"geometry":{"type":"LineString","coordinates":[[129.11728,35.19324],[129.11755,35.19318]]}},{"type":"Feature","properties":{"kind":"commuter","ref":"동해","name":"동해선 광역전철","colour":"#0054A6"},"geometry":{"type":"LineString","coordinates":[[129.1153,35.19351],[129.1169,35.19331],[129.11728,35.19324]]}},{"type":"Feature","properties":{"kind":"commuter","ref":"동해","name":"동해선 광역전철","colour":"#0054A6"},"geometry":{"type":"LineString","coordinates":[[129.11331,35.19376],[129.11465,35.19359],[129.1153,35.19351]]}},{"type":"Feature","properties":{"kind":"commuter","ref":"동해","name":"동해선 광역전철","colour":"#0054A6"},"geometry":{"type":"LineString","coordinates":[[129.10956,35.19476],[129.11085,35.19428],[129.11188,35.19399],[129.11331,35.19376]]}},{"type":"Feature","properties":{"kind":"commuter","ref":"동해","name":"동해선 광역전철","colour":"#0054A6"},"geometry":{"type":"LineString","coordinates":[[129.09972,35.1961],[129.1016,35.19604],[129.09972,35.19618],[129.09972,35.1961]]}},{"type":"Feature","properties":{"kind":"commuter","ref":"동해","name":"동해선 광역전철","colour":"#0054A6"},"geometry":{"type":"LineString","coordinates":[[129.17426,35.1825],[129.17627,35.18193]]}},{"type":"Feature","properties":{"kind":"commuter","ref":"동해","name":"동해선 광역전철","colour":"#0054A6"},"geometry":{"type":"LineString","coordinates":[[129.20245,35.18842],[129.20152,35.18707],[129.20245,35.18842]]}},{"type":"Feature","properties":{"kind":"commuter","ref":"동해","name":"동해선 광역전철","colour":"#0054A6"},"geometry":{"type":"LineString","coordinates":[[129.19769,35.18143],[129.19843,35.18217],[129.19907,35.18294],[129.20058,35.18534]]}},{"type":"Feature","properties":{"kind":"commuter","ref":"동해","name":"동해선 광역전철","colour":"#0054A6"},"geometry":{"type":"LineString","coordinates":[[129.1973,35.18113],[129.19769,35.18143]]}},{"type":"Feature","properties":{"kind":"commuter","ref":"동해","name":"동해선 광역전철","colour":"#0054A6"},"geometry":{"type":"LineString","coordinates":[[129.0738,35.1891],[129.07513,35.19039],[129.07373,35.18914],[129.0738,35.1891]]}},{"type":"Feature","properties":{"kind":"commuter","ref":"동해","name":"동해선 광역전철","colour":"#0054A6"},"geometry":{"type":"LineString","coordinates":[[129.13692,35.17117],[129.13534,35.17211],[129.13692,35.17117]]}},{"type":"Feature","properties":{"kind":"commuter","ref":"동해","name":"동해선 광역전철","colour":"#0054A6"},"geometry":{"type":"LineString","coordinates":[[129.0904,35.19748],[129.0923,35.19707],[129.0904,35.19748]]}},{"type":"Feature","properties":{"kind":"commuter","ref":"동해","name":"동해선 광역전철","colour":"#0054A6"},"geometry":{"type":"LineString","coordinates":[[129.21102,35.20021],[129.21101,35.20171],[129.21045,35.20598]]}},{"type":"Feature","properties":{"kind":"commuter","ref":"동해","name":"동해선 광역전철","colour":"#0054A6"},"geometry":{"type":"LineString","coordinates":[[129.21045,35.20598],[129.21034,35.20738],[129.21034,35.20878],[129.21046,35.21152]]}},{"type":"Feature","properties":{"kind":"commuter","ref":"동해","name":"동해선 광역전철","colour":"#0054A6"},"geometry":{"type":"LineString","coordinates":[[129.21046,35.21152],[129.21047,35.21244]]}},{"type":"Feature","properties":{"kind":"commuter","ref":"동해","name":"동해선 광역전철","colour":"#0054A6"},"geometry":{"type":"LineString","coordinates":[[129.21047,35.21244],[129.21052,35.21365],[129.21073,35.21494],[129.21128,35.21658],[129.2116,35.21766],[129.21169,35.21895],[129.21154,35.22003],[129.21119,35.22192],[129.21116,35.22327],[129.21147,35.2244],[129.21187,35.2252],[129.21242,35.22607],[129.21314,35.22717],[129.21355,35.22806],[129.21376,35.22923],[129.21402,35.23243],[129.21421,35.23366],[129.21453,35.23456],[129.21516,35.23556],[129.21758,35.23852],[129.21811,35.23928],[129.21849,35.24017],[129.21872,35.24156],[129.21888,35.24534],[129.21888,35.24648]]}},{"type":"Feature","properties":{"kind":"commuter","ref":"동해","name":"동해선 광역전철","colour":"#0054A6"},"geometry":{"type":"LineString","coordinates":[[129.21888,35.24648],[129.21889,35.24675]]}},{"type":"Feature","properties":{"kind":"commuter","ref":"동해","name":"동해선 광역전철","colour":"#0054A6"},"geometry":{"type":"LineString","coordinates":[[129.21889,35.24675],[129.21902,35.24802],[129.2192,35.24912],[129.21947,35.2504],[129.2199,35.25226]]}},{"type":"Feature","properties":{"kind":"commuter","ref":"동해","name":"동해선 광역전철","colour":"#0054A6"},"geometry":{"type":"LineString","coordinates":[[129.21877,35.24381],[129.21886,35.24543],[129.21877,35.24381]]}},{"type":"Feature","properties":{"kind":"commuter","ref":"동해","name":"동해선 광역전철","colour":"#0054A6"},"geometry":{"type":"LineString","coordinates":[[129.34647,35.52492],[129.34718,35.52605],[129.34756,35.5268]]}},{"type":"Feature","properties":{"kind":"commuter","ref":"동해","name":"동해선 광역전철","colour":"#0054A6"},"geometry":{"type":"LineString","coordinates":[[129.30804,35.50295],[129.3087,35.50357],[129.30957,35.50415],[129.31064,35.50457],[129.31229,35.50506]]}},{"type":"Feature","properties":{"kind":"commuter","ref":"동해","name":"동해선 광역전철","colour":"#0054A6"},"geometry":{"type":"LineString","coordinates":[[129.33662,35.5123],[129.33768,35.51297],[129.33858,35.51377],[129.34088,35.51692],[129.3418,35.51822]]}},{"type":"Feature","properties":{"kind":"commuter","ref":"동해","name":"동해선 광역전철","colour":"#0054A6"},"geometry":{"type":"LineString","coordinates":[[129.17629,35.18194],[129.17736,35.18166],[129.17633,35.18203],[129.17629,35.18194]]}},{"type":"Feature","properties":{"kind":"commuter","ref":"동해","name":"동해선 광역전철","colour":"#0054A6"},"geometry":{"type":"LineString","coordinates":[[129.2075,35.19574],[129.20904,35.197],[129.2075,35.19574]]}},{"type":"Feature","properties":{"kind":"commuter","ref":"동해","name":"동해선 광역전철","colour":"#0054A6"},"geometry":{"type":"LineString","coordinates":[[129.23296,35.26762],[129.23355,35.26931],[129.23296,35.26762]]}},{"type":"Feature","properties":{"kind":"commuter","ref":"동해","name":"동해선 광역전철","colour":"#0054A6"},"geometry":{"type":"LineString","coordinates":[[129.22519,35.25994],[129.22605,35.26048],[129.22731,35.26111],[129.22817,35.2615],[129.22988,35.26231],[129.23105,35.26315],[129.23171,35.26394],[129.23211,35.26463]]}},{"type":"Feature","properties":{"kind":"commuter","ref":"동해","name":"동해선 광역전철","colour":"#0054A6"},"geometry":{"type":"LineString","coordinates":[[129.23397,35.27072],[129.23401,35.27086]]}},{"type":"Feature","properties":{"kind":"commuter","ref":"동해","name":"동해선 광역전철","colour":"#0054A6"},"geometry":{"type":"LineString","coordinates":[[129.23449,35.27258],[129.23446,35.27394],[129.23411,35.27519],[129.23379,35.27624],[129.23347,35.27741],[129.23339,35.27898],[129.23372,35.28225],[129.23387,35.28374],[129.23415,35.28519],[129.23455,35.2866],[129.23497,35.28788],[129.23553,35.28969]]}},{"type":"Feature","properties":{"kind":"commuter","ref":"동해","name":"동해선 광역전철","colour":"#0054A6"},"geometry":{"type":"LineString","coordinates":[[129.23424,35.27164],[129.23449,35.27258]]}},{"type":"Feature","properties":{"kind":"commuter","ref":"동해","name":"동해선 광역전철","colour":"#0054A6"},"geometry":{"type":"LineString","coordinates":[[129.35163,35.5344],[129.35233,35.53572],[129.35234,35.53575]]}},{"type":"Feature","properties":{"kind":"commuter","ref":"동해","name":"동해선 광역전철","colour":"#0054A6"},"geometry":{"type":"LineString","coordinates":[[129.35123,35.53366],[129.35163,35.5344]]}},{"type":"Feature","properties":{"kind":"commuter","ref":"동해","name":"동해선 광역전철","colour":"#0054A6"},"geometry":{"type":"LineString","coordinates":[[129.34794,35.52752],[129.34861,35.52876],[129.34922,35.52993],[129.34965,35.53072],[129.3502,35.53175],[129.35063,35.53255],[129.35123,35.53366]]}},{"type":"Feature","properties":{"kind":"commuter","ref":"동해","name":"동해선 광역전철","colour":"#0054A6"},"geometry":{"type":"LineString","coordinates":[[129.34756,35.5268],[129.34794,35.52752]]}},{"type":"Feature","properties":{"kind":"commuter","ref":"동해","name":"동해선 광역전철","colour":"#0054A6"},"geometry":{"type":"LineString","coordinates":[[129.23757,35.298],[129.23749,35.29937],[129.23741,35.30063],[129.23734,35.30229],[129.23747,35.30362],[129.23793,35.30483],[129.23842,35.30574],[129.23909,35.30656],[129.23934,35.30682]]}},{"type":"Feature","properties":{"kind":"commuter","ref":"동해","name":"동해선 광역전철","colour":"#0054A6"},"geometry":{"type":"LineString","coordinates":[[129.23934,35.30682],[129.24028,35.30778],[129.24452,35.31134],[129.24552,35.31218],[129.24671,35.31313],[129.2473,35.31353]]}},{"type":"Feature","properties":{"kind":"commuter","ref":"동해","name":"동해선 광역전철","colour":"#0054A6"},"geometry":{"type":"LineString","coordinates":[[129.2473,35.31353],[129.24852,35.31454]]}},{"type":"Feature","properties":{"kind":"commuter","ref":"동해","name":"동해선 광역전철","colour":"#0054A6"},"geometry":{"type":"LineString","coordinates":[[129.2566,35.32],[129.25784,35.32036],[129.25921,35.32069],[129.26411,35.32166]]}},{"type":"Feature","properties":{"kind":"commuter","ref":"동해","name":"동해선 광역전철","colour":"#0054A6"},"geometry":{"type":"LineString","coordinates":[[129.26411,35.32166],[129.26524,35.32189],[129.26655,35.32218],[129.26778,35.3225],[129.2689,35.32283],[129.26988,35.32314],[129.27102,35.32354],[129.27156,35.32382]]}},{"type":"Feature","properties":{"kind":"commuter","ref":"동해","name":"동해선 광역전철","colour":"#0054A6"},"geometry":{"type":"LineString","coordinates":[[129.28066,35.33189],[129.28104,35.3322]]}},{"type":"Feature","properties":{"kind":"commuter","ref":"동해","name":"동해선 광역전철","colour":"#0054A6"},"geometry":{"type":"LineString","coordinates":[[129.27365,35.32531],[129.27436,35.32601],[129.27557,35.32719]]}},{"type":"Feature","properties":{"kind":"commuter","ref":"동해","name":"동해선 광역전철","colour":"#0054A6"},"geometry":{"type":"LineString","coordinates":[[129.28433,35.33436],[129.28638,35.3356]]}},{"type":"Feature","properties":{"kind":"commuter","ref":"동해","name":"동해선 광역전철","colour":"#0054A6"},"geometry":{"type":"LineString","coordinates":[[129.28199,35.33295],[129.28433,35.33436]]}},{"type":"Feature","properties":{"kind":"commuter","ref":"동해","name":"동해선 광역전철","colour":"#0054A6"},"geometry":{"type":"LineString","coordinates":[[129.28784,35.33644],[129.28877,35.33697],[129.28889,35.33705]]}},{"type":"Feature","properties":{"kind":"commuter","ref":"동해","name":"동해선 광역전철","colour":"#0054A6"},"geometry":{"type":"LineString","coordinates":[[129.28638,35.3356],[129.28784,35.33644]]}},{"type":"Feature","properties":{"kind":"commuter","ref":"동해","name":"동해선 광역전철","colour":"#0054A6"},"geometry":{"type":"LineString","coordinates":[[129.29203,35.34148],[129.29228,35.34262],[129.29253,35.3439],[129.29262,35.34448]]}},{"type":"Feature","properties":{"kind":"commuter","ref":"동해","name":"동해선 광역전철","colour":"#0054A6"},"geometry":{"type":"LineString","coordinates":[[129.29198,35.34124],[129.29203,35.34148]]}},{"type":"Feature","properties":{"kind":"commuter","ref":"동해","name":"동해선 광역전철","colour":"#0054A6"},"geometry":{"type":"LineString","coordinates":[[129.28889,35.33705],[129.28979,35.33769],[129.29049,35.33833],[129.29118,35.33925],[129.2916,35.34012],[129.29198,35.34124]]}},{"type":"Feature","properties":{"kind":"commuter","ref":"동해","name":"동해선 광역전철","colour":"#0054A6"},"geometry":{"type":"LineString","coordinates":[[129.23748,35.29625],[129.23758,35.29765],[129.23757,35.298]]}},{"type":"Feature","properties":{"kind":"commuter","ref":"동해","name":"동해선 광역전철","colour":"#0054A6"},"geometry":{"type":"LineString","coordinates":[[129.23401,35.27086],[129.23424,35.27164]]}},{"type":"Feature","properties":{"kind":"commuter","ref":"동해","name":"동해선 광역전철","colour":"#0054A6"},"geometry":{"type":"LineString","coordinates":[[129.23268,35.26631],[129.23308,35.26768],[129.23356,35.26928],[129.23397,35.27072]]}},{"type":"Feature","properties":{"kind":"commuter","ref":"동해","name":"동해선 광역전철","colour":"#0054A6"},"geometry":{"type":"LineString","coordinates":[[129.24852,35.31454],[129.24903,35.31498]]}},{"type":"Feature","properties":{"kind":"commuter","ref":"동해","name":"동해선 광역전철","colour":"#0054A6"},"geometry":{"type":"LineString","coordinates":[[129.24903,35.31498],[129.25185,35.31734],[129.25311,35.31832],[129.25404,35.31892],[129.25523,35.31951],[129.2566,35.32]]}},{"type":"Feature","properties":{"kind":"commuter","ref":"동해","name":"동해선 광역전철","colour":"#0054A6"},"geometry":{"type":"LineString","coordinates":[[129.27794,35.32938],[129.27963,35.33096],[129.28037,35.33162],[129.28066,35.33189]]}},{"type":"Feature","properties":{"kind":"commuter","ref":"동해","name":"동해선 광역전철","colour":"#0054A6"},"geometry":{"type":"LineString","coordinates":[[129.27557,35.32719],[129.27711,35.32862],[129.27723,35.32872]]}},{"type":"Feature","properties":{"kind":"commuter","ref":"동해","name":"동해선 광역전철","colour":"#0054A6"},"geometry":{"type":"LineString","coordinates":[[129.27723,35.32872],[129.27794,35.32938]]}},{"type":"Feature","properties":{"kind":"commuter","ref":"동해","name":"동해선 광역전철","colour":"#0054A6"},"geometry":{"type":"LineString","coordinates":[[129.28104,35.3322],[129.28199,35.33295]]}},{"type":"Feature","properties":{"kind":"commuter","ref":"동해","name":"동해선 광역전철","colour":"#0054A6"},"geometry":{"type":"LineString","coordinates":[[129.29374,35.34978],[129.29358,35.35105],[129.29311,35.35214],[129.29261,35.35286],[129.29179,35.35391],[129.29113,35.35476],[129.29052,35.35555],[129.28814,35.35858],[129.28788,35.35891]]}},{"type":"Feature","properties":{"kind":"commuter","ref":"동해","name":"동해선 광역전철","colour":"#0054A6"},"geometry":{"type":"LineString","coordinates":[[129.28788,35.35891],[129.28731,35.35967],[129.28693,35.36034]]}},{"type":"Feature","properties":{"kind":"commuter","ref":"동해","name":"동해선 광역전철","colour":"#0054A6"},"geometry":{"type":"LineString","coordinates":[[129.28445,35.36808],[129.28429,35.36941],[129.28405,35.37303],[129.28412,35.37363]]}},{"type":"Feature","properties":{"kind":"commuter","ref":"동해","name":"동해선 광역전철","colour":"#0054A6"},"geometry":{"type":"LineString","coordinates":[[129.28693,35.36034],[129.28608,35.36201],[129.28537,35.36344],[129.28477,35.36491],[129.28455,35.36635],[129.28445,35.36808]]}},{"type":"Feature","properties":{"kind":"commuter","ref":"동해","name":"동해선 광역전철","colour":"#0054A6"},"geometry":{"type":"LineString","coordinates":[[129.28412,35.37363],[129.28406,35.38153],[129.28407,35.38329]]}},{"type":"Feature","properties":{"kind":"commuter","ref":"동해","name":"동해선 광역전철","colour":"#0054A6"},"geometry":{"type":"LineString","coordinates":[[129.28507,35.39333],[129.28505,35.39881]]}},{"type":"Feature","properties":{"kind":"commuter","ref":"동해","name":"동해선 광역전철","colour":"#0054A6"},"geometry":{"type":"LineString","coordinates":[[129.28498,35.40123],[129.2849,35.40438]]}},{"type":"Feature","properties":{"kind":"commuter","ref":"동해","name":"동해선 광역전철","colour":"#0054A6"},"geometry":{"type":"LineString","coordinates":[[129.28505,35.39881],[129.28498,35.40123]]}},{"type":"Feature","properties":{"kind":"commuter","ref":"동해","name":"동해선 광역전철","colour":"#0054A6"},"geometry":{"type":"LineString","coordinates":[[129.28493,35.40652],[129.28524,35.40808],[129.28578,35.4092],[129.28634,35.41029],[129.28653,35.41135],[129.28639,35.4125],[129.28623,35.41289]]}},{"type":"Feature","properties":{"kind":"commuter","ref":"동해","name":"동해선 광역전철","colour":"#0054A6"},"geometry":{"type":"LineString","coordinates":[[129.28491,35.40595],[129.28493,35.40652]]}},{"type":"Feature","properties":{"kind":"commuter","ref":"동해","name":"동해선 광역전철","colour":"#0054A6"},"geometry":{"type":"LineString","coordinates":[[129.35273,35.53661],[129.35234,35.53575]]}},{"type":"Feature","properties":{"kind":"commuter","ref":"동해","name":"동해선 광역전철","colour":"#0054A6"},"geometry":{"type":"LineString","coordinates":[[129.29801,35.48061],[129.29819,35.48207],[129.29865,35.48526],[129.29901,35.48652],[129.29953,35.48766],[129.30089,35.49016]]}},{"type":"Feature","properties":{"kind":"commuter","ref":"동해","name":"동해선 광역전철","colour":"#0054A6"},"geometry":{"type":"LineString","coordinates":[[129.28031,35.42287],[129.28081,35.42201],[129.28128,35.42125],[129.28214,35.4198],[129.2827,35.41883],[129.28381,35.41702],[129.28454,35.41578],[129.28529,35.41452],[129.28539,35.41435]]}},{"type":"Feature","properties":{"kind":"commuter","ref":"동해","name":"동해선 광역전철","colour":"#0054A6"},"geometry":{"type":"LineString","coordinates":[[129.28623,35.41289],[129.28579,35.41369]]}},{"type":"Feature","properties":{"kind":"commuter","ref":"동해","name":"동해선 광역전철","colour":"#0054A6"},"geometry":{"type":"LineString","coordinates":[[129.27861,35.42634],[129.27852,35.42671]]}},{"type":"Feature","properties":{"kind":"commuter","ref":"동해","name":"동해선 광역전철","colour":"#0054A6"},"geometry":{"type":"LineString","coordinates":[[129.27906,35.42521],[129.27861,35.42634]]}},{"type":"Feature","properties":{"kind":"commuter","ref":"동해","name":"동해선 광역전철","colour":"#0054A6"},"geometry":{"type":"LineString","coordinates":[[129.2791,35.42511],[129.27906,35.42521]]}},{"type":"Feature","properties":{"kind":"commuter","ref":"동해","name":"동해선 광역전철","colour":"#0054A6"},"geometry":{"type":"LineString","coordinates":[[129.28031,35.42287],[129.27981,35.4237],[129.27937,35.4245],[129.2791,35.42511]]}},{"type":"Feature","properties":{"kind":"commuter","ref":"동해","name":"동해선 광역전철","colour":"#0054A6"},"geometry":{"type":"LineString","coordinates":[[129.27854,35.42705],[129.27887,35.42851],[129.27928,35.42948],[129.27954,35.43169],[129.2797,35.43399],[129.27988,35.4356],[129.28021,35.43696],[129.28076,35.43787],[129.28199,35.44015],[129.28262,35.44118],[129.2846,35.44866]]}},{"type":"Feature","properties":{"kind":"commuter","ref":"동해","name":"동해선 광역전철","colour":"#0054A6"},"geometry":{"type":"LineString","coordinates":[[129.27852,35.42671],[129.27854,35.42705]]}},{"type":"Feature","properties":{"kind":"commuter","ref":"동해","name":"동해선 광역전철","colour":"#0054A6"},"geometry":{"type":"LineString","coordinates":[[129.2846,35.44866],[129.28541,35.45045],[129.28582,35.45134],[129.28632,35.45253],[129.28668,35.45348],[129.28716,35.45457],[129.2876,35.45581],[129.28805,35.45724],[129.28855,35.45844],[129.28894,35.45951],[129.28918,35.46025]]}},{"type":"Feature","properties":{"kind":"commuter","ref":"동해","name":"동해선 광역전철","colour":"#0054A6"},"geometry":{"type":"LineString","coordinates":[[129.06109,35.16476],[129.06164,35.16507]]}},{"type":"Feature","properties":{"kind":"commuter","ref":"동해","name":"동해선 광역전철","colour":"#0054A6"},"geometry":{"type":"LineString","coordinates":[[129.07829,35.19313],[129.08027,35.19429],[129.07829,35.19313]]}},{"type":"Feature","properties":{"kind":"commuter","ref":"동해","name":"동해선 광역전철","colour":"#0054A6"},"geometry":{"type":"LineString","coordinates":[[129.17817,35.18138],[129.17975,35.18093]]}},{"type":"Feature","properties":{"kind":"commuter","ref":"동해","name":"동해선 광역전철","colour":"#0054A6"},"geometry":{"type":"LineString","coordinates":[[129.30606,35.49961],[129.30652,35.50045],[129.30732,35.50193],[129.30779,35.50267],[129.30804,35.50295]]}},{"type":"Feature","properties":{"kind":"commuter","ref":"동해","name":"동해선 광역전철","colour":"#0054A6"},"geometry":{"type":"LineString","coordinates":[[129.28918,35.46025],[129.28989,35.46215]]}},{"type":"Feature","properties":{"kind":"commuter","ref":"동해","name":"동해선 광역전철","colour":"#0054A6"},"geometry":{"type":"LineString","coordinates":[[129.28579,35.41369],[129.28539,35.41435]]}},{"type":"Feature","properties":{"kind":"commuter","ref":"동해","name":"동해선 광역전철","colour":"#0054A6"},"geometry":{"type":"LineString","coordinates":[[129.23553,35.28969],[129.23637,35.29242],[129.23675,35.29363],[129.2371,35.29474],[129.23738,35.29575],[129.23748,35.29625]]}},{"type":"Feature","properties":{"kind":"commuter","ref":"동해","name":"동해선 광역전철","colour":"#0054A6"},"geometry":{"type":"LineString","coordinates":[[129.2199,35.25226],[129.22017,35.25344],[129.22072,35.25479],[129.22141,35.25608],[129.22228,35.25729],[129.22323,35.25827],[129.22414,35.25914],[129.22485,35.25969],[129.22519,35.25994]]}},{"type":"Feature","properties":{"kind":"commuter","ref":"동해","name":"동해선 광역전철","colour":"#0054A6"},"geometry":{"type":"LineString","coordinates":[[129.23221,35.26484],[129.23268,35.26631]]}},{"type":"Feature","properties":{"kind":"commuter","ref":"동해","name":"동해선 광역전철","colour":"#0054A6"},"geometry":{"type":"LineString","coordinates":[[129.23211,35.26463],[129.23221,35.26484]]}},{"type":"Feature","properties":{"kind":"commuter","ref":"동해","name":"동해선 광역전철","colour":"#0054A6"},"geometry":{"type":"LineString","coordinates":[[129.29355,35.46581],[129.29426,35.46631],[129.29504,35.46715],[129.29558,35.46785],[129.29605,35.46892],[129.29638,35.46991],[129.29673,35.47106],[129.29718,35.47411],[129.29776,35.47745]]}},{"type":"Feature","properties":{"kind":"commuter","ref":"동해","name":"동해선 광역전철","colour":"#0054A6"},"geometry":{"type":"LineString","coordinates":[[129.28989,35.46215],[129.29045,35.4632],[129.29135,35.46422],[129.29219,35.46487],[129.29355,35.46581]]}},{"type":"Feature","properties":{"kind":"commuter","ref":"동해","name":"동해선 광역전철","colour":"#0054A6"},"geometry":{"type":"LineString","coordinates":[[129.29776,35.47745],[129.29801,35.48061]]}},{"type":"Feature","properties":{"kind":"commuter","ref":"동해","name":"동해선 광역전철","colour":"#0054A6"},"geometry":{"type":"LineString","coordinates":[[129.27198,35.32404],[129.27294,35.32467],[129.27365,35.32531]]}},{"type":"Feature","properties":{"kind":"commuter","ref":"동해","name":"동해선 광역전철","colour":"#0054A6"},"geometry":{"type":"LineString","coordinates":[[129.27156,35.32382],[129.27198,35.32404]]}},{"type":"Feature","properties":{"kind":"commuter","ref":"동해","name":"동해선 광역전철","colour":"#0054A6"},"geometry":{"type":"LineString","coordinates":[[129.30527,35.49813],[129.30606,35.49961]]}},{"type":"Feature","properties":{"kind":"commuter","ref":"동해","name":"동해선 광역전철","colour":"#0054A6"},"geometry":{"type":"LineString","coordinates":[[129.3049,35.49746],[129.30527,35.49813]]}},{"type":"Feature","properties":{"kind":"commuter","ref":"동해","name":"동해선 광역전철","colour":"#0054A6"},"geometry":{"type":"LineString","coordinates":[[129.30089,35.49016],[129.30174,35.49159],[129.3022,35.4924],[129.30345,35.49473],[129.3049,35.49746]]}},{"type":"Feature","properties":{"kind":"commuter","ref":"동해","name":"동해선 광역전철","colour":"#0054A6"},"geometry":{"type":"LineString","coordinates":[[129.28491,35.40474],[129.28491,35.40595]]}},{"type":"Feature","properties":{"kind":"commuter","ref":"동해","name":"동해선 광역전철","colour":"#0054A6"},"geometry":{"type":"LineString","coordinates":[[129.2849,35.40438],[129.28491,35.40474]]}},{"type":"Feature","properties":{"kind":"commuter","ref":"동해","name":"동해선 광역전철","colour":"#0054A6"},"geometry":{"type":"LineString","coordinates":[[129.06098,35.16471],[129.05995,35.16409],[129.05922,35.16373]]}},{"type":"Feature","properties":{"kind":"commuter","ref":"동해","name":"동해선 광역전철","colour":"#0054A6"},"geometry":{"type":"LineString","coordinates":[[129.06109,35.16476],[129.06098,35.16471]]}},{"type":"Feature","properties":{"kind":"commuter","ref":"동해","name":"동해선 광역전철","colour":"#0054A6"},"geometry":{"type":"LineString","coordinates":[[129.35273,35.53661],[129.35313,35.5375],[129.35358,35.53833]]}},{"type":"Feature","properties":{"kind":"commuter","ref":"동해","name":"동해선 광역전철","colour":"#0054A6"},"geometry":{"type":"LineString","coordinates":[[129.28407,35.38329],[129.28498,35.39028],[129.28501,35.39063]]}},{"type":"Feature","properties":{"kind":"commuter","ref":"동해","name":"동해선 광역전철","colour":"#0054A6"},"geometry":{"type":"LineString","coordinates":[[129.28501,35.39063],[129.28502,35.39073]]}},{"type":"Feature","properties":{"kind":"commuter","ref":"동해","name":"동해선 광역전철","colour":"#0054A6"},"geometry":{"type":"LineString","coordinates":[[129.28502,35.39073],[129.28507,35.39323]]}},{"type":"Feature","properties":{"kind":"commuter","ref":"동해","name":"동해선 광역전철","colour":"#0054A6"},"geometry":{"type":"LineString","coordinates":[[129.28507,35.39323],[129.28507,35.39333]]}},{"type":"Feature","properties":{"kind":"commuter","ref":"동해","name":"동해선 광역전철","colour":"#0054A6"},"geometry":{"type":"LineString","coordinates":[[129.17627,35.18193],[129.1772,35.18166],[129.17817,35.18138]]}},{"type":"Feature","properties":{"kind":"label","ref":"동해","name":"동해선 광역전철","colour":"#0054A6"},"geometry":{"type":"Point","coordinates":[129.07903,35.19348]}},{"type":"Feature","properties":{"kind":"subway","ref":"1","name":"대전 도시철도 1호선","colour":"#007448"},"geometry":{"type":"LineString","coordinates":[[127.31512,36.39149],[127.31621,36.39],[127.31771,36.38794],[127.31846,36.38673],[127.31915,36.38542],[127.31947,36.38443],[127.31953,36.38327],[127.31895,36.38192],[127.3182,36.38059],[127.31789,36.37944],[127.31784,36.37822],[127.31786,36.375],[127.31783,36.37322],[127.31785,36.36804],[127.31785,36.36679],[127.31783,36.36529],[127.31779,36.36178],[127.31798,36.36056],[127.31863,36.35995],[127.32078,36.35952],[127.32286,36.35895],[127.32732,36.35766],[127.32997,36.35687],[127.33171,36.35639],[127.33508,36.35544],[127.34051,36.35397],[127.34168,36.35369],[127.34276,36.35335],[127.34626,36.35238],[127.3474,36.35205],[127.34877,36.35176],[127.35018,36.35171],[127.35145,36.35206],[127.35234,36.35259],[127.35364,36.3536],[127.35459,36.35452],[127.35582,36.35539],[127.3575,36.35658],[127.35907,36.35761],[127.36022,36.35818],[127.36213,36.35854],[127.36372,36.35842],[127.36512,36.35822],[127.36784,36.35787],[127.37069,36.35763],[127.37252,36.35762],[127.37713,36.35762],[127.37981,36.3576],[127.38161,36.35758],[127.38358,36.35755],[127.3847,36.35732],[127.38555,36.35684],[127.38605,36.35593],[127.38647,36.35411],[127.38655,36.35146],[127.38655,36.35025],[127.38643,36.34912],[127.38566,36.34829],[127.38481,36.34748],[127.38459,36.34639],[127.38464,36.3437],[127.38584,36.3427],[127.38775,36.34206],[127.3889,36.34157],[127.39078,36.34018],[127.39317,36.33821],[127.39666,36.33525],[127.39927,36.33315],[127.40277,36.33019],[127.40452,36.32878],[127.40587,36.32769],[127.41008,36.32425],[127.41183,36.32288],[127.41278,36.32215],[127.41347,36.32163],[127.4147,36.32138],[127.41586,36.32172],[127.41682,36.32234],[127.41785,36.32326],[127.41961,36.32476],[127.42124,36.32609],[127.42216,36.32699],[127.42511,36.32827],[127.42778,36.32926],[127.4328,36.33111],[127.4356,36.33212],[127.43673,36.33252],[127.43808,36.33247],[127.43904,36.33216],[127.43996,36.33166],[127.44265,36.32962],[127.44345,36.3283],[127.44513,36.32541],[127.44533,36.32419],[127.44512,36.32296],[127.44517,36.32178],[127.44709,36.32052],[127.44879,36.31962],[127.45296,36.31758],[127.45417,36.31715],[127.45669,36.31683],[127.45854,36.31687],[127.4593,36.31699]]}},{"type":"Feature","properties":{"kind":"label","ref":"1","name":"대전 도시철도 1호선","colour":"#007448"},"geometry":{"type":"Point","coordinates":[127.38655,36.35025]}},{"type":"Feature","properties":{"kind":"subway","ref":"I2","name":"인천 도시철도 2호선","colour":"#F4A462"},"geometry":{"type":"LineString","coordinates":[[126.62829,37.5949],[126.62987,37.59459],[126.63117,37.59434],[126.63327,37.59399],[126.6349,37.59373],[126.63604,37.59358],[126.63727,37.59363],[126.63843,37.59383],[126.64086,37.59464],[126.642,37.59503],[126.64302,37.59536],[126.64406,37.59574],[126.64555,37.59634],[126.64711,37.5971]]}},{"type":"Feature","properties":{"kind":"subway","ref":"I2","name":"인천 도시철도 2호선","colour":"#F4A462"},"geometry":{"type":"LineString","coordinates":[[126.64771,37.59738],[126.6491,37.59807],[126.65024,37.59864],[126.65135,37.5993],[126.65236,37.60007],[126.65348,37.6006],[126.65483,37.60109],[126.65618,37.6016],[126.65709,37.60194],[126.65836,37.60179],[126.65932,37.60131],[126.6606,37.60068],[126.66171,37.60013],[126.66289,37.59957],[126.66531,37.59862],[126.66621,37.5983],[126.66706,37.59768],[126.66803,37.59691],[126.66938,37.596],[126.67079,37.5954],[126.67192,37.5949],[126.67261,37.59404],[126.67288,37.59259],[126.67308,37.5914],[126.67341,37.58993],[126.67399,37.58886],[126.67493,37.58744],[126.67581,37.58511],[126.67615,37.58409],[126.67581,37.58241],[126.67532,37.58091],[126.67517,37.57912],[126.67505,37.57669],[126.67493,37.57599]]}},{"type":"Feature","properties":{"kind":"subway","ref":"I2","name":"인천 도시철도 2호선","colour":"#F4A462"},"geometry":{"type":"LineString","coordinates":[[126.64711,37.5971],[126.64771,37.59738]]}},{"type":"Feature","properties":{"kind":"subway","ref":"I2","name":"인천 도시철도 2호선","colour":"#F4A462"},"geometry":{"type":"LineString","coordinates":[[126.67493,37.57599],[126.67464,37.57495],[126.67438,37.57361],[126.67439,37.57198],[126.67459,37.57091],[126.67506,37.56967],[126.6757,37.56852],[126.67622,37.56763],[126.67682,37.56665],[126.67735,37.56575],[126.67753,37.56365],[126.6775,37.56201],[126.67747,37.56081],[126.67743,37.55961],[126.67738,37.5584],[126.67732,37.55631],[126.67725,37.55431]]}},{"type":"Feature","properties":{"kind":"subway","ref":"I2","name":"인천 도시철도 2호선","colour":"#F4A462"},"geometry":{"type":"LineString","coordinates":[[126.67725,37.55431],[126.67713,37.55245],[126.67704,37.55111],[126.67693,37.5476],[126.67688,37.5456],[126.67674,37.54332],[126.67662,37.54122],[126.67648,37.53867],[126.67631,37.53641],[126.67607,37.53207],[126.6759,37.52926],[126.6754,37.52641],[126.67531,37.52509],[126.6752,37.52361],[126.67513,37.52233],[126.67583,37.52173],[126.67687,37.52132],[126.67692,37.51993],[126.67674,37.51709],[126.67656,37.5146],[126.67643,37.51239],[126.67628,37.5093],[126.67614,37.50697],[126.67598,37.50421],[126.67584,37.50189],[126.67571,37.49954],[126.67552,37.49636],[126.6752,37.49144],[126.67513,37.4896],[126.67523,37.4882],[126.67607,37.48777],[126.67788,37.48771],[126.68031,37.48658],[126.6834,37.48433],[126.68445,37.48357],[126.68553,37.48282],[126.68615,37.48215],[126.68646,37.48029],[126.68532,37.4781],[126.68368,37.47655],[126.68193,37.47513],[126.68135,37.47444],[126.68086,37.47322],[126.68053,37.47212],[126.68001,37.47043],[126.67961,37.46856],[126.67931,37.46686],[126.67915,37.46565],[126.67843,37.46413],[126.67793,37.46322],[126.67779,37.46166],[126.67772,37.45982],[126.67815,37.45867],[126.67934,37.45849],[126.681,37.45838],[126.68365,37.45822],[126.68607,37.45805],[126.68956,37.45784],[126.69181,37.45769],[126.69332,37.45758],[126.69471,37.45745],[126.69696,37.45722],[126.70175,37.45682],[126.70287,37.45673],[126.70517,37.45675],[126.70798,37.4569],[126.70953,37.45684],[126.7112,37.45665],[126.71675,37.45608],[126.71924,37.45585],[126.72205,37.45568],[126.72381,37.45558],[126.72675,37.45536],[126.73175,37.45497],[126.73296,37.45486],[126.73388,37.45447],[126.73496,37.45376],[126.73566,37.45323],[126.7353,37.4515],[126.73417,37.44944],[126.73425,37.4483],[126.73733,37.44812],[126.739,37.44803],[126.74125,37.44787],[126.744,37.44767],[126.74532,37.44766],[126.74564,37.44777]]}},{"type":"Feature","properties":{"kind":"subway","ref":"I2","name":"인천 도시철도 2호선","colour":"#F4A462"},"geometry":{"type":"LineString","coordinates":[[126.74564,37.44777],[126.7466,37.44822],[126.74797,37.44895],[126.74915,37.4492],[126.75036,37.44904],[126.75169,37.44876],[126.75332,37.44843],[126.75453,37.44818],[126.75575,37.44766],[126.75639,37.44705]]}},{"type":"Feature","properties":{"kind":"subway","ref":"I2","name":"인천 도시철도 2호선","colour":"#F4A462"},"geometry":{"type":"LineString","coordinates":[[126.75639,37.44705],[126.75716,37.44575],[126.75828,37.44429],[126.75928,37.44314]]}},{"type":"Feature","properties":{"kind":"subway","ref":"I2","name":"인천 도시철도 2호선","colour":"#F4A462"},"geometry":{"type":"LineString","coordinates":[[126.75928,37.44314],[126.75987,37.44236],[126.75987,37.4408],[126.75982,37.44057]]}},{"type":"Feature","properties":{"kind":"subway","ref":"I2","name":"인천 도시철도 2호선","colour":"#F4A462"},"geometry":{"type":"LineString","coordinates":[[126.75982,37.44057],[126.75949,37.43931]]}},{"type":"Feature","properties":{"kind":"label","ref":"I2","name":"인천 도시철도 2호선","colour":"#F4A462"},"geometry":{"type":"Point","coordinates":[126.67987,37.46983]}},{"type":"Feature","properties":{"kind":"subway","ref":"U","name":"의정부경전철","colour":"#F0831E"},"geometry":{"type":"LineString","coordinates":[[127.0719,37.75077],[127.07292,37.75104],[127.07375,37.75143],[127.07489,37.75239],[127.07617,37.75347],[127.0774,37.75399],[127.07843,37.75417],[127.08157,37.75306],[127.0826,37.75261],[127.08312,37.75188],[127.0839,37.75035],[127.08425,37.74938],[127.08379,37.74807],[127.0837,37.74687],[127.08495,37.74341],[127.08577,37.74108],[127.08649,37.73904],[127.08696,37.73786],[127.08781,37.736],[127.08835,37.73497],[127.08886,37.73369],[127.08894,37.73348]]}},{"type":"Feature","properties":{"kind":"subway","ref":"U","name":"의정부경전철","colour":"#F0831E"},"geometry":{"type":"LineString","coordinates":[[127.04774,37.72495],[127.04774,37.72495]]}},{"type":"Feature","properties":{"kind":"subway","ref":"U","name":"의정부경전철","colour":"#F0831E"},"geometry":{"type":"LineString","coordinates":[[127.05289,37.72717],[127.05289,37.72717]]}},{"type":"Feature","properties":{"kind":"subway","ref":"U","name":"의정부경전철","colour":"#F0831E"},"geometry":{"type":"LineString","coordinates":[[127.05287,37.7268],[127.05218,37.72465],[127.05161,37.72392],[127.05052,37.72375],[127.04871,37.72451],[127.04772,37.72485]]}},{"type":"Feature","properties":{"kind":"subway","ref":"U","name":"의정부경전철","colour":"#F0831E"},"geometry":{"type":"LineString","coordinates":[[127.04772,37.72485],[127.04652,37.72522]]}},{"type":"Feature","properties":{"kind":"subway","ref":"U","name":"의정부경전철","colour":"#F0831E"},"geometry":{"type":"LineString","coordinates":[[127.04652,37.72522],[127.0448,37.72544],[127.04389,37.72576],[127.0437,37.72861]]}},{"type":"Feature","properties":{"kind":"subway","ref":"U","name":"의정부경전철","colour":"#F0831E"},"geometry":{"type":"LineString","coordinates":[[127.0437,37.72861],[127.0437,37.72895]]}},{"type":"Feature","properties":{"kind":"subway","ref":"U","name":"의정부경전철","colour":"#F0831E"},"geometry":{"type":"LineString","coordinates":[[127.0437,37.72895],[127.04365,37.73107],[127.04334,37.73707],[127.04318,37.73815],[127.04236,37.73839]]}},{"type":"Feature","properties":{"kind":"subway","ref":"U","name":"의정부경전철","colour":"#F0831E"},"geometry":{"type":"LineString","coordinates":[[127.03492,37.73903],[127.0349,37.73945]]}},{"type":"Feature","properties":{"kind":"subway","ref":"U","name":"의정부경전철","colour":"#F0831E"},"geometry":{"type":"LineString","coordinates":[[127.0349,37.73945],[127.03474,37.74216],[127.03505,37.74313],[127.03691,37.74326],[127.04478,37.74353],[127.04641,37.74356],[127.04948,37.74367]]}},{"type":"Feature","properties":{"kind":"subway","ref":"U","name":"의정부경전철","colour":"#F0831E"},"geometry":{"type":"LineString","coordinates":[[127.04948,37.74367],[127.04995,37.74368]]}},{"type":"Feature","properties":{"kind":"subway","ref":"U","name":"의정부경전철","colour":"#F0831E"},"geometry":{"type":"LineString","coordinates":[[127.04995,37.74368],[127.05114,37.74372],[127.05288,37.74462],[127.05563,37.74459],[127.05666,37.74495],[127.05792,37.74593],[127.0591,37.74685],[127.06041,37.74768],[127.06126,37.74809],[127.0623,37.74848],[127.06355,37.74877],[127.06648,37.74947],[127.07135,37.75064]]}},{"type":"Feature","properties":{"kind":"subway","ref":"U","name":"의정부경전철","colour":"#F0831E"},"geometry":{"type":"LineString","coordinates":[[127.07135,37.75064],[127.0719,37.75077]]}},{"type":"Feature","properties":{"kind":"subway","ref":"U","name":"의정부경전철","colour":"#F0831E"},"geometry":{"type":"LineString","coordinates":[[127.05293,37.727],[127.05287,37.7268]]}},{"type":"Feature","properties":{"kind":"subway","ref":"U","name":"의정부경전철","colour":"#F0831E"},"geometry":{"type":"LineString","coordinates":[[127.04236,37.73839],[127.03833,37.73823],[127.03706,37.7382],[127.03585,37.73817],[127.03496,37.73868],[127.03492,37.73903]]}},{"type":"Feature","properties":{"kind":"label","ref":"U","name":"의정부경전철","colour":"#F0831E"},"geometry":{"type":"Point","coordinates":[127.08414,37.74985]}},{"type":"Feature","properties":{"kind":"subway","ref":"W","name":"우이신설선","colour":"#BACC50"},"geometry":{"type":"LineString","coordinates":[[127.01316,37.65593],[127.01245,37.65266],[127.0126,37.65155],[127.01365,37.64936],[127.01462,37.6473],[127.01507,37.64632],[127.0155,37.64531],[127.01608,37.64359],[127.01652,37.64204],[127.01681,37.64095],[127.01705,37.63766],[127.0174,37.63422],[127.01764,37.63152],[127.01791,37.62897],[127.01814,37.62696],[127.0183,37.62471],[127.01856,37.6237],[127.01987,37.62224],[127.02037,37.62149],[127.02065,37.62035],[127.01913,37.61987],[127.01708,37.62004],[127.01371,37.62022],[127.01239,37.62024],[127.01108,37.61985],[127.00937,37.61908],[127.00859,37.61858],[127.00834,37.61761],[127.00866,37.61658],[127.00863,37.61411],[127.00795,37.61324],[127.00826,37.61196],[127.00897,37.61073],[127.00965,37.60896],[127.0102,37.60762],[127.01131,37.60538],[127.01171,37.60443],[127.01292,37.60351],[127.01347,37.60232],[127.01388,37.60037],[127.01438,37.59788],[127.01575,37.59546],[127.01639,37.59292],[127.01666,37.59147],[127.01689,37.59023],[127.01783,37.58912],[127.0181,37.58776],[127.01848,37.5868],[127.01947,37.58506],[127.02012,37.58381],[127.02153,37.58115],[127.02271,37.57895],[127.02309,37.57798],[127.02316,37.57609]]}},{"type":"Feature","properties":{"kind":"subway","ref":"W","name":"우이신설선","colour":"#BACC50"},"geometry":{"type":"LineString","coordinates":[[127.02316,37.57609],[127.02318,37.57566]]}},{"type":"Feature","properties":{"kind":"subway","ref":"W","name":"우이신설선","colour":"#BACC50"},"geometry":{"type":"LineString","coordinates":[[127.01235,37.66336],[127.01292,37.66231],[127.01358,37.66017],[127.01379,37.65904],[127.01326,37.65642],[127.01316,37.65593]]}},{"type":"Feature","properties":{"kind":"label","ref":"W","name":"우이신설선","colour":"#BACC50"},"geometry":{"type":"Point","coordinates":[127.00866,37.61658]}},{"type":"Feature","properties":{"kind":"subway","ref":"1","name":"대구 도시철도 1호선","colour":"#EF5E37"},"geometry":{"type":"LineString","coordinates":[[128.48934,35.79868],[128.49158,35.80015],[128.49313,35.80104],[128.49441,35.80166],[128.49566,35.80262],[128.49766,35.80329],[128.49888,35.80357],[128.50039,35.80428],[128.50127,35.80469],[128.5033,35.80522],[128.50441,35.80556],[128.50531,35.80586],[128.50649,35.80662],[128.50824,35.8076],[128.51065,35.80857],[128.51251,35.80941],[128.51405,35.81008],[128.51565,35.8107],[128.51664,35.81115],[128.51774,35.81206],[128.51871,35.81284],[128.51984,35.81324],[128.52268,35.81376],[128.52544,35.81428],[128.52678,35.81463],[128.52795,35.81509],[128.53043,35.81611],[128.53426,35.81788],[128.53736,35.81878],[128.53835,35.81908],[128.54153,35.82003],[128.54235,35.82047],[128.54589,35.82401]]}},{"type":"Feature","properties":{"kind":"subway","ref":"1","name":"대구 도시철도 1호선","colour":"#EF5E37"},"geometry":{"type":"LineString","coordinates":[[128.73374,35.87114],[128.73528,35.87168],[128.7362,35.87199],[128.73915,35.8724],[128.73942,35.87243]]}},{"type":"Feature","properties":{"kind":"subway","ref":"1","name":"대구 도시철도 1호선","colour":"#EF5E37"},"geometry":{"type":"LineString","coordinates":[[128.5933,35.86299],[128.59345,35.86521],[128.5937,35.86839],[128.5941,35.87074],[128.59474,35.87398],[128.59505,35.87506],[128.59577,35.87556],[128.59708,35.87622],[128.59821,35.87664],[128.59931,35.87678],[128.60099,35.87652],[128.60416,35.87625],[128.60613,35.87583],[128.60849,35.87481],[128.61031,35.87388],[128.61145,35.87363],[128.61378,35.87396],[128.61539,35.87402],[128.6176,35.87457],[128.62047,35.87523],[128.62516,35.8763],[128.62617,35.87654],[128.62709,35.87703],[128.62801,35.87794],[128.62944,35.88046],[128.62993,35.88157],[128.63236,35.8845],[128.63311,35.88519],[128.63429,35.88573],[128.6365,35.88606],[128.63765,35.88627],[128.63993,35.88712],[128.64194,35.88793],[128.64321,35.8884],[128.64469,35.88854],[128.64636,35.88788],[128.65037,35.886]]}},{"type":"Feature","properties":{"kind":"subway","ref":"1","name":"대구 도시철도 1호선","colour":"#EF5E37"},"geometry":{"type":"LineString","coordinates":[[128.54589,35.82401],[128.54832,35.82693],[128.55175,35.83094],[128.5525,35.83192],[128.55505,35.83405],[128.55561,35.83471],[128.55634,35.83598],[128.55693,35.83669],[128.55759,35.83723],[128.55838,35.83766],[128.56184,35.83857],[128.56408,35.8391],[128.56919,35.8394],[128.5707,35.83937],[128.57384,35.83916],[128.57671,35.83895],[128.57808,35.83923],[128.57913,35.83972],[128.58134,35.8408],[128.58315,35.84174]]}},{"type":"Feature","properties":{"kind":"subway","ref":"1","name":"대구 도시철도 1호선","colour":"#EF5E37"},"geometry":{"type":"LineString","coordinates":[[128.73942,35.87243],[128.74062,35.87249],[128.7418,35.87236],[128.74333,35.87185],[128.74443,35.87154],[128.74556,35.87133]]}},{"type":"Feature","properties":{"kind":"subway","ref":"1","name":"대구 도시철도 1호선","colour":"#EF5E37"},"geometry":{"type":"LineString","coordinates":[[128.78026,35.88979],[128.78084,35.89042],[128.78159,35.89116],[128.78268,35.89218],[128.78331,35.89276],[128.78402,35.89326],[128.78478,35.89371],[128.78617,35.89446],[128.78696,35.89488],[128.78786,35.89537],[128.78884,35.89597],[128.78975,35.89647],[128.79065,35.89693],[128.79151,35.89734],[128.79236,35.89782],[128.79308,35.89832],[128.794,35.89898],[128.79501,35.89944],[128.79624,35.89964],[128.79975,35.89954],[128.80103,35.89962],[128.8021,35.89983],[128.80311,35.90016],[128.80469,35.90072],[128.80556,35.90114],[128.80639,35.90166],[128.80721,35.90239],[128.80805,35.90333],[128.80885,35.9042],[128.80941,35.90485],[128.81021,35.90565],[128.81106,35.90622],[128.81217,35.90669],[128.81315,35.90707],[128.81422,35.90753],[128.81523,35.90807],[128.81602,35.90853],[128.81754,35.9094]]}},{"type":"Feature","properties":{"kind":"subway","ref":"1","name":"대구 도시철도 1호선","colour":"#EF5E37"},"geometry":{"type":"LineString","coordinates":[[128.7729,35.88226],[128.77411,35.88308],[128.77475,35.88351]]}},{"type":"Feature","properties":{"kind":"subway","ref":"1","name":"대구 도시철도 1호선","colour":"#EF5E37"},"geometry":{"type":"LineString","coordinates":[[128.74556,35.87133],[128.74695,35.87117],[128.74832,35.87116],[128.74966,35.87132],[128.75079,35.87155],[128.75255,35.87215],[128.75383,35.8726],[128.75593,35.87334],[128.75691,35.87373],[128.75788,35.87426],[128.75922,35.87519],[128.76004,35.87574],[128.76108,35.87627],[128.76233,35.8769],[128.76335,35.87741],[128.7644,35.87791],[128.76534,35.87839],[128.76618,35.8788],[128.76702,35.87925],[128.76813,35.87979],[128.76914,35.88029],[128.77022,35.88083],[128.77142,35.88145],[128.77253,35.88201],[128.7729,35.88226]]}},{"type":"Feature","properties":{"kind":"subway","ref":"1","name":"대구 도시철도 1호선","colour":"#EF5E37"},"geometry":{"type":"LineString","coordinates":[[128.77752,35.88584],[128.77803,35.88655],[128.77855,35.88734],[128.77929,35.88846],[128.77952,35.88881]]}},{"type":"Feature","properties":{"kind":"subway","ref":"1","name":"대구 도시철도 1호선","colour":"#EF5E37"},"geometry":{"type":"LineString","coordinates":[[128.77952,35.88881],[128.78022,35.88974],[128.78026,35.88979]]}},{"type":"Feature","properties":{"kind":"subway","ref":"1","name":"대구 도시철도 1호선","colour":"#EF5E37"},"geometry":{"type":"LineString","coordinates":[[128.77475,35.88351],[128.77597,35.88433],[128.77688,35.88514],[128.7771,35.88536]]}},{"type":"Feature","properties":{"kind":"subway","ref":"1","name":"대구 도시철도 1호선","colour":"#EF5E37"},"geometry":{"type":"LineString","coordinates":[[128.7771,35.88536],[128.77752,35.88584]]}},{"type":"Feature","properties":{"kind":"subway","ref":"1","name":"대구 도시철도 1호선","colour":"#EF5E37"},"geometry":{"type":"LineString","coordinates":[[128.65349,35.88443],[128.65474,35.88413],[128.65886,35.88355],[128.66069,35.88331],[128.66186,35.88299],[128.66793,35.88031],[128.66902,35.87993],[128.67995,35.87666],[128.68138,35.87623],[128.6871,35.87452],[128.6883,35.87401],[128.68921,35.87299],[128.6915,35.87085],[128.69279,35.86968],[128.69411,35.86843],[128.69495,35.86779],[128.69602,35.86733],[128.69744,35.86713],[128.7017,35.86667],[128.70728,35.86609],[128.70849,35.86599],[128.71211,35.86593],[128.7137,35.86589],[128.71588,35.86587],[128.71759,35.86586],[128.71864,35.86605],[128.71964,35.86639],[128.72392,35.86784],[128.72559,35.8684],[128.73374,35.87114]]}},{"type":"Feature","properties":{"kind":"subway","ref":"1","name":"대구 도시철도 1호선","colour":"#EF5E37"},"geometry":{"type":"LineString","coordinates":[[128.58315,35.84174],[128.58594,35.84306],[128.58865,35.84439],[128.58983,35.84494],[128.59057,35.84559],[128.59061,35.85039],[128.59073,35.85473],[128.59072,35.85634],[128.59096,35.85737],[128.59257,35.8607],[128.59324,35.86278],[128.5933,35.86299]]}},{"type":"Feature","properties":{"kind":"subway","ref":"1","name":"대구 도시철도 1호선","colour":"#EF5E37"},"geometry":{"type":"LineString","coordinates":[[128.65037,35.886],[128.65349,35.88443]]}},{"type":"Feature","properties":{"kind":"label","ref":"1","name":"대구 도시철도 1호선","colour":"#EF5E37"},"geometry":{"type":"Point","coordinates":[128.79624,35.89964]}},{"type":"Feature","properties":{"kind":"subway","ref":"2","name":"대구 도시철도 2호선","colour":"#33AA46"},"geometry":{"type":"LineString","coordinates":[[128.44064,35.86762],[128.44447,35.87131],[128.44535,35.87216],[128.44612,35.87288]]}},{"type":"Feature","properties":{"kind":"subway","ref":"2","name":"대구 도시철도 2호선","colour":"#33AA46"},"geometry":{"type":"LineString","coordinates":[[128.44612,35.87288],[128.44704,35.87373],[128.44839,35.87406],[128.44974,35.87384],[128.4505,35.87337],[128.45271,35.87104],[128.45536,35.86822],[128.45682,35.86659],[128.45784,35.86539],[128.45962,35.86363],[128.46184,35.86112],[128.46251,35.86038],[128.46396,35.85881],[128.46483,35.85797],[128.46565,35.85727],[128.46719,35.85611],[128.46874,35.85499],[128.46968,35.85429],[128.47183,35.85356],[128.47322,35.85325],[128.4781,35.85307],[128.47955,35.85295],[128.48101,35.85277],[128.4824,35.85258],[128.48565,35.85239],[128.48712,35.85209],[128.48832,35.85188],[128.49193,35.85148],[128.4932,35.85137],[128.49459,35.8514],[128.5023,35.85199],[128.50364,35.85202],[128.50482,35.85193],[128.50702,35.85168],[128.51169,35.85099],[128.51579,35.85051],[128.5171,35.85043],[128.51881,35.85048],[128.52346,35.84908],[128.52443,35.84876],[128.52557,35.84858],[128.52889,35.849],[128.5308,35.84929],[128.53231,35.84949],[128.53362,35.84967],[128.53693,35.84995],[128.53824,35.85042],[128.54829,35.8543],[128.55394,35.85643],[128.55578,35.85715],[128.56221,35.85929],[128.56476,35.86007],[128.56863,35.86113],[128.57211,35.86202],[128.57366,35.86239],[128.57886,35.8637],[128.58226,35.86475],[128.58323,35.86506],[128.58706,35.86624],[128.593,35.86553],[128.59683,35.86481],[128.59794,35.86459],[128.59902,35.86393],[128.60301,35.86304],[128.60733,35.86216],[128.60958,35.86092],[128.61062,35.86039],[128.61164,35.85999],[128.61411,35.85971],[128.61699,35.85959],[128.62468,35.85914],[128.6265,35.85898],[128.62997,35.85877],[128.63415,35.85876],[128.63579,35.85878],[128.64225,35.8588],[128.64511,35.85883],[128.64643,35.85873],[128.65131,35.85613],[128.65273,35.85535],[128.65419,35.85464],[128.6578,35.85334],[128.6602,35.85262],[128.66135,35.85226],[128.66238,35.85172],[128.66416,35.85068],[128.66752,35.84875],[128.66968,35.84758],[128.6705,35.84711],[128.6714,35.84665],[128.67861,35.84306],[128.67996,35.84259],[128.68415,35.84147],[128.68525,35.84134],[128.68996,35.84256],[128.69128,35.84278],[128.69266,35.84286],[128.69604,35.84284],[128.69845,35.84233],[128.70495,35.84076],[128.70679,35.84033],[128.71093,35.83846],[128.71257,35.83767],[128.71601,35.83679],[128.72248,35.83525],[128.72509,35.83468],[128.72685,35.83429],[128.72829,35.83403],[128.73127,35.83401],[128.73514,35.83403],[128.739,35.83405],[128.74103,35.83405],[128.74548,35.83411],[128.7472,35.8341],[128.74935,35.83478],[128.75233,35.83601],[128.75358,35.83657]]}},{"type":"Feature","properties":{"kind":"subway","ref":"2","name":"대구 도시철도 2호선","colour":"#33AA46"},"geometry":{"type":"LineString","coordinates":[[128.43749,35.86463],[128.43822,35.86534],[128.43958,35.86663]]}},{"type":"Feature","properties":{"kind":"subway","ref":"2","name":"대구 도시철도 2호선","colour":"#33AA46"},"geometry":{"type":"LineString","coordinates":[[128.43958,35.86663],[128.44064,35.86762]]}},{"type":"Feature","properties":{"kind":"subway","ref":"2","name":"대구 도시철도 2호선","colour":"#33AA46"},"geometry":{"type":"LineString","coordinates":[[128.43716,35.8643],[128.43749,35.86463]]}},{"type":"Feature","properties":{"kind":"label","ref":"2","name":"대구 도시철도 2호선","colour":"#33AA46"},"geometry":{"type":"Point","coordinates":[128.58771,35.86636]}},{"type":"Feature","properties":{"kind":"subway","ref":"2","name":"광주 도시철도 2호선 내선순환","colour":"#667085"},"geometry":{"type":"LineString","coordinates":[[126.86073,35.21564],[126.85697,35.21724]]}},{"type":"Feature","properties":{"kind":"subway","ref":"2","name":"광주 도시철도 2호선 내선순환","colour":"#667085"},"geometry":{"type":"LineString","coordinates":[[126.85697,35.21724],[126.85573,35.21761],[126.84878,35.21771],[126.84197,35.21774],[126.83877,35.21776],[126.83731,35.21763],[126.83603,35.21716],[126.83384,35.21596],[126.83283,35.21542],[126.83086,35.21427],[126.82795,35.21216],[126.82681,35.21123],[126.826,35.21048],[126.82378,35.20834],[126.82257,35.20717],[126.82179,35.20641],[126.82063,35.20529],[126.82007,35.20459],[126.81965,35.20365],[126.81954,35.20239],[126.81991,35.20123],[126.82066,35.1997],[126.82167,35.19756],[126.82237,35.19596],[126.82326,35.19404],[126.82358,35.19313],[126.82381,35.19171],[126.82365,35.18996],[126.82296,35.18829],[126.82229,35.18731],[126.82137,35.18636],[126.82029,35.1854],[126.81956,35.18471],[126.81879,35.18375],[126.81824,35.18264],[126.81791,35.1817],[126.8177,35.1801],[126.82466,35.17906],[126.82901,35.17881],[126.831,35.17871],[126.83251,35.1786],[126.83376,35.17832]]}},{"type":"Feature","properties":{"kind":"subway","ref":"2","name":"광주 도시철도 2호선 내선순환","colour":"#667085"},"geometry":{"type":"LineString","coordinates":[[126.8481,35.1746],[126.84826,35.16823],[126.84836,35.1659],[126.84835,35.16331],[126.84803,35.16191],[126.84801,35.16059],[126.84823,35.15841],[126.84824,35.15342],[126.84827,35.15221],[126.84813,35.14817],[126.84894,35.14735],[126.85042,35.1476],[126.85156,35.14799],[126.85275,35.14856],[126.85487,35.14826],[126.8559,35.14801],[126.85666,35.14727],[126.85716,35.14435],[126.85794,35.14244],[126.85843,35.14125],[126.85865,35.13991],[126.85895,35.13769],[126.85909,35.13571],[126.85919,35.13339],[126.85973,35.13271],[126.86514,35.13269],[126.86668,35.13279],[126.86929,35.13323],[126.87039,35.1336],[126.87134,35.13414],[126.87236,35.13388],[126.87313,35.13243],[126.87435,35.12981],[126.87466,35.12877],[126.87484,35.1275],[126.87558,35.12685],[126.87852,35.1276],[126.88164,35.12798],[126.88308,35.1282],[126.88643,35.13013],[126.88781,35.13092],[126.89024,35.13161],[126.89261,35.13259],[126.89411,35.13337],[126.89587,35.13388],[126.89702,35.1342],[126.8985,35.13461],[126.90067,35.13355],[126.90158,35.13324],[126.90283,35.13332],[126.90503,35.13352],[126.90692,35.13367],[126.90861,35.13381],[126.90989,35.13392],[126.91113,35.13407],[126.91282,35.13421],[126.91475,35.1344],[126.91631,35.13465],[126.91772,35.13546],[126.91855,35.13603],[126.91943,35.13669],[126.92013,35.13721],[126.92091,35.13781],[126.92196,35.1385],[126.92266,35.13907],[126.92339,35.14022],[126.92416,35.14145],[126.92604,35.14441],[126.92765,35.14694],[126.92819,35.1478],[126.92922,35.14924],[126.93023,35.15065],[126.93179,35.15445],[126.93115,35.15867],[126.93085,35.15996],[126.93043,35.16087],[126.9294,35.16192],[126.92839,35.16244],[126.92681,35.16289],[126.9256,35.16324],[126.92428,35.16363],[126.92307,35.16395],[126.92128,35.16438],[126.91959,35.16477],[126.91633,35.1655],[126.91321,35.16635],[126.91153,35.16679],[126.91055,35.16716],[126.91042,35.16731]]}},{"type":"Feature","properties":{"kind":"subway","ref":"2","name":"광주 도시철도 2호선 내선순환","colour":"#667085"},"geometry":{"type":"LineString","coordinates":[[126.89853,35.1873],[126.89897,35.1883],[126.89915,35.18947],[126.8992,35.19069],[126.89883,35.19202],[126.89874,35.19317],[126.89944,35.19394],[126.89985,35.19482],[126.89999,35.19739],[126.89992,35.19853],[126.89985,35.1997],[126.89943,35.20101],[126.89889,35.20235],[126.89783,35.20257],[126.89582,35.20205],[126.89311,35.2013],[126.89138,35.20061],[126.88553,35.19828],[126.884,35.19783],[126.88238,35.19771],[126.87698,35.19788],[126.87598,35.19896],[126.8751,35.2005],[126.8741,35.20217],[126.87384,35.20342],[126.87363,35.20472],[126.87348,35.20582],[126.87392,35.20912],[126.87424,35.21081],[126.87365,35.21147],[126.87237,35.21191],[126.87036,35.21265],[126.86826,35.21334],[126.86624,35.21398],[126.86333,35.21479],[126.862,35.21514],[126.86073,35.21564]]}},{"type":"Feature","properties":{"kind":"subway","ref":"2","name":"광주 도시철도 2호선 내선순환","colour":"#667085"},"geometry":{"type":"LineString","coordinates":[[126.91042,35.16731],[126.91131,35.1705],[126.91237,35.17313],[126.91273,35.174],[126.91254,35.17548],[126.91228,35.17691],[126.91206,35.17893],[126.91199,35.1805],[126.91132,35.18129],[126.91061,35.1818],[126.90909,35.18238],[126.90759,35.18272],[126.90669,35.1836],[126.90606,35.18419],[126.90319,35.18436],[126.90144,35.1845],[126.89935,35.18463],[126.89854,35.1854],[126.89831,35.18654],[126.89853,35.1873]]}},{"type":"Feature","properties":{"kind":"subway","ref":"2","name":"광주 도시철도 2호선 내선순환","colour":"#667085"},"geometry":{"type":"LineString","coordinates":[[126.83376,35.17832],[126.83484,35.17807],[126.83616,35.17777],[126.83717,35.17753],[126.8428,35.17621],[126.84733,35.17517],[126.8481,35.1746]]}},{"type":"Feature","properties":{"kind":"label","ref":"2","name":"광주 도시철도 2호선 내선순환","colour":"#667085"},"geometry":{"type":"Point","coordinates":[126.89024,35.13161]}},{"type":"Feature","properties":{"kind":"commuter","ref":"경춘","name":"수도권 전철 경춘선","colour":"#007A62"},"geometry":{"type":"LineString","coordinates":[[127.22645,37.65067],[127.22667,37.65078]]}},{"type":"Feature","properties":{"kind":"commuter","ref":"경춘","name":"수도권 전철 경춘선","colour":"#007A62"},"geometry":{"type":"LineString","coordinates":[[127.22667,37.65078],[127.22754,37.65121],[127.22878,37.65172],[127.23005,37.65213],[127.2315,37.65246]]}},{"type":"Feature","properties":{"kind":"commuter","ref":"경춘","name":"수도권 전철 경춘선","colour":"#007A62"},"geometry":{"type":"LineString","coordinates":[[127.2315,37.65246],[127.23291,37.65267],[127.23403,37.65277],[127.23518,37.65283],[127.23793,37.65295],[127.23928,37.65301],[127.24086,37.65308],[127.24238,37.65316],[127.2445,37.65324],[127.24596,37.65332]]}},{"type":"Feature","properties":{"kind":"commuter","ref":"경춘","name":"수도권 전철 경춘선","colour":"#007A62"},"geometry":{"type":"LineString","coordinates":[[127.2512,37.65358],[127.25321,37.65382],[127.25493,37.65426],[127.2559,37.6546],[127.25802,37.65542],[127.25996,37.6566],[127.26127,37.6574],[127.26252,37.65807],[127.26381,37.65867],[127.26489,37.6591],[127.26616,37.65955],[127.26744,37.65993],[127.26851,37.66019],[127.26965,37.66043],[127.27184,37.66088],[127.27353,37.66123],[127.27518,37.66156],[127.27693,37.66181],[127.27819,37.66183],[127.27986,37.66165],[127.28128,37.66128],[127.28218,37.66093],[127.28313,37.66045],[127.28385,37.66003]]}},{"type":"Feature","properties":{"kind":"commuter","ref":"경춘","name":"수도권 전철 경춘선","colour":"#007A62"},"geometry":{"type":"LineString","coordinates":[[127.31056,37.65285],[127.31167,37.65279]]}},{"type":"Feature","properties":{"kind":"commuter","ref":"경춘","name":"수도권 전철 경춘선","colour":"#007A62"},"geometry":{"type":"LineString","coordinates":[[127.22316,37.64815],[127.22398,37.6489],[127.22465,37.64945],[127.22584,37.65031]]}},{"type":"Feature","properties":{"kind":"commuter","ref":"경춘","name":"수도권 전철 경춘선","colour":"#007A62"},"geometry":{"type":"LineString","coordinates":[[127.20034,37.63613],[127.20162,37.63635],[127.20289,37.63658],[127.20562,37.63704]]}},{"type":"Feature","properties":{"kind":"commuter","ref":"경춘","name":"수도권 전철 경춘선","colour":"#007A62"},"geometry":{"type":"LineString","coordinates":[[127.20719,37.6373],[127.20886,37.63758],[127.21052,37.6379],[127.21111,37.63805]]}},{"type":"Feature","properties":{"kind":"commuter","ref":"경춘","name":"수도권 전철 경춘선","colour":"#007A62"},"geometry":{"type":"LineString","coordinates":[[127.19311,37.63582],[127.19433,37.63561]]}},{"type":"Feature","properties":{"kind":"commuter","ref":"경춘","name":"수도권 전철 경춘선","colour":"#007A62"},"geometry":{"type":"LineString","coordinates":[[127.18847,37.63836],[127.18914,37.63775],[127.19002,37.63711],[127.19119,37.63645],[127.19245,37.63597],[127.19311,37.63582]]}},{"type":"Feature","properties":{"kind":"commuter","ref":"경춘","name":"수도권 전철 경춘선","colour":"#007A62"},"geometry":{"type":"LineString","coordinates":[[127.19433,37.63561],[127.19592,37.63553],[127.19719,37.63562],[127.19847,37.63581],[127.20034,37.63613]]}},{"type":"Feature","properties":{"kind":"commuter","ref":"경춘","name":"수도권 전철 경춘선","colour":"#007A62"},"geometry":{"type":"LineString","coordinates":[[127.18678,37.64106],[127.18726,37.64008],[127.18798,37.63894],[127.18847,37.63836]]}},{"type":"Feature","properties":{"kind":"commuter","ref":"경춘","name":"수도권 전철 경춘선","colour":"#007A62"},"geometry":{"type":"LineString","coordinates":[[127.18526,37.64418],[127.18568,37.6433],[127.18622,37.64218],[127.18666,37.64127],[127.18678,37.64106]]}},{"type":"Feature","properties":{"kind":"commuter","ref":"경춘","name":"수도권 전철 경춘선","colour":"#007A62"},"geometry":{"type":"LineString","coordinates":[[127.22584,37.65031],[127.22645,37.65067]]}},{"type":"Feature","properties":{"kind":"commuter","ref":"경춘","name":"수도권 전철 경춘선","colour":"#007A62"},"geometry":{"type":"LineString","coordinates":[[127.22241,37.64737],[127.22277,37.64775]]}},{"type":"Feature","properties":{"kind":"commuter","ref":"경춘","name":"수도권 전철 경춘선","colour":"#007A62"},"geometry":{"type":"LineString","coordinates":[[127.21111,37.63805],[127.21218,37.63839],[127.21354,37.63898],[127.21437,37.63946],[127.21535,37.64011],[127.21649,37.6411],[127.21738,37.64202],[127.21786,37.64257]]}},{"type":"Feature","properties":{"kind":"commuter","ref":"경춘","name":"수도권 전철 경춘선","colour":"#007A62"},"geometry":{"type":"LineString","coordinates":[[127.22277,37.64775],[127.22316,37.64815]]}},{"type":"Feature","properties":{"kind":"commuter","ref":"경춘","name":"수도권 전철 경춘선","colour":"#007A62"},"geometry":{"type":"LineString","coordinates":[[127.22206,37.64706],[127.22241,37.64737]]}},{"type":"Feature","properties":{"kind":"commuter","ref":"경춘","name":"수도권 전철 경춘선","colour":"#007A62"},"geometry":{"type":"LineString","coordinates":[[127.21786,37.64257],[127.22194,37.64695]]}},{"type":"Feature","properties":{"kind":"commuter","ref":"경춘","name":"수도권 전철 경춘선","colour":"#007A62"},"geometry":{"type":"LineString","coordinates":[[127.22194,37.64695],[127.22206,37.64706]]}},{"type":"Feature","properties":{"kind":"commuter","ref":"경춘","name":"수도권 전철 경춘선","colour":"#007A62"},"geometry":{"type":"LineString","coordinates":[[127.37398,37.67365],[127.37486,37.67414],[127.37619,37.67514],[127.37702,37.67609],[127.37782,37.67742]]}},{"type":"Feature","properties":{"kind":"commuter","ref":"경춘","name":"수도권 전철 경춘선","colour":"#007A62"},"geometry":{"type":"LineString","coordinates":[[127.31276,37.65273],[127.31419,37.65266],[127.31515,37.6526]]}},{"type":"Feature","properties":{"kind":"commuter","ref":"경춘","name":"수도권 전철 경춘선","colour":"#007A62"},"geometry":{"type":"LineString","coordinates":[[127.30748,37.65307],[127.31056,37.65285]]}},{"type":"Feature","properties":{"kind":"commuter","ref":"경춘","name":"수도권 전철 경춘선","colour":"#007A62"},"geometry":{"type":"LineString","coordinates":[[127.30061,37.65349],[127.30748,37.65307]]}},{"type":"Feature","properties":{"kind":"commuter","ref":"경춘","name":"수도권 전철 경춘선","colour":"#007A62"},"geometry":{"type":"LineString","coordinates":[[127.3688,37.672],[127.36969,37.67224]]}},{"type":"Feature","properties":{"kind":"commuter","ref":"경춘","name":"수도권 전철 경춘선","colour":"#007A62"},"geometry":{"type":"LineString","coordinates":[[127.29145,37.65563],[127.29246,37.65524]]}},{"type":"Feature","properties":{"kind":"commuter","ref":"경춘","name":"수도권 전철 경춘선","colour":"#007A62"},"geometry":{"type":"LineString","coordinates":[[127.29246,37.65524],[127.29437,37.65461]]}},{"type":"Feature","properties":{"kind":"commuter","ref":"경춘","name":"수도권 전철 경춘선","colour":"#007A62"},"geometry":{"type":"LineString","coordinates":[[127.28954,37.6565],[127.29145,37.65563]]}},{"type":"Feature","properties":{"kind":"commuter","ref":"경춘","name":"수도권 전철 경춘선","colour":"#007A62"},"geometry":{"type":"LineString","coordinates":[[127.36995,37.6723],[127.37334,37.67339],[127.37366,37.67349]]}},{"type":"Feature","properties":{"kind":"commuter","ref":"경춘","name":"수도권 전철 경춘선","colour":"#007A62"},"geometry":{"type":"LineString","coordinates":[[127.34343,37.66364],[127.35627,37.66777],[127.35769,37.66824],[127.36854,37.67192]]}},{"type":"Feature","properties":{"kind":"commuter","ref":"경춘","name":"수도권 전철 경춘선","colour":"#007A62"},"geometry":{"type":"LineString","coordinates":[[127.29437,37.65461],[127.29717,37.65392],[127.299,37.65364],[127.30061,37.65349]]}},{"type":"Feature","properties":{"kind":"commuter","ref":"경춘","name":"수도권 전철 경춘선","colour":"#007A62"},"geometry":{"type":"LineString","coordinates":[[127.28385,37.66003],[127.28506,37.65923],[127.28582,37.65874],[127.28805,37.65731],[127.28954,37.6565]]}},{"type":"Feature","properties":{"kind":"commuter","ref":"경춘","name":"수도권 전철 경춘선","colour":"#007A62"},"geometry":{"type":"LineString","coordinates":[[127.37366,37.67349],[127.37398,37.67365]]}},{"type":"Feature","properties":{"kind":"commuter","ref":"경춘","name":"수도권 전철 경춘선","colour":"#007A62"},"geometry":{"type":"LineString","coordinates":[[127.31928,37.65244],[127.32063,37.65262],[127.32211,37.65294],[127.32313,37.65327],[127.32412,37.65366],[127.32513,37.65416],[127.32679,37.65512],[127.33053,37.65729]]}},{"type":"Feature","properties":{"kind":"commuter","ref":"경춘","name":"수도권 전철 경춘선","colour":"#007A62"},"geometry":{"type":"LineString","coordinates":[[127.31515,37.6526],[127.317,37.65245],[127.31877,37.65242],[127.31928,37.65244]]}},{"type":"Feature","properties":{"kind":"commuter","ref":"경춘","name":"수도권 전철 경춘선","colour":"#007A62"},"geometry":{"type":"LineString","coordinates":[[127.33053,37.65729],[127.33749,37.66088],[127.33811,37.6612]]}},{"type":"Feature","properties":{"kind":"commuter","ref":"경춘","name":"수도권 전철 경춘선","colour":"#007A62"},"geometry":{"type":"LineString","coordinates":[[127.43694,37.74045],[127.43762,37.74082]]}},{"type":"Feature","properties":{"kind":"commuter","ref":"경춘","name":"수도권 전철 경춘선","colour":"#007A62"},"geometry":{"type":"LineString","coordinates":[[127.44967,37.76522],[127.45065,37.76643],[127.45248,37.76855],[127.45331,37.76934],[127.4544,37.77016]]}},{"type":"Feature","properties":{"kind":"commuter","ref":"경춘","name":"수도권 전철 경춘선","colour":"#007A62"},"geometry":{"type":"LineString","coordinates":[[127.43161,37.73791],[127.43285,37.73849],[127.43437,37.73921],[127.43694,37.74045]]}},{"type":"Feature","properties":{"kind":"commuter","ref":"경춘","name":"수도권 전철 경춘선","colour":"#007A62"},"geometry":{"type":"LineString","coordinates":[[127.44629,37.76082],[127.44706,37.76204],[127.44759,37.76274],[127.44834,37.76367]]}},{"type":"Feature","properties":{"kind":"commuter","ref":"경춘","name":"수도권 전철 경춘선","colour":"#007A62"},"geometry":{"type":"LineString","coordinates":[[127.43762,37.74082],[127.43844,37.74124],[127.43924,37.74174],[127.44054,37.74282],[127.44149,37.74397],[127.44207,37.74515],[127.44572,37.75913],[127.44629,37.76082]]}},{"type":"Feature","properties":{"kind":"commuter","ref":"경춘","name":"수도권 전철 경춘선","colour":"#007A62"},"geometry":{"type":"LineString","coordinates":[[127.44834,37.76367],[127.44967,37.76522]]}},{"type":"Feature","properties":{"kind":"commuter","ref":"경춘","name":"수도권 전철 경춘선","colour":"#007A62"},"geometry":{"type":"LineString","coordinates":[[127.41566,37.73027],[127.41826,37.73152]]}},{"type":"Feature","properties":{"kind":"commuter","ref":"경춘","name":"수도권 전철 경춘선","colour":"#007A62"},"geometry":{"type":"LineString","coordinates":[[127.41826,37.73152],[127.42181,37.73322],[127.42294,37.73377]]}},{"type":"Feature","properties":{"kind":"commuter","ref":"경춘","name":"수도권 전철 경춘선","colour":"#007A62"},"geometry":{"type":"LineString","coordinates":[[127.42662,37.73552],[127.42766,37.73602],[127.43016,37.73722],[127.43161,37.73791]]}},{"type":"Feature","properties":{"kind":"commuter","ref":"경춘","name":"수도권 전철 경춘선","colour":"#007A62"},"geometry":{"type":"LineString","coordinates":[[127.41328,37.72919],[127.41566,37.73027]]}},{"type":"Feature","properties":{"kind":"commuter","ref":"경춘","name":"수도권 전철 경춘선","colour":"#007A62"},"geometry":{"type":"LineString","coordinates":[[127.39975,37.72267],[127.3999,37.72275]]}},{"type":"Feature","properties":{"kind":"commuter","ref":"경춘","name":"수도권 전철 경춘선","colour":"#007A62"},"geometry":{"type":"LineString","coordinates":[[127.39025,37.71435],[127.39099,37.71537],[127.39157,37.71612],[127.39221,37.71688],[127.3931,37.71781],[127.39425,37.71887],[127.39541,37.71984],[127.39649,37.72067],[127.3976,37.7214],[127.39864,37.72206],[127.39975,37.72267]]}},{"type":"Feature","properties":{"kind":"commuter","ref":"경춘","name":"수도권 전철 경춘선","colour":"#007A62"},"geometry":{"type":"LineString","coordinates":[[127.38985,37.7137],[127.39025,37.71435]]}},{"type":"Feature","properties":{"kind":"commuter","ref":"경춘","name":"수도권 전철 경춘선","colour":"#007A62"},"geometry":{"type":"LineString","coordinates":[[127.40056,37.72308],[127.40548,37.72545]]}},{"type":"Feature","properties":{"kind":"commuter","ref":"경춘","name":"수도권 전철 경춘선","colour":"#007A62"},"geometry":{"type":"LineString","coordinates":[[127.40561,37.72551],[127.409,37.72717],[127.41151,37.72833]]}},{"type":"Feature","properties":{"kind":"commuter","ref":"경춘","name":"수도권 전철 경춘선","colour":"#007A62"},"geometry":{"type":"LineString","coordinates":[[127.41151,37.72833],[127.41328,37.72919]]}},{"type":"Feature","properties":{"kind":"commuter","ref":"경춘","name":"수도권 전철 경춘선","colour":"#007A62"},"geometry":{"type":"LineString","coordinates":[[127.55958,37.83246],[127.56735,37.83412],[127.56858,37.83433],[127.57,37.83453],[127.57119,37.83462],[127.5733,37.83465]]}},{"type":"Feature","properties":{"kind":"commuter","ref":"경춘","name":"수도권 전철 경춘선","colour":"#007A62"},"geometry":{"type":"LineString","coordinates":[[127.52964,37.82364],[127.54113,37.82764],[127.54426,37.82866],[127.54582,37.82917],[127.54742,37.82963],[127.54922,37.83009],[127.5531,37.83099],[127.55638,37.83178]]}},{"type":"Feature","properties":{"kind":"commuter","ref":"경춘","name":"수도권 전철 경춘선","colour":"#007A62"},"geometry":{"type":"LineString","coordinates":[[127.51625,37.81805],[127.51837,37.81939],[127.5197,37.82004],[127.52104,37.82065],[127.52209,37.82102],[127.52964,37.82364]]}},{"type":"Feature","properties":{"kind":"commuter","ref":"경춘","name":"수도권 전철 경춘선","colour":"#007A62"},"geometry":{"type":"LineString","coordinates":[[127.55713,37.83194],[127.55958,37.83246]]}},{"type":"Feature","properties":{"kind":"commuter","ref":"경춘","name":"수도권 전철 경춘선","colour":"#007A62"},"geometry":{"type":"LineString","coordinates":[[127.49785,37.80274],[127.50038,37.80584]]}},{"type":"Feature","properties":{"kind":"commuter","ref":"경춘","name":"수도권 전철 경춘선","colour":"#007A62"},"geometry":{"type":"LineString","coordinates":[[127.50038,37.80584],[127.50169,37.80748],[127.50257,37.80857]]}},{"type":"Feature","properties":{"kind":"commuter","ref":"경춘","name":"수도권 전철 경춘선","colour":"#007A62"},"geometry":{"type":"LineString","coordinates":[[127.50652,37.81187],[127.50777,37.81267],[127.50979,37.81395],[127.51074,37.81454],[127.51175,37.81518],[127.51349,37.81629]]}},{"type":"Feature","properties":{"kind":"commuter","ref":"경춘","name":"수도권 전철 경춘선","colour":"#007A62"},"geometry":{"type":"LineString","coordinates":[[127.50257,37.80857],[127.50328,37.80939],[127.50468,37.81075],[127.50652,37.81187]]}},{"type":"Feature","properties":{"kind":"commuter","ref":"경춘","name":"수도권 전철 경춘선","colour":"#007A62"},"geometry":{"type":"LineString","coordinates":[[127.5733,37.83465],[127.57356,37.83462]]}},{"type":"Feature","properties":{"kind":"commuter","ref":"경춘","name":"수도권 전철 경춘선","colour":"#007A62"},"geometry":{"type":"LineString","coordinates":[[127.60198,37.82834],[127.6032,37.82763],[127.60397,37.82709],[127.60527,37.82592],[127.60622,37.82475]]}},{"type":"Feature","properties":{"kind":"commuter","ref":"경춘","name":"수도권 전철 경춘선","colour":"#007A62"},"geometry":{"type":"LineString","coordinates":[[127.57356,37.83462],[127.57505,37.83432],[127.57615,37.834],[127.5775,37.83349],[127.57979,37.83256],[127.58102,37.83213],[127.58204,37.83189],[127.58672,37.83115],[127.58813,37.83095],[127.59053,37.83059],[127.59553,37.82989],[127.59702,37.82967],[127.59833,37.82947],[127.59971,37.82917],[127.60094,37.82879],[127.60198,37.82834]]}},{"type":"Feature","properties":{"kind":"commuter","ref":"경춘","name":"수도권 전철 경춘선","colour":"#007A62"},"geometry":{"type":"LineString","coordinates":[[127.60697,37.82363],[127.61419,37.81244],[127.61475,37.81162],[127.61535,37.81081],[127.61611,37.80999],[127.61699,37.8092],[127.61795,37.80851],[127.61896,37.8079],[127.61993,37.80743],[127.62103,37.80696],[127.62211,37.80657],[127.62329,37.80625],[127.62521,37.80585],[127.62629,37.80568],[127.62811,37.80553],[127.62895,37.80557]]}},{"type":"Feature","properties":{"kind":"commuter","ref":"경춘","name":"수도권 전철 경춘선","colour":"#007A62"},"geometry":{"type":"LineString","coordinates":[[127.60679,37.8239],[127.60697,37.82363]]}},{"type":"Feature","properties":{"kind":"commuter","ref":"경춘","name":"수도권 전철 경춘선","colour":"#007A62"},"geometry":{"type":"LineString","coordinates":[[127.60635,37.82455],[127.60679,37.8239]]}},{"type":"Feature","properties":{"kind":"commuter","ref":"경춘","name":"수도권 전철 경춘선","colour":"#007A62"},"geometry":{"type":"LineString","coordinates":[[127.60622,37.82475],[127.60635,37.82455]]}},{"type":"Feature","properties":{"kind":"commuter","ref":"경춘","name":"수도권 전철 경춘선","colour":"#007A62"},"geometry":{"type":"LineString","coordinates":[[127.63965,37.80592],[127.64637,37.80605],[127.67467,37.80705]]}},{"type":"Feature","properties":{"kind":"commuter","ref":"경춘","name":"수도권 전철 경춘선","colour":"#007A62"},"geometry":{"type":"LineString","coordinates":[[127.67467,37.80705],[127.67735,37.80714]]}},{"type":"Feature","properties":{"kind":"commuter","ref":"경춘","name":"수도권 전철 경춘선","colour":"#007A62"},"geometry":{"type":"LineString","coordinates":[[127.62895,37.80557],[127.62925,37.80558]]}},{"type":"Feature","properties":{"kind":"commuter","ref":"경춘","name":"수도권 전철 경춘선","colour":"#007A62"},"geometry":{"type":"LineString","coordinates":[[127.62925,37.80558],[127.63063,37.80563],[127.633,37.80569],[127.63412,37.80574]]}},{"type":"Feature","properties":{"kind":"commuter","ref":"경춘","name":"수도권 전철 경춘선","colour":"#007A62"},"geometry":{"type":"LineString","coordinates":[[127.3999,37.72275],[127.40056,37.72308]]}},{"type":"Feature","properties":{"kind":"commuter","ref":"경춘","name":"수도권 전철 경춘선","colour":"#007A62"},"geometry":{"type":"LineString","coordinates":[[127.49587,37.80064],[127.49667,37.80141],[127.49729,37.80209],[127.49785,37.80274]]}},{"type":"Feature","properties":{"kind":"commuter","ref":"경춘","name":"수도권 전철 경춘선","colour":"#007A62"},"geometry":{"type":"LineString","coordinates":[[127.49114,37.79628],[127.49242,37.79745]]}},{"type":"Feature","properties":{"kind":"commuter","ref":"경춘","name":"수도권 전철 경춘선","colour":"#007A62"},"geometry":{"type":"LineString","coordinates":[[127.49242,37.79745],[127.49587,37.80064]]}},{"type":"Feature","properties":{"kind":"commuter","ref":"경춘","name":"수도권 전철 경춘선","colour":"#007A62"},"geometry":{"type":"LineString","coordinates":[[127.103,37.60504],[127.10331,37.60597],[127.10336,37.60992]]}},{"type":"Feature","properties":{"kind":"commuter","ref":"경춘","name":"수도권 전철 경춘선","colour":"#007A62"},"geometry":{"type":"LineString","coordinates":[[127.10336,37.60992],[127.10321,37.61146]]}},{"type":"Feature","properties":{"kind":"commuter","ref":"경춘","name":"수도권 전철 경춘선","colour":"#007A62"},"geometry":{"type":"LineString","coordinates":[[127.10321,37.61146],[127.10321,37.61154]]}},{"type":"Feature","properties":{"kind":"commuter","ref":"경춘","name":"수도권 전철 경춘선","colour":"#007A62"},"geometry":{"type":"LineString","coordinates":[[127.10528,37.61837],[127.10573,37.6193],[127.10611,37.61996]]}},{"type":"Feature","properties":{"kind":"commuter","ref":"경춘","name":"수도권 전철 경춘선","colour":"#007A62"},"geometry":{"type":"LineString","coordinates":[[127.38491,37.6964],[127.38548,37.6975],[127.38595,37.69858],[127.38636,37.69986],[127.3867,37.70117]]}},{"type":"Feature","properties":{"kind":"commuter","ref":"경춘","name":"수도권 전철 경춘선","colour":"#007A62"},"geometry":{"type":"LineString","coordinates":[[127.38303,37.69359],[127.38413,37.69514],[127.38461,37.69588],[127.38491,37.6964]]}},{"type":"Feature","properties":{"kind":"commuter","ref":"경춘","name":"수도권 전철 경춘선","colour":"#007A62"},"geometry":{"type":"LineString","coordinates":[[127.10611,37.61996],[127.10814,37.62297]]}},{"type":"Feature","properties":{"kind":"commuter","ref":"경춘","name":"수도권 전철 경춘선","colour":"#007A62"},"geometry":{"type":"LineString","coordinates":[[127.10814,37.62297],[127.1115,37.62792]]}},{"type":"Feature","properties":{"kind":"commuter","ref":"경춘","name":"수도권 전철 경춘선","colour":"#007A62"},"geometry":{"type":"LineString","coordinates":[[127.08268,37.59636],[127.08336,37.59655]]}},{"type":"Feature","properties":{"kind":"commuter","ref":"경춘","name":"수도권 전철 경춘선","colour":"#007A62"},"geometry":{"type":"LineString","coordinates":[[127.08132,37.59602],[127.08244,37.59631]]}},{"type":"Feature","properties":{"kind":"commuter","ref":"경춘","name":"수도권 전철 경춘선","colour":"#007A62"},"geometry":{"type":"LineString","coordinates":[[127.09209,37.60016],[127.09311,37.60048],[127.09422,37.6007],[127.09537,37.60093],[127.09638,37.60115],[127.09745,37.60153],[127.09849,37.60192],[127.09945,37.60228],[127.10033,37.60266],[127.10115,37.60312],[127.10208,37.60387],[127.10271,37.6046],[127.103,37.60504]]}},{"type":"Feature","properties":{"kind":"commuter","ref":"경춘","name":"수도권 전철 경춘선","colour":"#007A62"},"geometry":{"type":"LineString","coordinates":[[127.08658,37.59753],[127.08752,37.59797],[127.08837,37.59848],[127.08922,37.59901],[127.09014,37.59942],[127.09118,37.59981]]}},{"type":"Feature","properties":{"kind":"commuter","ref":"경춘","name":"수도권 전철 경춘선","colour":"#007A62"},"geometry":{"type":"LineString","coordinates":[[127.07421,37.59454],[127.07712,37.59522],[127.07835,37.59546],[127.07884,37.59553]]}},{"type":"Feature","properties":{"kind":"commuter","ref":"경춘","name":"수도권 전철 경춘선","colour":"#007A62"},"geometry":{"type":"LineString","coordinates":[[127.07395,37.59449],[127.07421,37.59454]]}},{"type":"Feature","properties":{"kind":"commuter","ref":"경춘","name":"수도권 전철 경춘선","colour":"#007A62"},"geometry":{"type":"LineString","coordinates":[[127.07265,37.59421],[127.07395,37.59449]]}},{"type":"Feature","properties":{"kind":"commuter","ref":"경춘","name":"수도권 전철 경춘선","colour":"#007A62"},"geometry":{"type":"LineString","coordinates":[[127.07884,37.59553],[127.08006,37.59577],[127.08061,37.59588]]}},{"type":"Feature","properties":{"kind":"commuter","ref":"경춘","name":"수도권 전철 경춘선","colour":"#007A62"},"geometry":{"type":"LineString","coordinates":[[127.06303,37.59209],[127.0644,37.59241],[127.06541,37.59263],[127.0664,37.59284],[127.06742,37.59307],[127.06841,37.59329]]}},{"type":"Feature","properties":{"kind":"commuter","ref":"경춘","name":"수도권 전철 경춘선","colour":"#007A62"},"geometry":{"type":"LineString","coordinates":[[127.05122,37.58461],[127.05162,37.58505]]}},{"type":"Feature","properties":{"kind":"commuter","ref":"경춘","name":"수도권 전철 경춘선","colour":"#007A62"},"geometry":{"type":"LineString","coordinates":[[127.05072,37.58404],[127.05027,37.58347]]}},{"type":"Feature","properties":{"kind":"commuter","ref":"경춘","name":"수도권 전철 경춘선","colour":"#007A62"},"geometry":{"type":"LineString","coordinates":[[127.05108,37.58442],[127.05122,37.58461]]}},{"type":"Feature","properties":{"kind":"commuter","ref":"경춘","name":"수도권 전철 경춘선","colour":"#007A62"},"geometry":{"type":"LineString","coordinates":[[127.04972,37.58278],[127.05027,37.58347]]}},{"type":"Feature","properties":{"kind":"commuter","ref":"경춘","name":"수도권 전철 경춘선","colour":"#007A62"},"geometry":{"type":"LineString","coordinates":[[127.05162,37.58505],[127.05239,37.586],[127.05319,37.58679],[127.05412,37.58753],[127.05487,37.588],[127.05571,37.58848],[127.05702,37.58916],[127.0584,37.58989],[127.05937,37.59042],[127.06017,37.59084],[127.06072,37.59113]]}},{"type":"Feature","properties":{"kind":"commuter","ref":"경춘","name":"수도권 전철 경춘선","colour":"#007A62"},"geometry":{"type":"LineString","coordinates":[[127.11513,37.63499],[127.11569,37.63593],[127.11641,37.6368],[127.11729,37.63759],[127.11802,37.63811],[127.11909,37.6387],[127.12015,37.63918],[127.12299,37.64039],[127.12624,37.64179],[127.12675,37.64199]]}},{"type":"Feature","properties":{"kind":"commuter","ref":"경춘","name":"수도권 전철 경춘선","colour":"#007A62"},"geometry":{"type":"LineString","coordinates":[[127.12994,37.64336],[127.13364,37.64492],[127.13477,37.6454],[127.13571,37.64579],[127.13665,37.64614],[127.13718,37.64632]]}},{"type":"Feature","properties":{"kind":"commuter","ref":"경춘","name":"수도권 전철 경춘선","colour":"#007A62"},"geometry":{"type":"LineString","coordinates":[[127.13847,37.64672],[127.13957,37.64706],[127.14021,37.64726]]}},{"type":"Feature","properties":{"kind":"commuter","ref":"경춘","name":"수도권 전철 경춘선","colour":"#007A62"},"geometry":{"type":"LineString","coordinates":[[127.13718,37.64632],[127.1381,37.64661],[127.13847,37.64672]]}},{"type":"Feature","properties":{"kind":"commuter","ref":"경춘","name":"수도권 전철 경춘선","colour":"#007A62"},"geometry":{"type":"LineString","coordinates":[[127.15398,37.65149],[127.15623,37.65222]]}},{"type":"Feature","properties":{"kind":"commuter","ref":"경춘","name":"수도권 전철 경춘선","colour":"#007A62"},"geometry":{"type":"LineString","coordinates":[[127.14659,37.64921],[127.14754,37.64951],[127.14859,37.64984],[127.14993,37.65025],[127.15341,37.65132],[127.15398,37.65149]]}},{"type":"Feature","properties":{"kind":"commuter","ref":"경춘","name":"수도권 전철 경춘선","colour":"#007A62"},"geometry":{"type":"LineString","coordinates":[[127.15675,37.6524],[127.15821,37.65297],[127.15954,37.65356],[127.1607,37.65406],[127.16211,37.65466],[127.16304,37.655],[127.1644,37.65534],[127.16531,37.65547]]}},{"type":"Feature","properties":{"kind":"commuter","ref":"경춘","name":"수도권 전철 경춘선","colour":"#007A62"},"geometry":{"type":"LineString","coordinates":[[127.15623,37.65222],[127.15675,37.6524]]}},{"type":"Feature","properties":{"kind":"commuter","ref":"경춘","name":"수도권 전철 경춘선","colour":"#007A62"},"geometry":{"type":"LineString","coordinates":[[127.16559,37.6555],[127.16697,37.65552],[127.16858,37.65534],[127.16969,37.65506],[127.17072,37.65469],[127.17198,37.65405]]}},{"type":"Feature","properties":{"kind":"commuter","ref":"경춘","name":"수도권 전철 경춘선","colour":"#007A62"},"geometry":{"type":"LineString","coordinates":[[127.16531,37.65547],[127.16559,37.6555]]}},{"type":"Feature","properties":{"kind":"commuter","ref":"경춘","name":"수도권 전철 경춘선","colour":"#007A62"},"geometry":{"type":"LineString","coordinates":[[127.17281,37.65356],[127.17381,37.65297],[127.17612,37.65158],[127.17691,37.65111],[127.1777,37.65065],[127.17906,37.64987],[127.1805,37.64903],[127.18161,37.64835]]}},{"type":"Feature","properties":{"kind":"commuter","ref":"경춘","name":"수도권 전철 경춘선","colour":"#007A62"},"geometry":{"type":"LineString","coordinates":[[127.17198,37.65405],[127.17281,37.65356]]}},{"type":"Feature","properties":{"kind":"commuter","ref":"경춘","name":"수도권 전철 경춘선","colour":"#007A62"},"geometry":{"type":"LineString","coordinates":[[127.18161,37.64835],[127.18265,37.64764],[127.18332,37.64707],[127.18392,37.64645],[127.18448,37.64571],[127.185,37.64477],[127.18526,37.64418]]}},{"type":"Feature","properties":{"kind":"commuter","ref":"경춘","name":"수도권 전철 경춘선","colour":"#007A62"},"geometry":{"type":"LineString","coordinates":[[127.3867,37.70117],[127.38939,37.71186],[127.38985,37.7137]]}},{"type":"Feature","properties":{"kind":"commuter","ref":"경춘","name":"수도권 전철 경춘선","colour":"#007A62"},"geometry":{"type":"LineString","coordinates":[[127.7031,37.81067],[127.70441,37.81133],[127.70569,37.81205],[127.70737,37.81313],[127.70824,37.81377],[127.70969,37.81487]]}},{"type":"Feature","properties":{"kind":"commuter","ref":"경춘","name":"수도권 전철 경춘선","colour":"#007A62"},"geometry":{"type":"LineString","coordinates":[[127.70248,37.81037],[127.7031,37.81067]]}},{"type":"Feature","properties":{"kind":"commuter","ref":"경춘","name":"수도권 전철 경춘선","colour":"#007A62"},"geometry":{"type":"LineString","coordinates":[[127.69681,37.80846],[127.70248,37.81037]]}},{"type":"Feature","properties":{"kind":"commuter","ref":"경춘","name":"수도권 전철 경춘선","colour":"#007A62"},"geometry":{"type":"LineString","coordinates":[[127.69532,37.80815],[127.69681,37.80846]]}},{"type":"Feature","properties":{"kind":"commuter","ref":"경춘","name":"수도권 전철 경춘선","colour":"#007A62"},"geometry":{"type":"LineString","coordinates":[[127.67735,37.80714],[127.68748,37.80722],[127.68941,37.80733],[127.69131,37.80755],[127.69317,37.80781],[127.69496,37.80808]]}},{"type":"Feature","properties":{"kind":"commuter","ref":"경춘","name":"수도권 전철 경춘선","colour":"#007A62"},"geometry":{"type":"LineString","coordinates":[[127.69496,37.80808],[127.69532,37.80815]]}},{"type":"Feature","properties":{"kind":"commuter","ref":"경춘","name":"수도권 전철 경춘선","colour":"#007A62"},"geometry":{"type":"LineString","coordinates":[[127.71432,37.81845],[127.71555,37.81942],[127.71673,37.82033],[127.71742,37.82087],[127.71989,37.82277],[127.72062,37.82334],[127.72146,37.824],[127.72223,37.82467],[127.7232,37.8257],[127.72411,37.82695],[127.72459,37.82777],[127.72596,37.83022],[127.72659,37.83128],[127.72717,37.83216],[127.72773,37.83293],[127.72866,37.8342],[127.72969,37.83565],[127.73031,37.83678],[127.73063,37.83771],[127.73081,37.83883],[127.73085,37.83944]]}},{"type":"Feature","properties":{"kind":"commuter","ref":"경춘","name":"수도권 전철 경춘선","colour":"#007A62"},"geometry":{"type":"LineString","coordinates":[[127.73102,37.8434],[127.73153,37.84551],[127.73189,37.84643],[127.73308,37.84944],[127.73361,37.85079],[127.73387,37.85176],[127.73394,37.85263]]}},{"type":"Feature","properties":{"kind":"commuter","ref":"경춘","name":"수도권 전철 경춘선","colour":"#007A62"},"geometry":{"type":"LineString","coordinates":[[127.73374,37.85435],[127.7336,37.85505]]}},{"type":"Feature","properties":{"kind":"commuter","ref":"경춘","name":"수도권 전철 경춘선","colour":"#007A62"},"geometry":{"type":"LineString","coordinates":[[127.73394,37.85263],[127.73383,37.85379],[127.73374,37.85435]]}},{"type":"Feature","properties":{"kind":"commuter","ref":"경춘","name":"수도권 전철 경춘선","colour":"#007A62"},"geometry":{"type":"LineString","coordinates":[[127.7336,37.85505],[127.73332,37.85656],[127.73298,37.85767],[127.73284,37.85801]]}},{"type":"Feature","properties":{"kind":"commuter","ref":"경춘","name":"수도권 전철 경춘선","colour":"#007A62"},"geometry":{"type":"LineString","coordinates":[[127.71359,37.87761],[127.71363,37.87905],[127.71393,37.87995],[127.71444,37.88084],[127.71533,37.88238]]}},{"type":"Feature","properties":{"kind":"commuter","ref":"경춘","name":"수도권 전철 경춘선","colour":"#007A62"},"geometry":{"type":"LineString","coordinates":[[127.71535,37.87188],[127.715,37.87301]]}},{"type":"Feature","properties":{"kind":"commuter","ref":"경춘","name":"수도권 전철 경춘선","colour":"#007A62"},"geometry":{"type":"LineString","coordinates":[[127.73284,37.85801],[127.73239,37.85878],[127.73143,37.85978],[127.73026,37.86055],[127.72921,37.86116],[127.72837,37.86161],[127.72709,37.8623],[127.7262,37.86278],[127.72488,37.86348],[127.72392,37.86399],[127.72297,37.8645],[127.72056,37.8658],[127.71911,37.86658],[127.71811,37.86716],[127.71734,37.86779],[127.7167,37.8685],[127.71608,37.86973],[127.71535,37.87188]]}},{"type":"Feature","properties":{"kind":"commuter","ref":"경춘","name":"수도권 전철 경춘선","colour":"#007A62"},"geometry":{"type":"LineString","coordinates":[[127.715,37.87301],[127.71464,37.87406],[127.71401,37.87609],[127.71359,37.87761]]}},{"type":"Feature","properties":{"kind":"commuter","ref":"경춘","name":"수도권 전철 경춘선","colour":"#007A62"},"geometry":{"type":"LineString","coordinates":[[127.24596,37.65332],[127.24786,37.65339],[127.2512,37.65358]]}},{"type":"Feature","properties":{"kind":"commuter","ref":"경춘","name":"수도권 전철 경춘선","colour":"#007A62"},"geometry":{"type":"LineString","coordinates":[[127.37782,37.67742],[127.37844,37.67942],[127.37885,37.68104],[127.37935,37.68298],[127.37978,37.68471],[127.38024,37.68656],[127.38123,37.69033],[127.38198,37.69195],[127.38247,37.69279],[127.38303,37.69359]]}},{"type":"Feature","properties":{"kind":"commuter","ref":"경춘","name":"수도권 전철 경춘선","colour":"#007A62"},"geometry":{"type":"LineString","coordinates":[[127.4634,37.77346],[127.46476,37.77401],[127.46613,37.77463],[127.46865,37.77603],[127.47085,37.7776],[127.47499,37.78143],[127.48548,37.7911],[127.48774,37.79324],[127.49007,37.79536],[127.49114,37.79628]]}},{"type":"Feature","properties":{"kind":"commuter","ref":"경춘","name":"수도권 전철 경춘선","colour":"#007A62"},"geometry":{"type":"LineString","coordinates":[[127.08268,37.59636],[127.08244,37.59631]]}},{"type":"Feature","properties":{"kind":"commuter","ref":"경춘","name":"수도권 전철 경춘선","colour":"#007A62"},"geometry":{"type":"LineString","coordinates":[[127.08061,37.59588],[127.08132,37.59602]]}},{"type":"Feature","properties":{"kind":"commuter","ref":"경춘","name":"수도권 전철 경춘선","colour":"#007A62"},"geometry":{"type":"LineString","coordinates":[[127.08369,37.59664],[127.08474,37.59694],[127.08596,37.5973],[127.08658,37.59753]]}},{"type":"Feature","properties":{"kind":"commuter","ref":"경춘","name":"수도권 전철 경춘선","colour":"#007A62"},"geometry":{"type":"LineString","coordinates":[[127.09118,37.59981],[127.09209,37.60016]]}},{"type":"Feature","properties":{"kind":"commuter","ref":"경춘","name":"수도권 전철 경춘선","colour":"#007A62"},"geometry":{"type":"LineString","coordinates":[[127.71134,37.81615],[127.71327,37.81765],[127.71432,37.81845]]}},{"type":"Feature","properties":{"kind":"commuter","ref":"경춘","name":"수도권 전철 경춘선","colour":"#007A62"},"geometry":{"type":"LineString","coordinates":[[127.63645,37.80582],[127.63804,37.80587],[127.63965,37.80592]]}},{"type":"Feature","properties":{"kind":"commuter","ref":"경춘","name":"수도권 전철 경춘선","colour":"#007A62"},"geometry":{"type":"LineString","coordinates":[[127.55638,37.83178],[127.55713,37.83194]]}},{"type":"Feature","properties":{"kind":"commuter","ref":"경춘","name":"수도권 전철 경춘선","colour":"#007A62"},"geometry":{"type":"LineString","coordinates":[[127.45702,37.77144],[127.4634,37.77346]]}},{"type":"Feature","properties":{"kind":"commuter","ref":"경춘","name":"수도권 전철 경춘선","colour":"#007A62"},"geometry":{"type":"LineString","coordinates":[[127.42294,37.73377],[127.42339,37.73398]]}},{"type":"Feature","properties":{"kind":"commuter","ref":"경춘","name":"수도권 전철 경춘선","colour":"#007A62"},"geometry":{"type":"LineString","coordinates":[[127.31167,37.65279],[127.31276,37.65273]]}},{"type":"Feature","properties":{"kind":"commuter","ref":"경춘","name":"수도권 전철 경춘선","colour":"#007A62"},"geometry":{"type":"LineString","coordinates":[[127.73087,37.84079],[127.7309,37.84223],[127.73102,37.8434]]}},{"type":"Feature","properties":{"kind":"commuter","ref":"경춘","name":"수도권 전철 경춘선","colour":"#007A62"},"geometry":{"type":"LineString","coordinates":[[127.73085,37.83944],[127.73087,37.84079]]}},{"type":"Feature","properties":{"kind":"commuter","ref":"경춘","name":"수도권 전철 경춘선","colour":"#007A62"},"geometry":{"type":"LineString","coordinates":[[127.51391,37.81655],[127.51564,37.81766],[127.51625,37.81805]]}},{"type":"Feature","properties":{"kind":"commuter","ref":"경춘","name":"수도권 전철 경춘선","colour":"#007A62"},"geometry":{"type":"LineString","coordinates":[[127.51349,37.81629],[127.51391,37.81655]]}},{"type":"Feature","properties":{"kind":"commuter","ref":"경춘","name":"수도권 전철 경춘선","colour":"#007A62"},"geometry":{"type":"LineString","coordinates":[[127.34107,37.66272],[127.3423,37.66324],[127.34343,37.66364]]}},{"type":"Feature","properties":{"kind":"commuter","ref":"경춘","name":"수도권 전철 경춘선","colour":"#007A62"},"geometry":{"type":"LineString","coordinates":[[127.33857,37.66144],[127.33981,37.6621]]}},{"type":"Feature","properties":{"kind":"commuter","ref":"경춘","name":"수도권 전철 경춘선","colour":"#007A62"},"geometry":{"type":"LineString","coordinates":[[127.11324,37.63068],[127.11368,37.63156],[127.11394,37.63213]]}},{"type":"Feature","properties":{"kind":"commuter","ref":"경춘","name":"수도권 전철 경춘선","colour":"#007A62"},"geometry":{"type":"LineString","coordinates":[[127.1115,37.62792],[127.11265,37.62966],[127.11324,37.63068]]}},{"type":"Feature","properties":{"kind":"commuter","ref":"경춘","name":"수도권 전철 경춘선","colour":"#007A62"},"geometry":{"type":"LineString","coordinates":[[127.08336,37.59655],[127.08369,37.59664]]}},{"type":"Feature","properties":{"kind":"commuter","ref":"경춘","name":"수도권 전철 경춘선","colour":"#007A62"},"geometry":{"type":"LineString","coordinates":[[127.70969,37.81487],[127.7105,37.81551],[127.71134,37.81615]]}},{"type":"Feature","properties":{"kind":"commuter","ref":"경춘","name":"수도권 전철 경춘선","colour":"#007A62"},"geometry":{"type":"LineString","coordinates":[[127.42391,37.73423],[127.4256,37.73503],[127.42662,37.73552]]}},{"type":"Feature","properties":{"kind":"commuter","ref":"경춘","name":"수도권 전철 경춘선","colour":"#007A62"},"geometry":{"type":"LineString","coordinates":[[127.05108,37.58442],[127.05072,37.58404]]}},{"type":"Feature","properties":{"kind":"commuter","ref":"경춘","name":"수도권 전철 경춘선","colour":"#007A62"},"geometry":{"type":"LineString","coordinates":[[127.048,37.58075],[127.04874,37.58174],[127.04899,37.58204]]}},{"type":"Feature","properties":{"kind":"commuter","ref":"경춘","name":"수도권 전철 경춘선","colour":"#007A62"},"geometry":{"type":"LineString","coordinates":[[127.71533,37.88238],[127.71621,37.88384],[127.71662,37.88453]]}},{"type":"Feature","properties":{"kind":"commuter","ref":"경춘","name":"수도권 전철 경춘선","colour":"#007A62"},"geometry":{"type":"LineString","coordinates":[[127.04957,37.58263],[127.04972,37.58278]]}},{"type":"Feature","properties":{"kind":"commuter","ref":"경춘","name":"수도권 전철 경춘선","colour":"#007A62"},"geometry":{"type":"LineString","coordinates":[[127.04899,37.58204],[127.04957,37.58263]]}},{"type":"Feature","properties":{"kind":"commuter","ref":"경춘","name":"수도권 전철 경춘선","colour":"#007A62"},"geometry":{"type":"LineString","coordinates":[[127.4544,37.77016],[127.45533,37.7707],[127.45623,37.77114],[127.45649,37.77124]]}},{"type":"Feature","properties":{"kind":"commuter","ref":"경춘","name":"수도권 전철 경춘선","colour":"#007A62"},"geometry":{"type":"LineString","coordinates":[[127.45649,37.77124],[127.45702,37.77144]]}},{"type":"Feature","properties":{"kind":"commuter","ref":"경춘","name":"수도권 전철 경춘선","colour":"#007A62"},"geometry":{"type":"LineString","coordinates":[[127.33811,37.6612],[127.33857,37.66144]]}},{"type":"Feature","properties":{"kind":"commuter","ref":"경춘","name":"수도권 전철 경춘선","colour":"#007A62"},"geometry":{"type":"LineString","coordinates":[[127.33992,37.66215],[127.34107,37.66272]]}},{"type":"Feature","properties":{"kind":"commuter","ref":"경춘","name":"수도권 전철 경춘선","colour":"#007A62"},"geometry":{"type":"LineString","coordinates":[[127.33981,37.6621],[127.33992,37.66215]]}},{"type":"Feature","properties":{"kind":"commuter","ref":"경춘","name":"수도권 전철 경춘선","colour":"#007A62"},"geometry":{"type":"LineString","coordinates":[[127.63412,37.80574],[127.63645,37.80582]]}},{"type":"Feature","properties":{"kind":"commuter","ref":"경춘","name":"수도권 전철 경춘선","colour":"#007A62"},"geometry":{"type":"LineString","coordinates":[[127.40548,37.72545],[127.40561,37.72551]]}},{"type":"Feature","properties":{"kind":"commuter","ref":"경춘","name":"수도권 전철 경춘선","colour":"#007A62"},"geometry":{"type":"LineString","coordinates":[[127.42339,37.73398],[127.42391,37.73423]]}},{"type":"Feature","properties":{"kind":"commuter","ref":"경춘","name":"수도권 전철 경춘선","colour":"#007A62"},"geometry":{"type":"LineString","coordinates":[[127.11434,37.63312],[127.1147,37.63396],[127.11513,37.63499]]}},{"type":"Feature","properties":{"kind":"commuter","ref":"경춘","name":"수도권 전철 경춘선","colour":"#007A62"},"geometry":{"type":"LineString","coordinates":[[127.11394,37.63213],[127.11434,37.63312]]}},{"type":"Feature","properties":{"kind":"commuter","ref":"경춘","name":"수도권 전철 경춘선","colour":"#007A62"},"geometry":{"type":"LineString","coordinates":[[127.12818,37.6426],[127.12994,37.64336]]}},{"type":"Feature","properties":{"kind":"commuter","ref":"경춘","name":"수도권 전철 경춘선","colour":"#007A62"},"geometry":{"type":"LineString","coordinates":[[127.12675,37.64199],[127.12818,37.6426]]}},{"type":"Feature","properties":{"kind":"commuter","ref":"경춘","name":"수도권 전철 경춘선","colour":"#007A62"},"geometry":{"type":"LineString","coordinates":[[127.20562,37.63704],[127.20719,37.6373]]}},{"type":"Feature","properties":{"kind":"commuter","ref":"경춘","name":"수도권 전철 경춘선","colour":"#007A62"},"geometry":{"type":"LineString","coordinates":[[127.36854,37.67192],[127.3688,37.672]]}},{"type":"Feature","properties":{"kind":"commuter","ref":"경춘","name":"수도권 전철 경춘선","colour":"#007A62"},"geometry":{"type":"LineString","coordinates":[[127.36969,37.67224],[127.36995,37.6723]]}},{"type":"Feature","properties":{"kind":"commuter","ref":"경춘","name":"수도권 전철 경춘선","colour":"#007A62"},"geometry":{"type":"LineString","coordinates":[[127.10322,37.6125],[127.10345,37.61395],[127.10392,37.61528],[127.10528,37.61837]]}},{"type":"Feature","properties":{"kind":"commuter","ref":"경춘","name":"수도권 전철 경춘선","colour":"#007A62"},"geometry":{"type":"LineString","coordinates":[[127.10321,37.61154],[127.10319,37.6119]]}},{"type":"Feature","properties":{"kind":"commuter","ref":"경춘","name":"수도권 전철 경춘선","colour":"#007A62"},"geometry":{"type":"LineString","coordinates":[[127.10319,37.6119],[127.10322,37.6125]]}},{"type":"Feature","properties":{"kind":"commuter","ref":"경춘","name":"수도권 전철 경춘선","colour":"#007A62"},"geometry":{"type":"LineString","coordinates":[[127.06072,37.59113],[127.0618,37.59166],[127.06297,37.59208],[127.06303,37.59209]]}},{"type":"Feature","properties":{"kind":"commuter","ref":"경춘","name":"수도권 전철 경춘선","colour":"#007A62"},"geometry":{"type":"LineString","coordinates":[[127.06847,37.5933],[127.06982,37.59359],[127.07112,37.59387],[127.07213,37.59409],[127.07265,37.59421]]}},{"type":"Feature","properties":{"kind":"commuter","ref":"경춘","name":"수도권 전철 경춘선","colour":"#007A62"},"geometry":{"type":"LineString","coordinates":[[127.06841,37.59329],[127.06847,37.5933]]}},{"type":"Feature","properties":{"kind":"commuter","ref":"경춘","name":"수도권 전철 경춘선","colour":"#007A62"},"geometry":{"type":"LineString","coordinates":[[127.14021,37.64726],[127.14352,37.64827],[127.14659,37.64921]]}},{"type":"Feature","properties":{"kind":"label","ref":"경춘","name":"수도권 전철 경춘선","colour":"#007A62"},"geometry":{"type":"Point","coordinates":[127.09767,37.6016]}},{"type":"Feature","properties":{"kind":"commuter","ref":"서해","name":"수도권 전철 서해선","colour":"#5EAC41"},"geometry":{"type":"LineString","coordinates":[[126.7952,37.48242],[126.79553,37.48114],[126.79558,37.4716],[126.79725,37.4687],[126.79776,37.46782],[126.7983,37.46681],[126.79877,37.46584],[126.7989,37.46412],[126.79676,37.45769],[126.79525,37.45448],[126.79305,37.45011],[126.78724,37.43996],[126.78659,37.43885],[126.78534,37.43667],[126.7849,37.4349],[126.78423,37.43077],[126.7841,37.42869],[126.78416,37.42537],[126.7845,37.42362],[126.7848,37.4227],[126.78699,37.41579],[126.78788,37.40969],[126.78837,37.40641],[126.7886,37.40498]]}},{"type":"Feature","properties":{"kind":"commuter","ref":"서해","name":"수도권 전철 서해선","colour":"#5EAC41"},"geometry":{"type":"LineString","coordinates":[[126.80357,37.38889],[126.80581,37.38202],[126.80791,37.37601],[126.80882,37.37227],[126.80885,37.37076],[126.80857,37.36915],[126.80768,37.3668],[126.8071,37.36538],[126.80649,37.36285],[126.80715,37.35947],[126.80753,37.35805],[126.80865,37.35275],[126.80913,37.349],[126.81012,37.34226],[126.81032,37.3404],[126.81035,37.33918],[126.81005,37.33647],[126.80996,37.33439],[126.80918,37.32394],[126.80896,37.32174],[126.80862,37.32078],[126.80801,37.31982],[126.80746,37.31903],[126.80564,37.31661],[126.80406,37.31543],[126.80286,37.31488],[126.80047,37.31428],[126.79575,37.3131],[126.79443,37.31277],[126.79321,37.31246],[126.7917,37.31179],[126.79104,37.31121],[126.79033,37.3104],[126.78978,37.3091],[126.78748,37.30394],[126.78683,37.30254]]}},{"type":"Feature","properties":{"kind":"commuter","ref":"서해","name":"수도권 전철 서해선","colour":"#5EAC41"},"geometry":{"type":"LineString","coordinates":[[126.79862,37.39455],[126.79903,37.3942]]}},{"type":"Feature","properties":{"kind":"commuter","ref":"서해","name":"수도권 전철 서해선","colour":"#5EAC41"},"geometry":{"type":"LineString","coordinates":[[126.79251,37.39937],[126.79333,37.39872],[126.79862,37.39455]]}},{"type":"Feature","properties":{"kind":"commuter","ref":"서해","name":"수도권 전철 서해선","colour":"#5EAC41"},"geometry":{"type":"LineString","coordinates":[[126.79149,37.40017],[126.79251,37.39937]]}},{"type":"Feature","properties":{"kind":"commuter","ref":"서해","name":"수도권 전철 서해선","colour":"#5EAC41"},"geometry":{"type":"LineString","coordinates":[[126.79019,37.40138],[126.79097,37.4007],[126.79149,37.40017]]}},{"type":"Feature","properties":{"kind":"commuter","ref":"서해","name":"수도권 전철 서해선","colour":"#5EAC41"},"geometry":{"type":"LineString","coordinates":[[126.78955,37.40217],[126.79019,37.40138]]}},{"type":"Feature","properties":{"kind":"commuter","ref":"서해","name":"수도권 전철 서해선","colour":"#5EAC41"},"geometry":{"type":"LineString","coordinates":[[126.7886,37.40498],[126.78885,37.40378],[126.78932,37.40264],[126.78955,37.40217]]}},{"type":"Feature","properties":{"kind":"commuter","ref":"서해","name":"수도권 전철 서해선","colour":"#5EAC41"},"geometry":{"type":"LineString","coordinates":[[126.79903,37.3942],[126.79979,37.39358],[126.8012,37.39244],[126.80201,37.39171],[126.80273,37.39078],[126.80317,37.38999],[126.80352,37.38904],[126.80357,37.38889]]}},{"type":"Feature","properties":{"kind":"commuter","ref":"서해","name":"수도권 전철 서해선","colour":"#5EAC41"},"geometry":{"type":"LineString","coordinates":[[126.81069,37.63055],[126.81086,37.63025]]}},{"type":"Feature","properties":{"kind":"commuter","ref":"서해","name":"수도권 전철 서해선","colour":"#5EAC41"},"geometry":{"type":"LineString","coordinates":[[126.79399,37.48833],[126.79433,37.48645],[126.79471,37.48438],[126.79498,37.48329],[126.7952,37.48242]]}},{"type":"Feature","properties":{"kind":"commuter","ref":"서해","name":"수도권 전철 서해선","colour":"#5EAC41"},"geometry":{"type":"LineString","coordinates":[[126.82414,37.61602],[126.82497,37.61537],[126.82674,37.61392],[126.82704,37.61369]]}},{"type":"Feature","properties":{"kind":"commuter","ref":"서해","name":"수도권 전철 서해선","colour":"#5EAC41"},"geometry":{"type":"LineString","coordinates":[[126.817,37.62183],[126.8212,37.61841],[126.82206,37.61772],[126.82273,37.61717],[126.82368,37.61641]]}},{"type":"Feature","properties":{"kind":"commuter","ref":"서해","name":"수도권 전철 서해선","colour":"#5EAC41"},"geometry":{"type":"LineString","coordinates":[[126.82704,37.61369],[126.82787,37.61306],[126.82884,37.61216],[126.82955,37.61139],[126.83023,37.61028],[126.83069,37.60902],[126.83084,37.6079],[126.83064,37.60673],[126.8299,37.60522],[126.82924,37.60443],[126.82847,37.6038],[126.82663,37.60261],[126.82475,37.60126],[126.82294,37.5999],[126.82159,37.59834],[126.82008,37.5963],[126.81707,37.59225],[126.81242,37.58602],[126.80957,37.58222],[126.80576,37.57694],[126.80464,37.57539],[126.80384,37.57415],[126.8033,37.57246],[126.80307,37.56991],[126.80305,37.56772],[126.80306,37.5664],[126.80392,37.56245],[126.80439,37.56089],[126.80627,37.55529],[126.80886,37.54895],[126.8097,37.54675],[126.80995,37.54578],[126.80999,37.54385],[126.80963,37.54254],[126.80925,37.54131],[126.80793,37.53766],[126.80696,37.53491],[126.80627,37.53303],[126.80557,37.53138],[126.80504,37.53001],[126.80491,37.52797],[126.80492,37.52591],[126.80494,37.52216],[126.80493,37.52076],[126.80487,37.5189],[126.80472,37.51772],[126.80426,37.51684],[126.80317,37.51537],[126.80076,37.51321],[126.7997,37.51229],[126.79882,37.51131],[126.79807,37.50957],[126.79778,37.5076],[126.79746,37.50559],[126.79727,37.50395],[126.797,37.5016],[126.79689,37.50035],[126.79682,37.4987],[126.79669,37.49721],[126.79627,37.49575],[126.7957,37.49421],[126.79513,37.49268],[126.79417,37.49041],[126.79395,37.489],[126.79399,37.48833]]}},{"type":"Feature","properties":{"kind":"commuter","ref":"서해","name":"수도권 전철 서해선","colour":"#5EAC41"},"geometry":{"type":"LineString","coordinates":[[126.81027,37.63128],[126.81069,37.63055]]}},{"type":"Feature","properties":{"kind":"commuter","ref":"서해","name":"수도권 전철 서해선","colour":"#5EAC41"},"geometry":{"type":"LineString","coordinates":[[126.81179,37.62866],[126.81401,37.62487],[126.81456,37.62402],[126.81541,37.62314],[126.8165,37.62225],[126.817,37.62183]]}},{"type":"Feature","properties":{"kind":"commuter","ref":"서해","name":"수도권 전철 서해선","colour":"#5EAC41"},"geometry":{"type":"LineString","coordinates":[[126.81086,37.63025],[126.81179,37.62866]]}},{"type":"Feature","properties":{"kind":"commuter","ref":"서해","name":"수도권 전철 서해선","colour":"#5EAC41"},"geometry":{"type":"LineString","coordinates":[[126.82368,37.61641],[126.82414,37.61602]]}},{"type":"Feature","properties":{"kind":"label","ref":"서해","name":"수도권 전철 서해선","colour":"#5EAC41"},"geometry":{"type":"Point","coordinates":[126.80925,37.54131]}},{"type":"Feature","properties":{"kind":"subway","ref":"김포 골드라인","name":"김포 골드라인","colour":"#957326"},"geometry":{"type":"LineString","coordinates":[[126.8019,37.56231],[126.80403,37.56214],[126.80537,37.56221],[126.80605,37.56279],[126.80639,37.56368],[126.80619,37.56478],[126.80497,37.56842],[126.80432,37.57039],[126.8037,37.57225],[126.80317,37.57388],[126.8018,37.57596],[126.80071,37.57757],[126.80013,37.57846],[126.79921,37.57988],[126.79863,37.58051],[126.79791,37.58124],[126.79298,37.58539],[126.78973,37.58802],[126.78898,37.58865],[126.78392,37.59178],[126.78155,37.5932],[126.78028,37.59397],[126.77863,37.59531],[126.77708,37.59641],[126.77337,37.59877],[126.77177,37.59979],[126.77091,37.60054],[126.77019,37.60133],[126.76957,37.60205],[126.76823,37.6028],[126.76649,37.60348],[126.76545,37.60372],[126.76428,37.60378],[126.76295,37.60388],[126.76169,37.60406],[126.76067,37.6043],[126.75954,37.60461],[126.75817,37.60481],[126.75703,37.60491],[126.75515,37.60502],[126.75371,37.6052],[126.74964,37.60585],[126.74802,37.60618],[126.7466,37.60666],[126.74423,37.60767],[126.74083,37.60912],[126.73901,37.60991],[126.73623,37.61108],[126.73486,37.61157],[126.73318,37.61213],[126.73216,37.61261],[126.73085,37.61347],[126.72934,37.61452],[126.72824,37.61524],[126.72692,37.61612],[126.72467,37.6174],[126.7239,37.61786],[126.72241,37.61875],[126.72152,37.61934],[126.71969,37.62031],[126.71881,37.62075],[126.71746,37.62132],[126.71653,37.6217],[126.71549,37.62214],[126.71474,37.62276],[126.7141,37.62366],[126.71212,37.6268],[126.7115,37.62753],[126.71081,37.62823],[126.70992,37.62885],[126.70588,37.63159],[126.70381,37.63304],[126.70301,37.63372],[126.70239,37.63442],[126.70062,37.63807],[126.69974,37.64034],[126.69881,37.64258],[126.69821,37.64408],[126.69728,37.64622],[126.69665,37.6477],[126.69615,37.64863],[126.69536,37.64945],[126.69391,37.65019],[126.68985,37.65209],[126.68782,37.65303],[126.68664,37.65351],[126.68566,37.65373],[126.6842,37.65385],[126.68309,37.65375],[126.6821,37.65354],[126.68103,37.65315],[126.6793,37.65218],[126.67822,37.6515],[126.67693,37.65065],[126.67567,37.64987],[126.67455,37.64912],[126.67353,37.64838],[126.67267,37.64783],[126.67189,37.64731],[126.67028,37.64552],[126.66934,37.64447],[126.66757,37.64243],[126.66502,37.63952],[126.66138,37.64096],[126.65974,37.6419],[126.65876,37.64229],[126.65746,37.64254],[126.65626,37.64266],[126.65488,37.64269],[126.65358,37.64259],[126.64932,37.64176],[126.64575,37.64104],[126.64468,37.64074],[126.64344,37.64048],[126.64216,37.64054],[126.64103,37.64104],[126.63904,37.6422],[126.63745,37.64318],[126.63618,37.644],[126.63527,37.64487],[126.63434,37.64592],[126.63346,37.64634],[126.62871,37.64542],[126.62617,37.6449],[126.61998,37.64366],[126.61819,37.64331],[126.61569,37.64304],[126.61467,37.64271]]}},{"type":"Feature","properties":{"kind":"subway","ref":"김포 골드라인","name":"김포 골드라인","colour":"#957326"},"geometry":{"type":"LineString","coordinates":[[126.61467,37.64271],[126.61475,37.64164]]}},{"type":"Feature","properties":{"kind":"label","ref":"김포 골드라인","name":"김포 골드라인","colour":"#957326"},"geometry":{"type":"Point","coordinates":[126.7139,37.62402]}},{"type":"Feature","properties":{"kind":"subway","ref":"7","name":"서울 지하철 7호선","colour":"#6E7E31"},"geometry":{"type":"LineString","coordinates":[[127.07015,37.53895],[127.06641,37.53087],[127.06639,37.53081]]}},{"type":"Feature","properties":{"kind":"subway","ref":"7","name":"서울 지하철 7호선","colour":"#6E7E31"},"geometry":{"type":"LineString","coordinates":[[126.91297,37.50009],[126.90894,37.50015],[126.90602,37.50022],[126.90386,37.49745],[126.89625,37.49252],[126.89546,37.49201],[126.8925,37.49019],[126.88913,37.48803],[126.88833,37.48735],[126.88667,37.4854],[126.88613,37.48461],[126.88536,37.48141],[126.88161,37.4801],[126.8785,37.4792],[126.86787,37.47609],[126.86671,37.47575],[126.86549,37.47589],[126.86248,37.47709],[126.85639,37.47888]]}},{"type":"Feature","properties":{"kind":"subway","ref":"7","name":"서울 지하철 7호선","colour":"#6E7E31"},"geometry":{"type":"LineString","coordinates":[[127.07574,37.61726],[127.07616,37.61594],[127.07741,37.61204],[127.07945,37.60163],[127.0799,37.60061],[127.08096,37.59985],[127.08331,37.5985],[127.08423,37.59797],[127.08513,37.59708],[127.08563,37.59584],[127.08625,37.59344],[127.08726,37.58948],[127.08755,37.58838],[127.08801,37.58677],[127.08829,37.58563],[127.08868,37.58426],[127.0888,37.58284],[127.08856,37.58142],[127.0883,37.58034],[127.08666,37.57445],[127.08624,37.57323],[127.08614,37.57086],[127.08611,37.56937],[127.08449,37.5663],[127.07952,37.55722],[127.07856,37.55552]]}},{"type":"Feature","properties":{"kind":"subway","ref":"7","name":"서울 지하철 7호선","colour":"#6E7E31"},"geometry":{"type":"LineString","coordinates":[[127.04674,37.68881],[127.04725,37.68818]]}},{"type":"Feature","properties":{"kind":"subway","ref":"7","name":"서울 지하철 7호선","colour":"#6E7E31"},"geometry":{"type":"LineString","coordinates":[[127.06639,37.53081],[127.0631,37.52363],[127.06248,37.52266],[127.06221,37.52233]]}},{"type":"Feature","properties":{"kind":"subway","ref":"7","name":"서울 지하철 7호선","colour":"#6E7E31"},"geometry":{"type":"LineString","coordinates":[[126.8232,37.4922],[126.82434,37.4919],[126.82574,37.49154]]}},{"type":"Feature","properties":{"kind":"subway","ref":"7","name":"서울 지하철 7호선","colour":"#6E7E31"},"geometry":{"type":"LineString","coordinates":[[126.82574,37.49154],[126.82647,37.49137]]}},{"type":"Feature","properties":{"kind":"subway","ref":"7","name":"서울 지하철 7호선","colour":"#6E7E31"},"geometry":{"type":"LineString","coordinates":[[127.05526,37.67528],[127.05542,37.6736],[127.05657,37.66907],[127.05734,37.66626],[127.05776,37.66474],[127.05858,37.66127],[127.0595,37.6579],[127.0602,37.65551],[127.06052,37.65433],[127.06086,37.65309],[127.06124,37.65145],[127.06163,37.65013],[127.06203,37.6491],[127.06285,37.64758],[127.06385,37.64552],[127.06476,37.64364],[127.06525,37.64256],[127.06821,37.63598],[127.06881,37.63462],[127.06997,37.63201],[127.07078,37.63016],[127.07135,37.62894],[127.07299,37.62561],[127.07508,37.61926],[127.07546,37.61812],[127.07574,37.61726]]}},{"type":"Feature","properties":{"kind":"subway","ref":"7","name":"서울 지하철 7호선","colour":"#6E7E31"},"geometry":{"type":"LineString","coordinates":[[127.07856,37.55552],[127.07767,37.55382],[127.07666,37.55179],[127.07608,37.55043],[127.07524,37.54898],[127.07439,37.54763],[127.07364,37.54639],[127.07071,37.54014],[127.07015,37.53895]]}},{"type":"Feature","properties":{"kind":"subway","ref":"7","name":"서울 지하철 7호선","colour":"#6E7E31"},"geometry":{"type":"LineString","coordinates":[[127.04725,37.68818],[127.05174,37.68509],[127.05248,37.68454],[127.05484,37.68259],[127.05535,37.6818],[127.05532,37.67953],[127.05526,37.67794],[127.05529,37.67601],[127.05526,37.67528]]}},{"type":"Feature","properties":{"kind":"subway","ref":"7","name":"서울 지하철 7호선","colour":"#6E7E31"},"geometry":{"type":"LineString","coordinates":[[127.06221,37.52233],[127.0615,37.52167],[127.05988,37.52103],[127.05689,37.52001],[127.05484,37.51968],[127.05317,37.5194],[127.05112,37.51905],[127.05004,37.51886],[127.04862,37.51859],[127.04137,37.51721],[127.03536,37.51541],[127.03073,37.51397],[127.02148,37.51113],[127.01589,37.50945],[127.01162,37.50819],[127.01016,37.50773],[127.00939,37.50716],[127.00784,37.5051],[127.00709,37.50455],[127.00531,37.50383],[127.00405,37.50328],[127.00311,37.50245],[127.00258,37.50146],[127.0018,37.49546],[127.00138,37.49445],[127.0009,37.49355],[127.00013,37.49245],[126.99958,37.49162],[126.99909,37.49075],[126.9985,37.48993],[126.99756,37.48909],[126.9966,37.48866],[126.99507,37.48815],[126.99212,37.48724],[126.99003,37.48657],[126.98988,37.48652]]}},{"type":"Feature","properties":{"kind":"subway","ref":"7","name":"서울 지하철 7호선","colour":"#6E7E31"},"geometry":{"type":"LineString","coordinates":[[126.98988,37.48652],[126.98869,37.48621],[126.98345,37.48552],[126.9822,37.48541],[126.97595,37.48338],[126.97451,37.48324],[126.97341,37.48346],[126.97255,37.4839],[126.97005,37.48508],[126.96659,37.48778],[126.965,37.48881],[126.95727,37.49244],[126.95636,37.49307],[126.95483,37.4949],[126.95414,37.49566],[126.9534,37.49655],[126.95192,37.4983],[126.94769,37.50321],[126.94645,37.50466],[126.94508,37.50514],[126.94396,37.50524],[126.94216,37.50522],[126.94085,37.50512],[126.93961,37.50509],[126.93193,37.50052],[126.93114,37.50003],[126.93006,37.49975],[126.92821,37.49972],[126.92081,37.49996],[126.91882,37.5],[126.91727,37.50002],[126.91454,37.50006],[126.91297,37.50009]]}},{"type":"Feature","properties":{"kind":"subway","ref":"7","name":"서울 지하철 7호선","colour":"#6E7E31"},"geometry":{"type":"LineString","coordinates":[[126.85639,37.47888],[126.85485,37.47932],[126.85381,37.47962],[126.84837,37.48117],[126.84668,37.48165],[126.84541,37.48201],[126.84275,37.48278],[126.8419,37.48317],[126.84114,37.48371],[126.84035,37.48426],[126.83895,37.48635],[126.83835,37.48732],[126.83772,37.48789],[126.8368,37.48833],[126.83558,37.48891],[126.8344,37.48942],[126.83349,37.48972],[126.83246,37.49002],[126.82976,37.49062],[126.82647,37.49137]]}},{"type":"Feature","properties":{"kind":"label","ref":"7","name":"서울 지하철 7호선","colour":"#6E7E31"},"geometry":{"type":"Point","coordinates":[126.95625,37.49319]}},{"type":"Feature","properties":{"kind":"subway","ref":"1","name":"광주 도시철도 1호선","colour":"#009088"},"geometry":{"type":"LineString","coordinates":[[126.78512,35.13016],[126.78615,35.13071],[126.78761,35.13157],[126.78836,35.13218],[126.78904,35.13287],[126.78977,35.1342],[126.79055,35.13552],[126.79138,35.13713],[126.79242,35.13876],[126.79346,35.14021],[126.79464,35.14151],[126.7955,35.14234],[126.79683,35.14315],[126.79924,35.14353],[126.80251,35.14368],[126.80689,35.14405],[126.80976,35.14415],[126.81143,35.14412],[126.81536,35.14351],[126.81836,35.14308],[126.82145,35.14261],[126.82456,35.14202],[126.8262,35.14164],[126.82852,35.14103],[126.83079,35.14038],[126.8323,35.14008],[126.83374,35.14012],[126.83601,35.1406],[126.83902,35.14201],[126.84136,35.14318],[126.84343,35.1442],[126.84681,35.14584],[126.84866,35.14672],[126.84962,35.14718],[126.85047,35.14759],[126.85178,35.14825],[126.85317,35.14893],[126.85433,35.14933],[126.85541,35.14971],[126.85871,35.15036],[126.86065,35.15074],[126.86456,35.15126],[126.86958,35.15143],[126.87173,35.1515],[126.87518,35.15163],[126.87686,35.15189],[126.87865,35.15218],[126.88218,35.1529],[126.88414,35.15319],[126.88598,35.15347],[126.88736,35.15326],[126.8888,35.152],[126.88992,35.15097],[126.89101,35.15055],[126.89235,35.15063],[126.89512,35.15152],[126.89641,35.15196],[126.89911,35.15285],[126.90003,35.15318],[126.90182,35.15447],[126.90349,35.15588],[126.90438,35.15638],[126.90577,35.15636],[126.90728,35.15551],[126.90999,35.15374],[126.91083,35.15315],[126.91293,35.15172],[126.91454,35.15069],[126.91639,35.14948],[126.91812,35.14833],[126.91917,35.14748],[126.91979,35.14667],[126.92019,35.14571],[126.92031,35.14449],[126.9203,35.1432],[126.92068,35.1419],[126.92128,35.14108],[126.92224,35.14001],[126.92282,35.13936],[126.92348,35.13853],[126.92559,35.13645],[126.92721,35.13443],[126.9281,35.13317],[126.92856,35.13223],[126.92913,35.13102],[126.93007,35.12885],[126.93113,35.12649],[126.93175,35.12491],[126.93217,35.12362],[126.93297,35.12135],[126.93332,35.12031],[126.93361,35.11859],[126.93439,35.11669],[126.93473,35.11589]]}},{"type":"Feature","properties":{"kind":"subway","ref":"1","name":"광주 도시철도 1호선","colour":"#009088"},"geometry":{"type":"LineString","coordinates":[[126.7704,35.12483],[126.77465,35.12523],[126.77601,35.12551],[126.77738,35.12607],[126.78185,35.12841],[126.7821,35.12856]]}},{"type":"Feature","properties":{"kind":"subway","ref":"1","name":"광주 도시철도 1호선","colour":"#009088"},"geometry":{"type":"LineString","coordinates":[[126.93404,35.10682],[126.93424,35.1079],[126.93467,35.10868],[126.9351,35.1097],[126.93512,35.10981]]}},{"type":"Feature","properties":{"kind":"subway","ref":"1","name":"광주 도시철도 1호선","colour":"#009088"},"geometry":{"type":"LineString","coordinates":[[126.93518,35.11119],[126.93512,35.10981]]}},{"type":"Feature","properties":{"kind":"subway","ref":"1","name":"광주 도시철도 1호선","colour":"#009088"},"geometry":{"type":"LineString","coordinates":[[126.7821,35.12856],[126.78505,35.13012],[126.78512,35.13016]]}},{"type":"Feature","properties":{"kind":"subway","ref":"1","name":"광주 도시철도 1호선","colour":"#009088"},"geometry":{"type":"LineString","coordinates":[[126.93473,35.11589],[126.93517,35.11484],[126.93526,35.11452]]}},{"type":"Feature","properties":{"kind":"subway","ref":"1","name":"광주 도시철도 1호선","colour":"#009088"},"geometry":{"type":"LineString","coordinates":[[126.93526,35.11452],[126.93529,35.11358]]}},{"type":"Feature","properties":{"kind":"subway","ref":"1","name":"광주 도시철도 1호선","colour":"#009088"},"geometry":{"type":"LineString","coordinates":[[126.93529,35.11358],[126.93521,35.11153],[126.93518,35.11119]]}},{"type":"Feature","properties":{"kind":"label","ref":"1","name":"광주 도시철도 1호선","colour":"#009088"},"geometry":{"type":"Point","coordinates":[126.88598,35.15347]}},{"type":"Feature","properties":{"kind":"subway","ref":"Silim","name":"서울 경전철 신림선","colour":"#6789CA"},"geometry":{"type":"LineString","coordinates":[[126.94531,37.46882],[126.94469,37.46941],[126.94357,37.47048],[126.9425,37.471],[126.9405,37.47088],[126.93715,37.47101],[126.93515,37.4713],[126.93393,37.47187],[126.93342,37.47275],[126.93391,37.47364],[126.93527,37.47438],[126.93611,37.47491],[126.93687,37.47545],[126.93685,37.47677],[126.9359,37.4773],[126.93477,37.47766],[126.93382,37.47795],[126.93287,37.47835],[126.93133,37.47957],[126.93061,37.48026],[126.93003,37.48125],[126.92972,37.48379],[126.92964,37.48517],[126.92939,37.48612],[126.92904,37.48705],[126.92831,37.48872],[126.92782,37.48973],[126.92703,37.49182],[126.92637,37.49274],[126.92432,37.49304],[126.92113,37.49347],[126.91949,37.49368],[126.91845,37.49487],[126.91804,37.49593],[126.91791,37.49703],[126.91917,37.49751],[126.92022,37.49818],[126.92037,37.49938],[126.92077,37.5009],[126.92162,37.50296],[126.92222,37.50458],[126.92258,37.50543],[126.92333,37.50729],[126.9249,37.51106],[126.92521,37.5125],[126.92583,37.51354],[126.92674,37.51412],[126.92786,37.51473],[126.92835,37.51566],[126.92877,37.5165],[126.92945,37.51727]]}},{"type":"Feature","properties":{"kind":"label","ref":"Silim","name":"서울 경전철 신림선","colour":"#6789CA"},"geometry":{"type":"Point","coordinates":[126.9275,37.49038]}},{"type":"Feature","properties":{"kind":"commuter","ref":"GTX-A","name":"수도권 광역급행철도 A선","colour":"#AB087D"},"geometry":{"type":"LineString","coordinates":[[127.11873,37.45034],[127.1188,37.44646],[127.11886,37.44394],[127.11877,37.44049],[127.11873,37.43775],[127.11844,37.43234],[127.11823,37.4291],[127.11793,37.42656],[127.11785,37.42511],[127.11774,37.42378],[127.1176,37.42174],[127.11766,37.41705],[127.11773,37.41591],[127.11993,37.39961],[127.12022,37.39771]]}},{"type":"Feature","properties":{"kind":"commuter","ref":"GTX-A","name":"수도권 광역급행철도 A선","colour":"#AB087D"},"geometry":{"type":"LineString","coordinates":[[127.10398,37.29711],[127.10421,37.25162],[127.10354,37.24519],[127.10315,37.24376],[127.10226,37.24086],[127.10135,37.23767],[127.0999,37.23234],[127.09824,37.22717],[127.09738,37.2241],[127.09651,37.21984],[127.09608,37.21739],[127.09594,37.21626],[127.09581,37.21312],[127.09574,37.2097],[127.09567,37.20744],[127.09567,37.20727]]}},{"type":"Feature","properties":{"kind":"commuter","ref":"GTX-A","name":"수도권 광역급행철도 A선","colour":"#AB087D"},"geometry":{"type":"LineString","coordinates":[[127.11506,37.38518],[127.11419,37.38441],[127.1113,37.38184],[127.10939,37.38013],[127.10825,37.37917],[127.10667,37.37773],[127.10586,37.37685],[127.10508,37.37578],[127.1045,37.3748],[127.10383,37.37281],[127.10366,37.37191]]}},{"type":"Feature","properties":{"kind":"commuter","ref":"GTX-A","name":"수도권 광역급행철도 A선","colour":"#AB087D"},"geometry":{"type":"LineString","coordinates":[[127.10132,37.48702],[127.10295,37.48554],[127.10439,37.4841],[127.10524,37.4834],[127.10586,37.48279],[127.10649,37.4821],[127.10894,37.47866],[127.1108,37.47602],[127.11465,37.47016],[127.11677,37.46656],[127.11768,37.46446],[127.11816,37.46325],[127.11874,37.46016],[127.11892,37.45604],[127.1189,37.45229],[127.11873,37.45034]]}},{"type":"Feature","properties":{"kind":"commuter","ref":"GTX-A","name":"수도권 광역급행철도 A선","colour":"#AB087D"},"geometry":{"type":"LineString","coordinates":[[127.12022,37.39771],[127.12058,37.39572],[127.12079,37.39423],[127.1207,37.39276],[127.12048,37.39176],[127.11987,37.39028],[127.11905,37.38897],[127.11839,37.3881],[127.11759,37.3873],[127.11648,37.38637],[127.11506,37.38518]]}},{"type":"Feature","properties":{"kind":"commuter","ref":"GTX-A","name":"수도권 광역급행철도 A선","colour":"#AB087D"},"geometry":{"type":"LineString","coordinates":[[127.10396,37.30266],[127.10417,37.30137],[127.1042,37.29848],[127.10398,37.29711]]}},{"type":"Feature","properties":{"kind":"commuter","ref":"GTX-A","name":"수도권 광역급행철도 A선","colour":"#AB087D"},"geometry":{"type":"LineString","coordinates":[[127.09579,37.20451],[127.096,37.20258],[127.09598,37.20064],[127.09598,37.19941],[127.09598,37.19848]]}},{"type":"Feature","properties":{"kind":"commuter","ref":"GTX-A","name":"수도권 광역급행철도 A선","colour":"#AB087D"},"geometry":{"type":"LineString","coordinates":[[127.10366,37.37191],[127.10396,37.30378],[127.10396,37.30266]]}},{"type":"Feature","properties":{"kind":"commuter","ref":"GTX-A","name":"수도권 광역급행철도 A선","colour":"#AB087D"},"geometry":{"type":"LineString","coordinates":[[127.09567,37.20727],[127.09579,37.20451]]}},{"type":"Feature","properties":{"kind":"label","ref":"GTX-A","name":"수도권 광역급행철도 A선","colour":"#AB087D"},"geometry":{"type":"Point","coordinates":[127.1108,37.47602]}},{"type":"Feature","properties":{"kind":"commuter","ref":"대경","name":"대경선","colour":"#0054A6"},"geometry":{"type":"LineString","coordinates":[[128.41653,35.97938],[128.42106,35.97861],[128.42234,35.97828],[128.42348,35.97775],[128.42551,35.97647],[128.42709,35.97552],[128.42857,35.97487],[128.43239,35.97352],[128.43338,35.97314],[128.43592,35.97188],[128.4372,35.97138],[128.44075,35.97005],[128.44243,35.9694],[128.44356,35.96883],[128.44465,35.968],[128.44606,35.96636]]}},{"type":"Feature","properties":{"kind":"commuter","ref":"대경","name":"대경선","colour":"#0054A6"},"geometry":{"type":"LineString","coordinates":[[128.3501,36.12102],[128.351,36.1204],[128.35182,36.1196],[128.35239,36.11888],[128.35346,36.11714],[128.3542,36.11595],[128.35639,36.11243],[128.35689,36.11141],[128.35729,36.11008],[128.35763,36.10881],[128.35809,36.10751],[128.35849,36.10661],[128.35889,36.10561],[128.35911,36.10445],[128.35894,36.10286],[128.35841,36.10171],[128.35797,36.10106]]}},{"type":"Feature","properties":{"kind":"commuter","ref":"대경","name":"대경선","colour":"#0054A6"},"geometry":{"type":"LineString","coordinates":[[128.34972,36.12125],[128.3501,36.12102]]}},{"type":"Feature","properties":{"kind":"commuter","ref":"대경","name":"대경선","colour":"#0054A6"},"geometry":{"type":"LineString","coordinates":[[128.70835,35.84999],[128.70943,35.84929],[128.71068,35.84847]]}},{"type":"Feature","properties":{"kind":"commuter","ref":"대경","name":"대경선","colour":"#0054A6"},"geometry":{"type":"LineString","coordinates":[[128.70742,35.85064],[128.70835,35.84999]]}},{"type":"Feature","properties":{"kind":"commuter","ref":"대경","name":"대경선","colour":"#0054A6"},"geometry":{"type":"LineString","coordinates":[[128.70558,35.85169],[128.70655,35.85121],[128.70742,35.85064]]}},{"type":"Feature","properties":{"kind":"commuter","ref":"대경","name":"대경선","colour":"#0054A6"},"geometry":{"type":"LineString","coordinates":[[128.63235,35.88055],[128.63337,35.88077],[128.63451,35.88105],[128.63555,35.88131],[128.63705,35.88165],[128.63845,35.88173],[128.63978,35.88159],[128.64098,35.88123],[128.64193,35.88076],[128.64282,35.8801],[128.64358,35.87926],[128.64409,35.87854],[128.64555,35.87651],[128.64632,35.87566],[128.64722,35.875],[128.64821,35.87448],[128.64937,35.8741],[128.65049,35.87389],[128.65217,35.87359],[128.65362,35.87326],[128.65623,35.8725],[128.65744,35.87223],[128.65862,35.87212],[128.65983,35.872],[128.66112,35.87178],[128.66208,35.87153],[128.66309,35.87118],[128.66419,35.87066],[128.66513,35.87007],[128.66603,35.86942],[128.66702,35.86859],[128.66783,35.86793],[128.66873,35.86735],[128.66978,35.86684],[128.67159,35.86609],[128.67299,35.86536],[128.67427,35.86445],[128.67513,35.86363],[128.6758,35.86286],[128.67855,35.85926],[128.67909,35.85856],[128.67963,35.85785],[128.68023,35.85714],[128.68102,35.8564],[128.68197,35.85578],[128.68287,35.85538],[128.68384,35.8551],[128.68576,35.85478],[128.68663,35.85466]]}},{"type":"Feature","properties":{"kind":"commuter","ref":"대경","name":"대경선","colour":"#0054A6"},"geometry":{"type":"LineString","coordinates":[[128.7051,35.85189],[128.70558,35.85169]]}},{"type":"Feature","properties":{"kind":"commuter","ref":"대경","name":"대경선","colour":"#0054A6"},"geometry":{"type":"LineString","coordinates":[[128.44739,35.96521],[128.44856,35.96436],[128.44932,35.96388],[128.45041,35.96338],[128.45137,35.9631],[128.45248,35.96293],[128.45393,35.96295],[128.45499,35.96313],[128.45603,35.96341],[128.46104,35.96479],[128.46216,35.96509],[128.46329,35.96533],[128.46465,35.96546],[128.46588,35.96543],[128.46698,35.96529],[128.46929,35.96488],[128.47048,35.9646],[128.47139,35.96429],[128.47233,35.96379],[128.47307,35.96325],[128.47371,35.96263],[128.47425,35.96187],[128.47466,35.96106],[128.47528,35.95943],[128.47572,35.95853],[128.47634,35.95771],[128.47689,35.95718]]}},{"type":"Feature","properties":{"kind":"commuter","ref":"대경","name":"대경선","colour":"#0054A6"},"geometry":{"type":"LineString","coordinates":[[128.4852,35.9265],[128.4852,35.9251],[128.48562,35.92384],[128.48617,35.92296],[128.48748,35.92141],[128.48764,35.92123]]}},{"type":"Feature","properties":{"kind":"commuter","ref":"대경","name":"대경선","colour":"#0054A6"},"geometry":{"type":"LineString","coordinates":[[128.48812,35.93714],[128.4878,35.93595],[128.48611,35.93003]]}},{"type":"Feature","properties":{"kind":"commuter","ref":"대경","name":"대경선","colour":"#0054A6"},"geometry":{"type":"LineString","coordinates":[[128.48611,35.93003],[128.48607,35.9299]]}},{"type":"Feature","properties":{"kind":"commuter","ref":"대경","name":"대경선","colour":"#0054A6"},"geometry":{"type":"LineString","coordinates":[[128.48607,35.9299],[128.48559,35.92798],[128.48532,35.92703],[128.4852,35.9265]]}},{"type":"Feature","properties":{"kind":"commuter","ref":"대경","name":"대경선","colour":"#0054A6"},"geometry":{"type":"LineString","coordinates":[[128.5474,35.88116],[128.54883,35.88107],[128.55069,35.88097],[128.55373,35.8808],[128.55477,35.88078]]}},{"type":"Feature","properties":{"kind":"commuter","ref":"대경","name":"대경선","colour":"#0054A6"},"geometry":{"type":"LineString","coordinates":[[128.55525,35.88081],[128.55674,35.88102],[128.55799,35.88136],[128.56433,35.88351],[128.56585,35.88401],[128.56729,35.88428],[128.56883,35.88429],[128.57024,35.88405],[128.57125,35.8837],[128.57218,35.88322],[128.57253,35.88298]]}},{"type":"Feature","properties":{"kind":"commuter","ref":"대경","name":"대경선","colour":"#0054A6"},"geometry":{"type":"LineString","coordinates":[[128.55477,35.88078],[128.55525,35.88081]]}},{"type":"Feature","properties":{"kind":"commuter","ref":"대경","name":"대경선","colour":"#0054A6"},"geometry":{"type":"LineString","coordinates":[[128.57292,35.8827],[128.57512,35.88081],[128.57587,35.88029],[128.5768,35.87986],[128.57751,35.87962]]}},{"type":"Feature","properties":{"kind":"commuter","ref":"대경","name":"대경선","colour":"#0054A6"},"geometry":{"type":"LineString","coordinates":[[128.60531,35.87376],[128.60655,35.87382],[128.60766,35.87403],[128.60882,35.87434]]}},{"type":"Feature","properties":{"kind":"commuter","ref":"대경","name":"대경선","colour":"#0054A6"},"geometry":{"type":"LineString","coordinates":[[128.5975,35.87584],[128.5985,35.87551],[128.59908,35.8753]]}},{"type":"Feature","properties":{"kind":"commuter","ref":"대경","name":"대경선","colour":"#0054A6"},"geometry":{"type":"LineString","coordinates":[[128.58853,35.87743],[128.58973,35.87718],[128.59121,35.87694]]}},{"type":"Feature","properties":{"kind":"commuter","ref":"대경","name":"대경선","colour":"#0054A6"},"geometry":{"type":"LineString","coordinates":[[128.6012,35.8747],[128.6015,35.87462]]}},{"type":"Feature","properties":{"kind":"commuter","ref":"대경","name":"대경선","colour":"#0054A6"},"geometry":{"type":"LineString","coordinates":[[128.58814,35.8775],[128.58853,35.87743]]}},{"type":"Feature","properties":{"kind":"commuter","ref":"대경","name":"대경선","colour":"#0054A6"},"geometry":{"type":"LineString","coordinates":[[128.5809,35.87891],[128.58814,35.8775]]}},{"type":"Feature","properties":{"kind":"commuter","ref":"대경","name":"대경선","colour":"#0054A6"},"geometry":{"type":"LineString","coordinates":[[128.60882,35.87434],[128.61107,35.87497]]}},{"type":"Feature","properties":{"kind":"commuter","ref":"대경","name":"대경선","colour":"#0054A6"},"geometry":{"type":"LineString","coordinates":[[128.58044,35.879],[128.5809,35.87891]]}},{"type":"Feature","properties":{"kind":"commuter","ref":"대경","name":"대경선","colour":"#0054A6"},"geometry":{"type":"LineString","coordinates":[[128.61107,35.87497],[128.61621,35.87638]]}},{"type":"Feature","properties":{"kind":"commuter","ref":"대경","name":"대경선","colour":"#0054A6"},"geometry":{"type":"LineString","coordinates":[[128.57817,35.87946],[128.58044,35.879]]}},{"type":"Feature","properties":{"kind":"commuter","ref":"대경","name":"대경선","colour":"#0054A6"},"geometry":{"type":"LineString","coordinates":[[128.57751,35.87962],[128.57817,35.87946]]}},{"type":"Feature","properties":{"kind":"commuter","ref":"대경","name":"대경선","colour":"#0054A6"},"geometry":{"type":"LineString","coordinates":[[128.60475,35.8738],[128.60531,35.87376]]}},{"type":"Feature","properties":{"kind":"commuter","ref":"대경","name":"대경선","colour":"#0054A6"},"geometry":{"type":"LineString","coordinates":[[128.6015,35.87462],[128.60318,35.87415],[128.60436,35.87386],[128.60475,35.8738]]}},{"type":"Feature","properties":{"kind":"commuter","ref":"대경","name":"대경선","colour":"#0054A6"},"geometry":{"type":"LineString","coordinates":[[128.57253,35.88298],[128.57292,35.8827]]}},{"type":"Feature","properties":{"kind":"commuter","ref":"대경","name":"대경선","colour":"#0054A6"},"geometry":{"type":"LineString","coordinates":[[128.62579,35.87904],[128.62854,35.87971]]}},{"type":"Feature","properties":{"kind":"commuter","ref":"대경","name":"대경선","colour":"#0054A6"},"geometry":{"type":"LineString","coordinates":[[128.68575,35.85483],[128.68663,35.85466]]}},{"type":"Feature","properties":{"kind":"commuter","ref":"대경","name":"대경선","colour":"#0054A6"},"geometry":{"type":"LineString","coordinates":[[128.59233,35.87684],[128.59422,35.87649],[128.59527,35.87628]]}},{"type":"Feature","properties":{"kind":"commuter","ref":"대경","name":"대경선","colour":"#0054A6"},"geometry":{"type":"LineString","coordinates":[[128.59121,35.87694],[128.59233,35.87684]]}},{"type":"Feature","properties":{"kind":"commuter","ref":"대경","name":"대경선","colour":"#0054A6"},"geometry":{"type":"LineString","coordinates":[[128.68663,35.85466],[128.68834,35.85442],[128.68998,35.85417],[128.69185,35.85391],[128.69351,35.85365],[128.69501,35.85343],[128.69655,35.85322],[128.69791,35.85303],[128.69928,35.85283],[128.70219,35.85243],[128.70358,35.85222],[128.70477,35.85197],[128.7051,35.85189]]}},{"type":"Feature","properties":{"kind":"commuter","ref":"대경","name":"대경선","colour":"#0054A6"},"geometry":{"type":"LineString","coordinates":[[128.49368,35.94783],[128.49311,35.94675]]}},{"type":"Feature","properties":{"kind":"commuter","ref":"대경","name":"대경선","colour":"#0054A6"},"geometry":{"type":"LineString","coordinates":[[128.49311,35.94675],[128.4925,35.94549],[128.49178,35.94411],[128.49113,35.94291],[128.49065,35.94203],[128.48998,35.94094]]}},{"type":"Feature","properties":{"kind":"commuter","ref":"대경","name":"대경선","colour":"#0054A6"},"geometry":{"type":"LineString","coordinates":[[128.71914,35.83999],[128.71944,35.83945]]}},{"type":"Feature","properties":{"kind":"commuter","ref":"대경","name":"대경선","colour":"#0054A6"},"geometry":{"type":"LineString","coordinates":[[128.71944,35.83945],[128.72023,35.83806],[128.72113,35.83646],[128.72174,35.83522],[128.72214,35.83403],[128.72264,35.83163],[128.72284,35.83058],[128.72313,35.82935],[128.72348,35.82835],[128.72388,35.82746],[128.72538,35.82414]]}},{"type":"Feature","properties":{"kind":"commuter","ref":"대경","name":"대경선","colour":"#0054A6"},"geometry":{"type":"LineString","coordinates":[[128.72743,35.81907],[128.72692,35.82023]]}},{"type":"Feature","properties":{"kind":"commuter","ref":"대경","name":"대경선","colour":"#0054A6"},"geometry":{"type":"LineString","coordinates":[[128.39804,36.00058],[128.39883,35.99997],[128.39944,35.99926],[128.39971,35.99887]]}},{"type":"Feature","properties":{"kind":"commuter","ref":"대경","name":"대경선","colour":"#0054A6"},"geometry":{"type":"LineString","coordinates":[[128.39971,35.99887],[128.40022,35.99782],[128.40043,35.99674],[128.40044,35.99655]]}},{"type":"Feature","properties":{"kind":"commuter","ref":"대경","name":"대경선","colour":"#0054A6"},"geometry":{"type":"LineString","coordinates":[[128.40045,35.99629],[128.40047,35.99484],[128.40049,35.99356],[128.40051,35.99196],[128.40054,35.98969],[128.40057,35.98819],[128.40059,35.98725]]}},{"type":"Feature","properties":{"kind":"commuter","ref":"대경","name":"대경선","colour":"#0054A6"},"geometry":{"type":"LineString","coordinates":[[128.40044,35.99655],[128.40045,35.99629]]}},{"type":"Feature","properties":{"kind":"commuter","ref":"대경","name":"대경선","colour":"#0054A6"},"geometry":{"type":"LineString","coordinates":[[128.39179,36.00365],[128.39676,36.00133]]}},{"type":"Feature","properties":{"kind":"commuter","ref":"대경","name":"대경선","colour":"#0054A6"},"geometry":{"type":"LineString","coordinates":[[128.39676,36.00133],[128.39759,36.00088],[128.39804,36.00058]]}},{"type":"Feature","properties":{"kind":"commuter","ref":"대경","name":"대경선","colour":"#0054A6"},"geometry":{"type":"LineString","coordinates":[[128.38865,36.00635],[128.38876,36.00617]]}},{"type":"Feature","properties":{"kind":"commuter","ref":"대경","name":"대경선","colour":"#0054A6"},"geometry":{"type":"LineString","coordinates":[[128.38876,36.00617],[128.38946,36.00521],[128.3905,36.00434],[128.39133,36.00386],[128.39179,36.00365]]}},{"type":"Feature","properties":{"kind":"commuter","ref":"대경","name":"대경선","colour":"#0054A6"},"geometry":{"type":"LineString","coordinates":[[128.38818,36.00961],[128.38808,36.00847],[128.38826,36.00726],[128.38865,36.00635]]}},{"type":"Feature","properties":{"kind":"commuter","ref":"대경","name":"대경선","colour":"#0054A6"},"geometry":{"type":"LineString","coordinates":[[128.38825,36.00982],[128.38818,36.00961]]}},{"type":"Feature","properties":{"kind":"commuter","ref":"대경","name":"대경선","colour":"#0054A6"},"geometry":{"type":"LineString","coordinates":[[128.34549,36.06124],[128.34517,36.06008],[128.34507,36.05874],[128.34527,36.05671],[128.3455,36.05469],[128.34569,36.05308],[128.34607,36.04982],[128.34628,36.04877],[128.34635,36.04859]]}},{"type":"Feature","properties":{"kind":"commuter","ref":"대경","name":"대경선","colour":"#0054A6"},"geometry":{"type":"LineString","coordinates":[[128.37986,36.02599],[128.38238,36.02334],[128.38517,36.02034],[128.38718,36.01819],[128.38795,36.01735],[128.3886,36.0166],[128.38908,36.01583],[128.38945,36.01481],[128.38955,36.01349],[128.38944,36.01261]]}},{"type":"Feature","properties":{"kind":"commuter","ref":"대경","name":"대경선","colour":"#0054A6"},"geometry":{"type":"LineString","coordinates":[[128.37966,36.02618],[128.37986,36.02599]]}},{"type":"Feature","properties":{"kind":"commuter","ref":"대경","name":"대경선","colour":"#0054A6"},"geometry":{"type":"LineString","coordinates":[[128.36924,36.03401],[128.36978,36.03362]]}},{"type":"Feature","properties":{"kind":"commuter","ref":"대경","name":"대경선","colour":"#0054A6"},"geometry":{"type":"LineString","coordinates":[[128.36978,36.03362],[128.37106,36.03268],[128.37246,36.03165],[128.377,36.02831],[128.37802,36.02756],[128.37897,36.02679],[128.37966,36.02618]]}},{"type":"Feature","properties":{"kind":"commuter","ref":"대경","name":"대경선","colour":"#0054A6"},"geometry":{"type":"LineString","coordinates":[[128.34635,36.04859],[128.34664,36.04803]]}},{"type":"Feature","properties":{"kind":"commuter","ref":"대경","name":"대경선","colour":"#0054A6"},"geometry":{"type":"LineString","coordinates":[[128.34664,36.04803],[128.34711,36.04716],[128.34763,36.04643],[128.34823,36.04577],[128.34889,36.0452],[128.34969,36.04466],[128.35072,36.04412],[128.35194,36.04364],[128.35658,36.04221],[128.35766,36.04188],[128.35865,36.04151],[128.35955,36.04106]]}},{"type":"Feature","properties":{"kind":"commuter","ref":"대경","name":"대경선","colour":"#0054A6"},"geometry":{"type":"LineString","coordinates":[[128.47996,35.95569],[128.48015,35.95565]]}},{"type":"Feature","properties":{"kind":"commuter","ref":"대경","name":"대경선","colour":"#0054A6"},"geometry":{"type":"LineString","coordinates":[[128.48015,35.95565],[128.48134,35.95553],[128.48282,35.9555],[128.48428,35.95549],[128.49016,35.95544],[128.49146,35.95537],[128.49256,35.95512]]}},{"type":"Feature","properties":{"kind":"commuter","ref":"대경","name":"대경선","colour":"#0054A6"},"geometry":{"type":"LineString","coordinates":[[128.40506,35.98147],[128.40661,35.98104],[128.40771,35.98084],[128.41045,35.98039],[128.41281,35.97998],[128.41653,35.97938]]}},{"type":"Feature","properties":{"kind":"commuter","ref":"대경","name":"대경선","colour":"#0054A6"},"geometry":{"type":"LineString","coordinates":[[128.4032,35.98245],[128.40375,35.98208]]}},{"type":"Feature","properties":{"kind":"commuter","ref":"대경","name":"대경선","colour":"#0054A6"},"geometry":{"type":"LineString","coordinates":[[128.48826,35.92058],[128.48912,35.91954],[128.48982,35.91828],[128.4903,35.91716],[128.49053,35.91663]]}},{"type":"Feature","properties":{"kind":"commuter","ref":"대경","name":"대경선","colour":"#0054A6"},"geometry":{"type":"LineString","coordinates":[[128.48764,35.92123],[128.48826,35.92058]]}},{"type":"Feature","properties":{"kind":"commuter","ref":"대경","name":"대경선","colour":"#0054A6"},"geometry":{"type":"LineString","coordinates":[[128.49057,35.91653],[128.49112,35.91532],[128.49164,35.91417],[128.49215,35.91304],[128.49265,35.91201],[128.4934,35.91081],[128.49412,35.90965],[128.49477,35.90852]]}},{"type":"Feature","properties":{"kind":"commuter","ref":"대경","name":"대경선","colour":"#0054A6"},"geometry":{"type":"LineString","coordinates":[[128.49053,35.91663],[128.49057,35.91653]]}},{"type":"Feature","properties":{"kind":"commuter","ref":"대경","name":"대경선","colour":"#0054A6"},"geometry":{"type":"LineString","coordinates":[[128.49496,35.90825],[128.49569,35.90706],[128.49628,35.90627],[128.49701,35.9053],[128.49773,35.90435]]}},{"type":"Feature","properties":{"kind":"commuter","ref":"대경","name":"대경선","colour":"#0054A6"},"geometry":{"type":"LineString","coordinates":[[128.49477,35.90852],[128.49496,35.90825]]}},{"type":"Feature","properties":{"kind":"commuter","ref":"대경","name":"대경선","colour":"#0054A6"},"geometry":{"type":"LineString","coordinates":[[128.49773,35.90435],[128.49782,35.90425]]}},{"type":"Feature","properties":{"kind":"commuter","ref":"대경","name":"대경선","colour":"#0054A6"},"geometry":{"type":"LineString","coordinates":[[128.49901,35.90157],[128.49938,35.89998],[128.49966,35.89886],[128.50023,35.89665],[128.50048,35.89562],[128.50087,35.89418]]}},{"type":"Feature","properties":{"kind":"commuter","ref":"대경","name":"대경선","colour":"#0054A6"},"geometry":{"type":"LineString","coordinates":[[128.38911,36.01179],[128.3887,36.0109],[128.38831,36.01001],[128.38825,36.00982]]}},{"type":"Feature","properties":{"kind":"commuter","ref":"대경","name":"대경선","colour":"#0054A6"},"geometry":{"type":"LineString","coordinates":[[128.38944,36.01261],[128.38911,36.01179]]}},{"type":"Feature","properties":{"kind":"commuter","ref":"대경","name":"대경선","colour":"#0054A6"},"geometry":{"type":"LineString","coordinates":[[128.35524,36.08272],[128.35627,36.0807]]}},{"type":"Feature","properties":{"kind":"commuter","ref":"대경","name":"대경선","colour":"#0054A6"},"geometry":{"type":"LineString","coordinates":[[128.35627,36.0807],[128.35686,36.07911],[128.35719,36.07808],[128.35734,36.07699],[128.35762,36.07464],[128.35754,36.07311],[128.35724,36.072],[128.35674,36.07086],[128.35624,36.07005],[128.35554,36.06921],[128.3548,36.0685],[128.3541,36.06799],[128.35325,36.06747],[128.35229,36.06701],[128.35134,36.06657],[128.35046,36.06615],[128.34955,36.06568],[128.34867,36.06516]]}},{"type":"Feature","properties":{"kind":"commuter","ref":"대경","name":"대경선","colour":"#0054A6"},"geometry":{"type":"LineString","coordinates":[[128.62424,35.87859],[128.62518,35.87888],[128.62579,35.87904]]}},{"type":"Feature","properties":{"kind":"commuter","ref":"대경","name":"대경선","colour":"#0054A6"},"geometry":{"type":"LineString","coordinates":[[128.62854,35.87971],[128.62876,35.87977]]}},{"type":"Feature","properties":{"kind":"commuter","ref":"대경","name":"대경선","colour":"#0054A6"},"geometry":{"type":"LineString","coordinates":[[128.62876,35.87977],[128.62942,35.87997]]}},{"type":"Feature","properties":{"kind":"commuter","ref":"대경","name":"대경선","colour":"#0054A6"},"geometry":{"type":"LineString","coordinates":[[128.62942,35.87997],[128.62955,35.88]]}},{"type":"Feature","properties":{"kind":"commuter","ref":"대경","name":"대경선","colour":"#0054A6"},"geometry":{"type":"LineString","coordinates":[[128.62955,35.88],[128.63002,35.88013]]}},{"type":"Feature","properties":{"kind":"commuter","ref":"대경","name":"대경선","colour":"#0054A6"},"geometry":{"type":"LineString","coordinates":[[128.63002,35.88013],[128.63109,35.88034],[128.63235,35.88055]]}},{"type":"Feature","properties":{"kind":"commuter","ref":"대경","name":"대경선","colour":"#0054A6"},"geometry":{"type":"LineString","coordinates":[[128.61621,35.87638],[128.61867,35.87704],[128.61999,35.8774],[128.62132,35.87777],[128.62249,35.87806],[128.62311,35.87824]]}},{"type":"Feature","properties":{"kind":"commuter","ref":"대경","name":"대경선","colour":"#0054A6"},"geometry":{"type":"LineString","coordinates":[[128.5329,35.88249],[128.53318,35.88234]]}},{"type":"Feature","properties":{"kind":"commuter","ref":"대경","name":"대경선","colour":"#0054A6"},"geometry":{"type":"LineString","coordinates":[[128.5319,35.88309],[128.5329,35.88249]]}},{"type":"Feature","properties":{"kind":"commuter","ref":"대경","name":"대경선","colour":"#0054A6"},"geometry":{"type":"LineString","coordinates":[[128.50809,35.88891],[128.50971,35.88903],[128.51154,35.88946],[128.51274,35.88978],[128.51381,35.89006],[128.51527,35.89026],[128.51676,35.89021],[128.51802,35.88995],[128.51907,35.88968],[128.52095,35.88916],[128.52265,35.88872],[128.5237,35.88836],[128.52458,35.88794],[128.5262,35.8869],[128.52726,35.88619],[128.52868,35.88525],[128.52993,35.8844],[128.5319,35.88309]]}},{"type":"Feature","properties":{"kind":"commuter","ref":"대경","name":"대경선","colour":"#0054A6"},"geometry":{"type":"LineString","coordinates":[[128.5041,35.88983],[128.50525,35.88936],[128.50645,35.88904],[128.50809,35.88891]]}},{"type":"Feature","properties":{"kind":"commuter","ref":"대경","name":"대경선","colour":"#0054A6"},"geometry":{"type":"LineString","coordinates":[[128.33742,36.12569],[128.33876,36.12511],[128.342,36.12379],[128.34335,36.1233],[128.34436,36.123],[128.34658,36.12242],[128.34767,36.12212],[128.34898,36.12162],[128.34972,36.12125]]}},{"type":"Feature","properties":{"kind":"commuter","ref":"대경","name":"대경선","colour":"#0054A6"},"geometry":{"type":"LineString","coordinates":[[128.33623,36.12619],[128.33742,36.12569]]}},{"type":"Feature","properties":{"kind":"commuter","ref":"대경","name":"대경선","colour":"#0054A6"},"geometry":{"type":"LineString","coordinates":[[128.40295,35.98263],[128.4032,35.98245]]}},{"type":"Feature","properties":{"kind":"commuter","ref":"대경","name":"대경선","colour":"#0054A6"},"geometry":{"type":"LineString","coordinates":[[128.40266,35.98287],[128.40295,35.98263]]}},{"type":"Feature","properties":{"kind":"commuter","ref":"대경","name":"대경선","colour":"#0054A6"},"geometry":{"type":"LineString","coordinates":[[128.71078,35.84841],[128.71429,35.84609],[128.71524,35.84543],[128.7162,35.84462],[128.71689,35.84383],[128.71736,35.84313]]}},{"type":"Feature","properties":{"kind":"commuter","ref":"대경","name":"대경선","colour":"#0054A6"},"geometry":{"type":"LineString","coordinates":[[128.71068,35.84847],[128.71078,35.84841]]}},{"type":"Feature","properties":{"kind":"commuter","ref":"대경","name":"대경선","colour":"#0054A6"},"geometry":{"type":"LineString","coordinates":[[128.54025,35.88159],[128.54214,35.88149],[128.54388,35.88141],[128.54562,35.88131],[128.54684,35.88122],[128.5474,35.88116]]}},{"type":"Feature","properties":{"kind":"commuter","ref":"대경","name":"대경선","colour":"#0054A6"},"geometry":{"type":"LineString","coordinates":[[128.53585,35.88178],[128.53737,35.88174],[128.53921,35.88164],[128.53975,35.88162]]}},{"type":"Feature","properties":{"kind":"commuter","ref":"대경","name":"대경선","colour":"#0054A6"},"geometry":{"type":"LineString","coordinates":[[128.53975,35.88162],[128.54025,35.88159]]}},{"type":"Feature","properties":{"kind":"commuter","ref":"대경","name":"대경선","colour":"#0054A6"},"geometry":{"type":"LineString","coordinates":[[128.35267,36.08856],[128.35338,36.08665],[128.35379,36.08575],[128.35524,36.08272]]}},{"type":"Feature","properties":{"kind":"commuter","ref":"대경","name":"대경선","colour":"#0054A6"},"geometry":{"type":"LineString","coordinates":[[128.35261,36.08899],[128.35267,36.08856]]}},{"type":"Feature","properties":{"kind":"commuter","ref":"대경","name":"대경선","colour":"#0054A6"},"geometry":{"type":"LineString","coordinates":[[128.35565,36.09714],[128.35516,36.09628],[128.35433,36.09448],[128.35364,36.09288],[128.35319,36.09186],[128.35285,36.09095],[128.35259,36.08964],[128.35261,36.08899]]}},{"type":"Feature","properties":{"kind":"commuter","ref":"대경","name":"대경선","colour":"#0054A6"},"geometry":{"type":"LineString","coordinates":[[128.35797,36.10106],[128.3578,36.10078]]}},{"type":"Feature","properties":{"kind":"commuter","ref":"대경","name":"대경선","colour":"#0054A6"},"geometry":{"type":"LineString","coordinates":[[128.3578,36.10078],[128.35723,36.09983]]}},{"type":"Feature","properties":{"kind":"commuter","ref":"대경","name":"대경선","colour":"#0054A6"},"geometry":{"type":"LineString","coordinates":[[128.35723,36.09983],[128.35715,36.09969]]}},{"type":"Feature","properties":{"kind":"commuter","ref":"대경","name":"대경선","colour":"#0054A6"},"geometry":{"type":"LineString","coordinates":[[128.34867,36.06516],[128.34795,36.06461],[128.34724,36.06393],[128.34656,36.06311],[128.34602,36.0623],[128.34562,36.06147]]}},{"type":"Feature","properties":{"kind":"commuter","ref":"대경","name":"대경선","colour":"#0054A6"},"geometry":{"type":"LineString","coordinates":[[128.34562,36.06147],[128.34549,36.06124]]}},{"type":"Feature","properties":{"kind":"commuter","ref":"대경","name":"대경선","colour":"#0054A6"},"geometry":{"type":"LineString","coordinates":[[128.33056,36.12863],[128.33202,36.12805],[128.33425,36.12708],[128.33571,36.12641]]}},{"type":"Feature","properties":{"kind":"commuter","ref":"대경","name":"대경선","colour":"#0054A6"},"geometry":{"type":"LineString","coordinates":[[128.35955,36.04106],[128.3605,36.04042],[128.36135,36.0398],[128.36236,36.03905],[128.36521,36.03696],[128.36625,36.0362],[128.36713,36.03555],[128.36786,36.03501],[128.36877,36.03434]]}},{"type":"Feature","properties":{"kind":"commuter","ref":"대경","name":"대경선","colour":"#0054A6"},"geometry":{"type":"LineString","coordinates":[[128.36877,36.03434],[128.36924,36.03401]]}},{"type":"Feature","properties":{"kind":"commuter","ref":"대경","name":"대경선","colour":"#0054A6"},"geometry":{"type":"LineString","coordinates":[[128.40059,35.98725],[128.4007,35.98616],[128.40102,35.98512],[128.40147,35.98427],[128.40204,35.9835],[128.40266,35.98287]]}},{"type":"Feature","properties":{"kind":"commuter","ref":"대경","name":"대경선","colour":"#0054A6"},"geometry":{"type":"LineString","coordinates":[[128.44606,35.96636],[128.44682,35.96561],[128.44739,35.96521]]}},{"type":"Feature","properties":{"kind":"commuter","ref":"대경","name":"대경선","colour":"#0054A6"},"geometry":{"type":"LineString","coordinates":[[128.49256,35.95512],[128.49344,35.95471],[128.49416,35.95417],[128.49475,35.95347],[128.49518,35.95249],[128.49522,35.9512],[128.49488,35.95025],[128.4941,35.94876],[128.49368,35.94783]]}},{"type":"Feature","properties":{"kind":"commuter","ref":"대경","name":"대경선","colour":"#0054A6"},"geometry":{"type":"LineString","coordinates":[[128.49782,35.90425],[128.49847,35.90322],[128.49885,35.90216],[128.49901,35.90157]]}},{"type":"Feature","properties":{"kind":"commuter","ref":"대경","name":"대경선","colour":"#0054A6"},"geometry":{"type":"LineString","coordinates":[[128.50087,35.89418],[128.50113,35.8932],[128.50151,35.89232],[128.50215,35.89139],[128.50282,35.89069],[128.50371,35.89003],[128.5041,35.88983]]}},{"type":"Feature","properties":{"kind":"commuter","ref":"대경","name":"대경선","colour":"#0054A6"},"geometry":{"type":"LineString","coordinates":[[128.71736,35.84313],[128.71914,35.83999]]}},{"type":"Feature","properties":{"kind":"commuter","ref":"대경","name":"대경선","colour":"#0054A6"},"geometry":{"type":"LineString","coordinates":[[128.35565,36.09714],[128.35694,36.09926],[128.3571,36.09961]]}},{"type":"Feature","properties":{"kind":"commuter","ref":"대경","name":"대경선","colour":"#0054A6"},"geometry":{"type":"LineString","coordinates":[[128.33571,36.12641],[128.33623,36.12619]]}},{"type":"Feature","properties":{"kind":"commuter","ref":"대경","name":"대경선","colour":"#0054A6"},"geometry":{"type":"LineString","coordinates":[[128.35715,36.09969],[128.3571,36.09961]]}},{"type":"Feature","properties":{"kind":"commuter","ref":"대경","name":"대경선","colour":"#0054A6"},"geometry":{"type":"LineString","coordinates":[[128.53318,35.88234],[128.53408,35.88203],[128.53509,35.88184],[128.53585,35.88178]]}},{"type":"Feature","properties":{"kind":"commuter","ref":"대경","name":"대경선","colour":"#0054A6"},"geometry":{"type":"LineString","coordinates":[[128.62424,35.87859],[128.62374,35.87841]]}},{"type":"Feature","properties":{"kind":"commuter","ref":"대경","name":"대경선","colour":"#0054A6"},"geometry":{"type":"LineString","coordinates":[[128.72554,35.82369],[128.72538,35.82414]]}},{"type":"Feature","properties":{"kind":"commuter","ref":"대경","name":"대경선","colour":"#0054A6"},"geometry":{"type":"LineString","coordinates":[[128.72561,35.82353],[128.72554,35.82369]]}},{"type":"Feature","properties":{"kind":"commuter","ref":"대경","name":"대경선","colour":"#0054A6"},"geometry":{"type":"LineString","coordinates":[[128.72561,35.82353],[128.72597,35.82249],[128.72639,35.82151],[128.72675,35.82071]]}},{"type":"Feature","properties":{"kind":"commuter","ref":"대경","name":"대경선","colour":"#0054A6"},"geometry":{"type":"LineString","coordinates":[[128.7276,35.81868],[128.72743,35.81907]]}},{"type":"Feature","properties":{"kind":"commuter","ref":"대경","name":"대경선","colour":"#0054A6"},"geometry":{"type":"LineString","coordinates":[[128.72692,35.82023],[128.72675,35.82071]]}},{"type":"Feature","properties":{"kind":"commuter","ref":"대경","name":"대경선","colour":"#0054A6"},"geometry":{"type":"LineString","coordinates":[[128.59908,35.8753],[128.6012,35.8747]]}},{"type":"Feature","properties":{"kind":"commuter","ref":"대경","name":"대경선","colour":"#0054A6"},"geometry":{"type":"LineString","coordinates":[[128.59527,35.87628],[128.5975,35.87584]]}},{"type":"Feature","properties":{"kind":"commuter","ref":"대경","name":"대경선","colour":"#0054A6"},"geometry":{"type":"LineString","coordinates":[[128.40375,35.98208],[128.40486,35.98155]]}},{"type":"Feature","properties":{"kind":"commuter","ref":"대경","name":"대경선","colour":"#0054A6"},"geometry":{"type":"LineString","coordinates":[[128.40486,35.98155],[128.40506,35.98147]]}},{"type":"Feature","properties":{"kind":"commuter","ref":"대경","name":"대경선","colour":"#0054A6"},"geometry":{"type":"LineString","coordinates":[[128.47689,35.95718],[128.47776,35.95655],[128.47864,35.95611],[128.47967,35.95576],[128.47996,35.95569]]}},{"type":"Feature","properties":{"kind":"commuter","ref":"대경","name":"대경선","colour":"#0054A6"},"geometry":{"type":"LineString","coordinates":[[128.48998,35.94094],[128.48948,35.94]]}},{"type":"Feature","properties":{"kind":"commuter","ref":"대경","name":"대경선","colour":"#0054A6"},"geometry":{"type":"LineString","coordinates":[[128.48948,35.94],[128.48903,35.93923],[128.48857,35.93832],[128.48821,35.93741],[128.48812,35.93714]]}},{"type":"Feature","properties":{"kind":"commuter","ref":"대경","name":"대경선","colour":"#0054A6"},"geometry":{"type":"LineString","coordinates":[[128.62311,35.87824],[128.62374,35.87841]]}},{"type":"Feature","properties":{"kind":"label","ref":"대경","name":"대경선","colour":"#0054A6"},"geometry":{"type":"Point","coordinates":[128.65744,35.87223]}},{"type":"Feature","properties":{"kind":"subway","ref":"인천1","name":"인천 도시철도 1호선","colour":"#B4C7E7"},"geometry":{"type":"LineString","coordinates":[[126.72958,37.57145],[126.73117,37.57147],[126.73283,37.57147],[126.7343,37.57147]]}},{"type":"Feature","properties":{"kind":"subway","ref":"인천1","name":"인천 도시철도 1호선","colour":"#B4C7E7"},"geometry":{"type":"LineString","coordinates":[[126.73897,37.57139],[126.7398,37.57103]]}},{"type":"Feature","properties":{"kind":"subway","ref":"인천1","name":"인천 도시철도 1호선","colour":"#B4C7E7"},"geometry":{"type":"LineString","coordinates":[[126.7398,37.57103],[126.74045,37.57035],[126.7411,37.56906],[126.74213,37.56742],[126.74261,37.5664],[126.74275,37.56591]]}},{"type":"Feature","properties":{"kind":"subway","ref":"인천1","name":"인천 도시철도 1호선","colour":"#B4C7E7"},"geometry":{"type":"LineString","coordinates":[[126.73457,37.57148],[126.73753,37.57149],[126.73875,37.57143],[126.73897,37.57139]]}},{"type":"Feature","properties":{"kind":"subway","ref":"인천1","name":"인천 도시철도 1호선","colour":"#B4C7E7"},"geometry":{"type":"LineString","coordinates":[[126.74275,37.56591],[126.74274,37.56417]]}},{"type":"Feature","properties":{"kind":"subway","ref":"인천1","name":"인천 도시철도 1호선","colour":"#B4C7E7"},"geometry":{"type":"LineString","coordinates":[[126.7343,37.57147],[126.73457,37.57148]]}},{"type":"Feature","properties":{"kind":"subway","ref":"인천1","name":"인천 도시철도 1호선","colour":"#B4C7E7"},"geometry":{"type":"LineString","coordinates":[[126.74274,37.56417],[126.74279,37.56289],[126.74405,37.56125],[126.74492,37.56039],[126.74555,37.55965],[126.74586,37.55828],[126.74549,37.55604],[126.74521,37.55432],[126.74483,37.55331],[126.74405,37.55231],[126.74281,37.55075],[126.74223,37.54996],[126.74141,37.54861],[126.74072,37.54768],[126.74017,37.54699],[126.73928,37.5459],[126.73868,37.54517],[126.73792,37.54402],[126.73723,37.54323],[126.73616,37.54291],[126.73399,37.54299],[126.73292,37.54315],[126.73156,37.54321],[126.72876,37.54335],[126.72684,37.54345],[126.72519,37.54336],[126.72372,37.54278],[126.72284,37.54198],[126.72249,37.54106],[126.72254,37.53899],[126.72252,37.5369],[126.7225,37.53254],[126.72247,37.53031],[126.72248,37.5284],[126.72208,37.5246],[126.7218,37.52096],[126.72159,37.51861],[126.72143,37.51671],[126.72127,37.51514],[126.7208,37.51201],[126.72057,37.50977],[126.7205,37.5081],[126.72065,37.5065],[126.72104,37.50545],[126.72132,37.50452],[126.72153,37.50328],[126.72185,37.50099],[126.72217,37.49867],[126.72238,37.49734],[126.72259,37.49571],[126.72276,37.49423],[126.72305,37.4927],[126.72344,37.49083],[126.7238,37.4896],[126.72341,37.48816],[126.72248,37.48734],[126.72099,37.48669],[126.7187,37.48563],[126.71706,37.48482],[126.71592,37.48433],[126.71509,37.48392],[126.71408,37.48345],[126.71322,37.48303],[126.71181,37.48197],[126.71098,37.48007],[126.71021,37.4779],[126.70936,37.47539],[126.70871,37.4732],[126.70831,37.47209],[126.70794,37.47056],[126.70791,37.46911],[126.70785,37.46756],[126.70747,37.46655],[126.70684,37.46587],[126.70576,37.46518],[126.70307,37.4645],[126.70216,37.46413],[126.70142,37.46325],[126.70111,37.46234],[126.70176,37.46029],[126.70215,37.45923],[126.70213,37.45793],[126.70185,37.45584],[126.70159,37.45399],[126.70126,37.45178],[126.70103,37.45006],[126.7007,37.44785],[126.70021,37.44461],[126.69975,37.44255],[126.69959,37.44149],[126.69943,37.43993],[126.69845,37.43765],[126.69804,37.43671],[126.69771,37.43561],[126.69786,37.43419],[126.69836,37.43239],[126.69874,37.43109],[126.69896,37.42983],[126.69894,37.42775],[126.69873,37.42605],[126.69808,37.42347],[126.6976,37.42236],[126.6969,37.42123],[126.69603,37.42022],[126.69521,37.41942],[126.69384,37.41802],[126.69229,37.41663],[126.68962,37.41401],[126.68804,37.41254],[126.68728,37.41181],[126.68619,37.41077],[126.68508,37.40935],[126.684,37.40831],[126.68301,37.40719],[126.68158,37.40576],[126.68058,37.40461],[126.67903,37.40303],[126.67716,37.40136],[126.67381,37.39839],[126.67121,37.39606],[126.6698,37.3948],[126.66846,37.3936],[126.66629,37.39161],[126.66519,37.39034],[126.66398,37.38981],[126.66261,37.38904],[126.66153,37.38792],[126.65772,37.38413],[126.65639,37.38266],[126.655,37.38118],[126.65071,37.37665],[126.64974,37.3759],[126.64837,37.37582],[126.64738,37.37608],[126.64657,37.37677],[126.64561,37.37806],[126.64445,37.37955],[126.64179,37.38317],[126.64002,37.38561],[126.63876,37.38738],[126.63699,37.38997],[126.6354,37.39241],[126.63471,37.39345],[126.63322,37.39571],[126.63104,37.39923],[126.63062,37.39986]]}},{"type":"Feature","properties":{"kind":"subway","ref":"인천1","name":"인천 도시철도 1호선","colour":"#B4C7E7"},"geometry":{"type":"LineString","coordinates":[[126.63062,37.39986],[126.62956,37.40149],[126.62887,37.40258],[126.62737,37.40499],[126.62615,37.40684]]}},{"type":"Feature","properties":{"kind":"subway","ref":"인천1","name":"인천 도시철도 1호선","colour":"#B4C7E7"},"geometry":{"type":"LineString","coordinates":[[126.72958,37.57145],[126.72775,37.57129],[126.72639,37.57109],[126.7241,37.57065],[126.72277,37.57057],[126.72032,37.57092],[126.71892,37.57135],[126.71811,37.57176],[126.71729,37.57274],[126.71688,37.57405],[126.71685,37.57549],[126.71695,37.57673],[126.7172,37.58159],[126.71728,37.58361],[126.71684,37.58556],[126.71532,37.58764],[126.71391,37.58955],[126.71353,37.59052],[126.71332,37.59219]]}},{"type":"Feature","properties":{"kind":"subway","ref":"인천1","name":"인천 도시철도 1호선","colour":"#B4C7E7"},"geometry":{"type":"LineString","coordinates":[[126.69852,37.60262],[126.69984,37.60256],[126.7064,37.60151],[126.70752,37.60125],[126.70831,37.60081],[126.71196,37.5977],[126.71259,37.59673],[126.71304,37.59404],[126.71332,37.59219]]}},{"type":"Feature","properties":{"kind":"subway","ref":"인천1","name":"인천 도시철도 1호선","colour":"#B4C7E7"},"geometry":{"type":"LineString","coordinates":[[126.68854,37.60242],[126.69042,37.60257],[126.69852,37.60262]]}},{"type":"Feature","properties":{"kind":"label","ref":"인천1","name":"인천 도시철도 1호선","colour":"#B4C7E7"},"geometry":{"type":"Point","coordinates":[126.70764,37.46678]}},{"type":"Feature","properties":{"kind":"station","name":"홍제","major":false},"geometry":{"type":"Point","coordinates":[126.9442,37.58867]}},{"type":"Feature","properties":{"kind":"station","name":"녹번","major":false},"geometry":{"type":"Point","coordinates":[126.93572,37.60094]}},{"type":"Feature","properties":{"kind":"station","name":"무악재","major":false},"geometry":{"type":"Point","coordinates":[126.95031,37.58231]}},{"type":"Feature","properties":{"kind":"station","name":"지축","major":false},"geometry":{"type":"Point","coordinates":[126.91491,37.64793]}},{"type":"Feature","properties":{"kind":"station","name":"삼송","major":true},"geometry":{"type":"Point","coordinates":[126.89547,37.6531]}},{"type":"Feature","properties":{"kind":"station","name":"백석","major":true},"geometry":{"type":"Point","coordinates":[126.78795,37.64306]}},{"type":"Feature","properties":{"kind":"station","name":"정발산","major":true},"geometry":{"type":"Point","coordinates":[126.77322,37.65971]}},{"type":"Feature","properties":{"kind":"station","name":"마두","major":true},"geometry":{"type":"Point","coordinates":[126.77772,37.652]}},{"type":"Feature","properties":{"kind":"station","name":"대화","major":true},"geometry":{"type":"Point","coordinates":[126.74746,37.67615]}},{"type":"Feature","properties":{"kind":"station","name":"주엽","major":true},"geometry":{"type":"Point","coordinates":[126.76123,37.67011]}},{"type":"Feature","properties":{"kind":"station","name":"동대입구","major":false},"geometry":{"type":"Point","coordinates":[127.00577,37.55902]}},{"type":"Feature","properties":{"kind":"station","name":"경복궁(정부서울청사)","major":false},"geometry":{"type":"Point","coordinates":[126.97357,37.57576]}},{"type":"Feature","properties":{"kind":"station","name":"금호","major":false},"geometry":{"type":"Point","coordinates":[127.01586,37.54802]}},{"type":"Feature","properties":{"kind":"station","name":"학여울","major":false},"geometry":{"type":"Point","coordinates":[127.06991,37.49648]}},{"type":"Feature","properties":{"kind":"station","name":"대치","major":false},"geometry":{"type":"Point","coordinates":[127.06322,37.49445]}},{"type":"Feature","properties":{"kind":"station","name":"일원","major":false},"geometry":{"type":"Point","coordinates":[127.08418,37.48377]}},{"type":"Feature","properties":{"kind":"station","name":"안국","major":false},"geometry":{"type":"Point","coordinates":[126.98623,37.57683]}},{"type":"Feature","properties":{"kind":"station","name":"옥수","major":false},"geometry":{"type":"Point","coordinates":[127.01785,37.54088]}},{"type":"Feature","properties":{"kind":"station","name":"남부터미널(예술의전당)","major":false},"geometry":{"type":"Point","coordinates":[127.01629,37.48497]}},{"type":"Feature","properties":{"kind":"station","name":"압구정","major":false},"geometry":{"type":"Point","coordinates":[127.02847,37.52614]}},{"type":"Feature","properties":{"kind":"station","name":"대곡","major":true},"geometry":{"type":"Point","coordinates":[126.80968,37.63184]}},{"type":"Feature","properties":{"kind":"station","name":"대청","major":false},"geometry":{"type":"Point","coordinates":[127.07951,37.49365]}},{"type":"Feature","properties":{"kind":"station","name":"신사","major":false},"geometry":{"type":"Point","coordinates":[127.01963,37.51617]}},{"type":"Feature","properties":{"kind":"station","name":"매봉","major":false},"geometry":{"type":"Point","coordinates":[127.04699,37.48704]}},{"type":"Feature","properties":{"kind":"station","name":"경찰병원","major":false},"geometry":{"type":"Point","coordinates":[127.12383,37.49531]}},{"type":"Feature","properties":{"kind":"station","name":"고속터미널","major":false},"geometry":{"type":"Point","coordinates":[127.0049,37.50504]}},{"type":"Feature","properties":{"kind":"station","name":"종로3가","major":false},"geometry":{"type":"Point","coordinates":[126.99169,37.57202]}},{"type":"Feature","properties":{"kind":"station","name":"충무로","major":false},"geometry":{"type":"Point","coordinates":[126.99481,37.56065]}},{"type":"Feature","properties":{"kind":"station","name":"양재","major":false},"geometry":{"type":"Point","coordinates":[127.03432,37.48454]}},{"type":"Feature","properties":{"kind":"station","name":"도곡","major":false},"geometry":{"type":"Point","coordinates":[127.05549,37.49088]}},{"type":"Feature","properties":{"kind":"station","name":"구파발","major":false},"geometry":{"type":"Point","coordinates":[126.91877,37.63685]}},{"type":"Feature","properties":{"kind":"station","name":"수서","major":false},"geometry":{"type":"Point","coordinates":[127.10197,37.48743]}},{"type":"Feature","properties":{"kind":"station","name":"가락시장","major":false},"geometry":{"type":"Point","coordinates":[127.1177,37.49225]}},{"type":"Feature","properties":{"kind":"station","name":"을지로3가","major":false},"geometry":{"type":"Point","coordinates":[126.99259,37.56636]}},{"type":"Feature","properties":{"kind":"station","name":"독립문","major":false},"geometry":{"type":"Point","coordinates":[126.95782,37.57451]}},{"type":"Feature","properties":{"kind":"station","name":"불광","major":false},"geometry":{"type":"Point","coordinates":[126.9304,37.60988]}},{"type":"Feature","properties":{"kind":"station","name":"약수","major":false},"geometry":{"type":"Point","coordinates":[127.01055,37.55483]}},{"type":"Feature","properties":{"kind":"station","name":"교대(법원·검찰청)","major":false},"geometry":{"type":"Point","coordinates":[127.01381,37.49288]}},{"type":"Feature","properties":{"kind":"station","name":"오금","major":false},"geometry":{"type":"Point","coordinates":[127.12835,37.50214]}},{"type":"Feature","properties":{"kind":"station","name":"화정","major":true},"geometry":{"type":"Point","coordinates":[126.83262,37.6346]}},{"type":"Feature","properties":{"kind":"station","name":"원당","major":true},"geometry":{"type":"Point","coordinates":[126.8434,37.65383]}},{"type":"Feature","properties":{"kind":"station","name":"원흥","major":true},"geometry":{"type":"Point","coordinates":[126.87374,37.65049]}},{"type":"Feature","properties":{"kind":"station","name":"잠원","major":false},"geometry":{"type":"Point","coordinates":[127.01109,37.51275]}},{"type":"Feature","properties":{"kind":"station","name":"연신내","major":false},"geometry":{"type":"Point","coordinates":[126.92086,37.61945]}},{"type":"Feature","properties":{"kind":"station","name":"서면","major":false},"geometry":{"type":"Point","coordinates":[129.0591,35.15771]}},{"type":"Feature","properties":{"kind":"station","name":"장산","major":false},"geometry":{"type":"Point","coordinates":[129.17592,35.16945]}},{"type":"Feature","properties":{"kind":"station","name":"동백","major":false},"geometry":{"type":"Point","coordinates":[129.14809,35.16128]}},{"type":"Feature","properties":{"kind":"station","name":"해운대","major":false},"geometry":{"type":"Point","coordinates":[129.15881,35.16368]}},{"type":"Feature","properties":{"kind":"station","name":"중동","major":false},"geometry":{"type":"Point","coordinates":[129.16781,35.16665]}},{"type":"Feature","properties":{"kind":"station","name":"광안","major":false},"geometry":{"type":"Point","coordinates":[129.1131,35.15793]}},{"type":"Feature","properties":{"kind":"station","name":"경성대·부경대","major":false},"geometry":{"type":"Point","coordinates":[129.10053,35.13756]}},{"type":"Feature","properties":{"kind":"station","name":"대연","major":false},"geometry":{"type":"Point","coordinates":[129.09217,35.13515]}},{"type":"Feature","properties":{"kind":"station","name":"금련산","major":false},"geometry":{"type":"Point","coordinates":[129.11097,35.14976]}},{"type":"Feature","properties":{"kind":"station","name":"문현","major":false},"geometry":{"type":"Point","coordinates":[129.06733,35.13914]}},{"type":"Feature","properties":{"kind":"station","name":"국제금융센터·부산은행","major":false},"geometry":{"type":"Point","coordinates":[129.06671,35.14572]}},{"type":"Feature","properties":{"kind":"station","name":"못골","major":false},"geometry":{"type":"Point","coordinates":[129.08478,35.13476]}},{"type":"Feature","properties":{"kind":"station","name":"지게골","major":false},"geometry":{"type":"Point","coordinates":[129.07422,35.13567]}},{"type":"Feature","properties":{"kind":"station","name":"가야","major":false},"geometry":{"type":"Point","coordinates":[129.04278,35.15585]}},{"type":"Feature","properties":{"kind":"station","name":"동의대","major":false},"geometry":{"type":"Point","coordinates":[129.03214,35.15398]}},{"type":"Feature","properties":{"kind":"station","name":"전포","major":false},"geometry":{"type":"Point","coordinates":[129.06536,35.15282]}},{"type":"Feature","properties":{"kind":"station","name":"부암","major":false},"geometry":{"type":"Point","coordinates":[129.05051,35.15744]}},{"type":"Feature","properties":{"kind":"station","name":"주례","major":false},"geometry":{"type":"Point","coordinates":[129.00315,35.1505]}},{"type":"Feature","properties":{"kind":"station","name":"감전","major":false},"geometry":{"type":"Point","coordinates":[128.99088,35.15571]}},{"type":"Feature","properties":{"kind":"station","name":"냉정","major":false},"geometry":{"type":"Point","coordinates":[129.01243,35.15129]}},{"type":"Feature","properties":{"kind":"station","name":"구남","major":false},"geometry":{"type":"Point","coordinates":[128.99502,35.19695]}},{"type":"Feature","properties":{"kind":"station","name":"민락","major":false},"geometry":{"type":"Point","coordinates":[129.12168,35.16728]}},{"type":"Feature","properties":{"kind":"station","name":"남천","major":false},"geometry":{"type":"Point","coordinates":[129.10784,35.14213]}},{"type":"Feature","properties":{"kind":"station","name":"사상","major":false},"geometry":{"type":"Point","coordinates":[128.98467,35.16222]}},{"type":"Feature","properties":{"kind":"station","name":"개금","major":false},"geometry":{"type":"Point","coordinates":[129.02047,35.15327]}},{"type":"Feature","properties":{"kind":"station","name":"양산","major":false},"geometry":{"type":"Point","coordinates":[129.0264,35.3387]}},{"type":"Feature","properties":{"kind":"station","name":"부산대양산캠퍼스","major":false},"geometry":{"type":"Point","coordinates":[129.01404,35.31687]}},{"type":"Feature","properties":{"kind":"station","name":"호포","major":false},"geometry":{"type":"Point","coordinates":[129.0175,35.281]}},{"type":"Feature","properties":{"kind":"station","name":"수영","major":false},"geometry":{"type":"Point","coordinates":[129.11474,35.16536]}},{"type":"Feature","properties":{"kind":"station","name":"센텀시티","major":false},"geometry":{"type":"Point","coordinates":[129.1312,35.16863]}},{"type":"Feature","properties":{"kind":"station","name":"덕천","major":false},"geometry":{"type":"Point","coordinates":[129.00506,35.21078]}},{"type":"Feature","properties":{"kind":"station","name":"구명","major":false},"geometry":{"type":"Point","coordinates":[128.99962,35.20288]}},{"type":"Feature","properties":{"kind":"station","name":"벡스코","major":false},"geometry":{"type":"Point","coordinates":[129.13847,35.16884]}},{"type":"Feature","properties":{"kind":"station","name":"덕포","major":false},"geometry":{"type":"Point","coordinates":[128.9838,35.1739]}},{"type":"Feature","properties":{"kind":"station","name":"모덕","major":false},"geometry":{"type":"Point","coordinates":[128.98558,35.18037]}},{"type":"Feature","properties":{"kind":"station","name":"모라","major":false},"geometry":{"type":"Point","coordinates":[128.98844,35.1893]}},{"type":"Feature","properties":{"kind":"station","name":"수정","major":false},"geometry":{"type":"Point","coordinates":[129.00921,35.2233]}},{"type":"Feature","properties":{"kind":"station","name":"율리","major":false},"geometry":{"type":"Point","coordinates":[129.01289,35.24647]}},{"type":"Feature","properties":{"kind":"station","name":"동원","major":false},"geometry":{"type":"Point","coordinates":[129.01239,35.25863]}},{"type":"Feature","properties":{"kind":"station","name":"금곡","major":false},"geometry":{"type":"Point","coordinates":[129.01691,35.26738]}},{"type":"Feature","properties":{"kind":"station","name":"화명","major":false},"geometry":{"type":"Point","coordinates":[129.0138,35.23525]}},{"type":"Feature","properties":{"kind":"station","name":"남양산","major":false},"geometry":{"type":"Point","coordinates":[129.01939,35.3254]}},{"type":"Feature","properties":{"kind":"station","name":"증산","major":false},"geometry":{"type":"Point","coordinates":[129.01028,35.30832]}},{"type":"Feature","properties":{"kind":"station","name":"체육공원","major":false},"geometry":{"type":"Point","coordinates":[128.96939,35.21251]}},{"type":"Feature","properties":{"kind":"station","name":"강서구청","major":false},"geometry":{"type":"Point","coordinates":[128.98196,35.21124]}},{"type":"Feature","properties":{"kind":"station","name":"대저","major":false},"geometry":{"type":"Point","coordinates":[128.9608,35.21342]}},{"type":"Feature","properties":{"kind":"station","name":"구포","major":false},"geometry":{"type":"Point","coordinates":[128.99633,35.20671]}},{"type":"Feature","properties":{"kind":"station","name":"망미","major":false},"geometry":{"type":"Point","coordinates":[129.10757,35.17172]}},{"type":"Feature","properties":{"kind":"station","name":"배산","major":false},"geometry":{"type":"Point","coordinates":[129.0958,35.17345]}},{"type":"Feature","properties":{"kind":"station","name":"물만골","major":false},"geometry":{"type":"Point","coordinates":[129.08589,35.17662]}},{"type":"Feature","properties":{"kind":"station","name":"연산","major":false},"geometry":{"type":"Point","coordinates":[129.08155,35.18598]}},{"type":"Feature","properties":{"kind":"station","name":"거제","major":false},"geometry":{"type":"Point","coordinates":[129.07405,35.18853]}},{"type":"Feature","properties":{"kind":"station","name":"종합운동장","major":false},"geometry":{"type":"Point","coordinates":[129.06754,35.19145]}},{"type":"Feature","properties":{"kind":"station","name":"사직","major":false},"geometry":{"type":"Point","coordinates":[129.06512,35.19907]}},{"type":"Feature","properties":{"kind":"station","name":"미남","major":false},"geometry":{"type":"Point","coordinates":[129.06876,35.20653]}},{"type":"Feature","properties":{"kind":"station","name":"만덕","major":false},"geometry":{"type":"Point","coordinates":[129.03647,35.21302]}},{"type":"Feature","properties":{"kind":"station","name":"남산정","major":false},"geometry":{"type":"Point","coordinates":[129.02394,35.21336]}},{"type":"Feature","properties":{"kind":"station","name":"숙등","major":false},"geometry":{"type":"Point","coordinates":[129.01277,35.21201]}},{"type":"Feature","properties":{"kind":"station","name":"덕천","major":false},"geometry":{"type":"Point","coordinates":[129.00581,35.21026]}},{"type":"Feature","properties":{"kind":"station","name":"부산대","major":false},"geometry":{"type":"Point","coordinates":[129.08932,35.22969]}},{"type":"Feature","properties":{"kind":"station","name":"하단","major":false},"geometry":{"type":"Point","coordinates":[128.9668,35.10621]}},{"type":"Feature","properties":{"kind":"station","name":"사하","major":false},"geometry":{"type":"Point","coordinates":[128.98309,35.09984]}},{"type":"Feature","properties":{"kind":"station","name":"괴정","major":false},"geometry":{"type":"Point","coordinates":[128.99286,35.09993]}},{"type":"Feature","properties":{"kind":"station","name":"대티","major":false},"geometry":{"type":"Point","coordinates":[128.99994,35.10315]}},{"type":"Feature","properties":{"kind":"station","name":"서대신","major":false},"geometry":{"type":"Point","coordinates":[129.01204,35.11086]}},{"type":"Feature","properties":{"kind":"station","name":"남포","major":false},"geometry":{"type":"Point","coordinates":[129.03495,35.09792]}},{"type":"Feature","properties":{"kind":"station","name":"범어사","major":false},"geometry":{"type":"Point","coordinates":[129.09265,35.27316]}},{"type":"Feature","properties":{"kind":"station","name":"남산","major":false},"geometry":{"type":"Point","coordinates":[129.09246,35.26524]}},{"type":"Feature","properties":{"kind":"station","name":"장전","major":false},"geometry":{"type":"Point","coordinates":[129.0881,35.23804]}},{"type":"Feature","properties":{"kind":"station","name":"다대포해수욕장","major":false},"geometry":{"type":"Point","coordinates":[128.96623,35.04809]}},{"type":"Feature","properties":{"kind":"station","name":"신평","major":false},"geometry":{"type":"Point","coordinates":[128.96067,35.09494]}},{"type":"Feature","properties":{"kind":"station","name":"두실","major":false},"geometry":{"type":"Point","coordinates":[129.09138,35.25707]}},{"type":"Feature","properties":{"kind":"station","name":"동래","major":false},"geometry":{"type":"Point","coordinates":[129.07845,35.20531]}},{"type":"Feature","properties":{"kind":"station","name":"명륜","major":false},"geometry":{"type":"Point","coordinates":[129.07954,35.21244]}},{"type":"Feature","properties":{"kind":"station","name":"온천장","major":false},"geometry":{"type":"Point","coordinates":[129.08619,35.22004]}},{"type":"Feature","properties":{"kind":"station","name":"구서","major":false},"geometry":{"type":"Point","coordinates":[129.09125,35.24688]}},{"type":"Feature","properties":{"kind":"station","name":"노포","major":false},"geometry":{"type":"Point","coordinates":[129.09516,35.2842]}},{"type":"Feature","properties":{"kind":"station","name":"장림","major":false},"geometry":{"type":"Point","coordinates":[128.97739,35.08193]}},{"type":"Feature","properties":{"kind":"station","name":"동매","major":false},"geometry":{"type":"Point","coordinates":[128.97344,35.08979]}},{"type":"Feature","properties":{"kind":"station","name":"다대포항","major":false},"geometry":{"type":"Point","coordinates":[128.97144,35.05789]}},{"type":"Feature","properties":{"kind":"station","name":"낫개","major":false},"geometry":{"type":"Point","coordinates":[128.97979,35.06544]}},{"type":"Feature","properties":{"kind":"station","name":"신장림","major":false},"geometry":{"type":"Point","coordinates":[128.97685,35.07463]}},{"type":"Feature","properties":{"kind":"station","name":"부산","major":false},"geometry":{"type":"Point","coordinates":[129.03986,35.11562]}},{"type":"Feature","properties":{"kind":"station","name":"자갈치","major":false},"geometry":{"type":"Point","coordinates":[129.02668,35.09738]}},{"type":"Feature","properties":{"kind":"station","name":"토성","major":false},"geometry":{"type":"Point","coordinates":[129.01989,35.10076]}},{"type":"Feature","properties":{"kind":"station","name":"동대신","major":false},"geometry":{"type":"Point","coordinates":[129.01783,35.11035]}},{"type":"Feature","properties":{"kind":"station","name":"중앙","major":false},"geometry":{"type":"Point","coordinates":[129.03629,35.10384]}},{"type":"Feature","properties":{"kind":"station","name":"초량","major":false},"geometry":{"type":"Point","coordinates":[129.0429,35.12123]}},{"type":"Feature","properties":{"kind":"station","name":"좌천","major":false},"geometry":{"type":"Point","coordinates":[129.0543,35.13437]}},{"type":"Feature","properties":{"kind":"station","name":"범내골","major":false},"geometry":{"type":"Point","coordinates":[129.05915,35.14724]}},{"type":"Feature","properties":{"kind":"station","name":"서면","major":false},"geometry":{"type":"Point","coordinates":[129.05945,35.15819]}},{"type":"Feature","properties":{"kind":"station","name":"부전","major":false},"geometry":{"type":"Point","coordinates":[129.06289,35.16263]}},{"type":"Feature","properties":{"kind":"station","name":"시청","major":false},"geometry":{"type":"Point","coordinates":[129.07648,35.17977]}},{"type":"Feature","properties":{"kind":"station","name":"양정","major":false},"geometry":{"type":"Point","coordinates":[129.07126,35.17319]}},{"type":"Feature","properties":{"kind":"station","name":"당리","major":false},"geometry":{"type":"Point","coordinates":[128.97385,35.10351]}},{"type":"Feature","properties":{"kind":"station","name":"범일","major":false},"geometry":{"type":"Point","coordinates":[129.05933,35.14096]}},{"type":"Feature","properties":{"kind":"station","name":"교대","major":false},"geometry":{"type":"Point","coordinates":[129.07993,35.19537]}},{"type":"Feature","properties":{"kind":"station","name":"부산진","major":false},"geometry":{"type":"Point","coordinates":[129.049,35.12905]}},{"type":"Feature","properties":{"kind":"station","name":"연산","major":false},"geometry":{"type":"Point","coordinates":[129.08138,35.18602]}},{"type":"Feature","properties":{"kind":"station","name":"박물관","major":false},"geometry":{"type":"Point","coordinates":[128.87184,35.24013]}},{"type":"Feature","properties":{"kind":"station","name":"가야대","major":false},"geometry":{"type":"Point","coordinates":[128.86498,35.26683]}},{"type":"Feature","properties":{"kind":"station","name":"장신대","major":false},"geometry":{"type":"Point","coordinates":[128.86719,35.25956]}},{"type":"Feature","properties":{"kind":"station","name":"연지공원","major":false},"geometry":{"type":"Point","coordinates":[128.86922,35.24966]}},{"type":"Feature","properties":{"kind":"station","name":"부원","major":false},"geometry":{"type":"Point","coordinates":[128.8838,35.22647]}},{"type":"Feature","properties":{"kind":"station","name":"김해시청","major":false},"geometry":{"type":"Point","coordinates":[128.89032,35.2271]}},{"type":"Feature","properties":{"kind":"station","name":"봉황","major":false},"geometry":{"type":"Point","coordinates":[128.87426,35.22735]}},{"type":"Feature","properties":{"kind":"station","name":"수로왕릉","major":false},"geometry":{"type":"Point","coordinates":[128.87207,35.23293]}},{"type":"Feature","properties":{"kind":"station","name":"대사","major":false},"geometry":{"type":"Point","coordinates":[128.9383,35.21771]}},{"type":"Feature","properties":{"kind":"station","name":"불암","major":false},"geometry":{"type":"Point","coordinates":[128.92782,35.22224]}},{"type":"Feature","properties":{"kind":"station","name":"지내","major":false},"geometry":{"type":"Point","coordinates":[128.92371,35.22764]}},{"type":"Feature","properties":{"kind":"station","name":"김해대학","major":false},"geometry":{"type":"Point","coordinates":[128.91558,35.22899]}},{"type":"Feature","properties":{"kind":"station","name":"대저","major":false},"geometry":{"type":"Point","coordinates":[128.96052,35.21307]}},{"type":"Feature","properties":{"kind":"station","name":"덕두","major":false},"geometry":{"type":"Point","coordinates":[128.95414,35.18197]}},{"type":"Feature","properties":{"kind":"station","name":"등구","major":false},"geometry":{"type":"Point","coordinates":[128.96353,35.19623]}},{"type":"Feature","properties":{"kind":"station","name":"괘법르네시떼","major":false},"geometry":{"type":"Point","coordinates":[128.97773,35.16328]}},{"type":"Feature","properties":{"kind":"station","name":"사상","major":false},"geometry":{"type":"Point","coordinates":[128.98594,35.1623]}},{"type":"Feature","properties":{"kind":"station","name":"서부산유통지구","major":false},"geometry":{"type":"Point","coordinates":[128.95496,35.1664]}},{"type":"Feature","properties":{"kind":"station","name":"평강","major":false},"geometry":{"type":"Point","coordinates":[128.95062,35.21404]}},{"type":"Feature","properties":{"kind":"station","name":"인제대","major":false},"geometry":{"type":"Point","coordinates":[128.90174,35.2281]}},{"type":"Feature","properties":{"kind":"station","name":"공항","major":false},"geometry":{"type":"Point","coordinates":[128.94856,35.17193]}},{"type":"Feature","properties":{"kind":"station","name":"삼성","major":false},"geometry":{"type":"Point","coordinates":[127.06425,37.50911]}},{"type":"Feature","properties":{"kind":"station","name":"아현","major":false},"geometry":{"type":"Point","coordinates":[126.95613,37.55745]}},{"type":"Feature","properties":{"kind":"station","name":"종합운동장","major":false},"geometry":{"type":"Point","coordinates":[127.07532,37.51128]}},{"type":"Feature","properties":{"kind":"station","name":"을지로입구","major":false},"geometry":{"type":"Point","coordinates":[126.98261,37.56598]}},{"type":"Feature","properties":{"kind":"station","name":"상왕십리","major":false},"geometry":{"type":"Point","coordinates":[127.02921,37.56443]}},{"type":"Feature","properties":{"kind":"station","name":"신도림","major":false},"geometry":{"type":"Point","coordinates":[126.89119,37.50895]}},{"type":"Feature","properties":{"kind":"station","name":"시청","major":false},"geometry":{"type":"Point","coordinates":[126.97396,37.56309]}},{"type":"Feature","properties":{"kind":"station","name":"신당","major":false},"geometry":{"type":"Point","coordinates":[127.01981,37.56565]}},{"type":"Feature","properties":{"kind":"station","name":"신촌","major":false},"geometry":{"type":"Point","coordinates":[126.93691,37.55518]}},{"type":"Feature","properties":{"kind":"station","name":"교대","major":false},"geometry":{"type":"Point","coordinates":[127.0146,37.49394]}},{"type":"Feature","properties":{"kind":"station","name":"을지로4가","major":false},"geometry":{"type":"Point","coordinates":[126.998,37.56667]}},{"type":"Feature","properties":{"kind":"station","name":"건대입구","major":false},"geometry":{"type":"Point","coordinates":[127.06817,37.54079]}},{"type":"Feature","properties":{"kind":"station","name":"왕십리","major":false},"geometry":{"type":"Point","coordinates":[127.03714,37.56122]}},{"type":"Feature","properties":{"kind":"station","name":"역삼","major":false},"geometry":{"type":"Point","coordinates":[127.03692,37.50079]}},{"type":"Feature","properties":{"kind":"station","name":"충정로","major":false},"geometry":{"type":"Point","coordinates":[126.96367,37.55936]}},{"type":"Feature","properties":{"kind":"station","name":"강남","major":false},"geometry":{"type":"Point","coordinates":[127.02761,37.4979]}},{"type":"Feature","properties":{"kind":"station","name":"대림(구로구청)","major":false},"geometry":{"type":"Point","coordinates":[126.89496,37.49328]}},{"type":"Feature","properties":{"kind":"station","name":"합정","major":false},"geometry":{"type":"Point","coordinates":[126.91464,37.55008]}},{"type":"Feature","properties":{"kind":"station","name":"홍대입구","major":false},"geometry":{"type":"Point","coordinates":[126.92346,37.55668]}},{"type":"Feature","properties":{"kind":"station","name":"선릉","major":false},"geometry":{"type":"Point","coordinates":[127.04891,37.50444]}},{"type":"Feature","properties":{"kind":"station","name":"을지로3가","major":false},"geometry":{"type":"Point","coordinates":[126.9912,37.56631]}},{"type":"Feature","properties":{"kind":"station","name":"강변","major":false},"geometry":{"type":"Point","coordinates":[127.09526,37.53433]}},{"type":"Feature","properties":{"kind":"station","name":"잠실나루","major":false},"geometry":{"type":"Point","coordinates":[127.1043,37.51988]}},{"type":"Feature","properties":{"kind":"station","name":"구의","major":false},"geometry":{"type":"Point","coordinates":[127.0851,37.5369]}},{"type":"Feature","properties":{"kind":"station","name":"한양대","major":false},"geometry":{"type":"Point","coordinates":[127.04368,37.55573]}},{"type":"Feature","properties":{"kind":"station","name":"뚝섬","major":false},"geometry":{"type":"Point","coordinates":[127.0464,37.54759]}},{"type":"Feature","properties":{"kind":"station","name":"성수","major":false},"geometry":{"type":"Point","coordinates":[127.05506,37.5449]}},{"type":"Feature","properties":{"kind":"station","name":"동대문역사문화공원","major":false},"geometry":{"type":"Point","coordinates":[127.00818,37.5659]}},{"type":"Feature","properties":{"kind":"station","name":"이대","major":false},"geometry":{"type":"Point","coordinates":[126.94584,37.55679]}},{"type":"Feature","properties":{"kind":"station","name":"당산","major":false},"geometry":{"type":"Point","coordinates":[126.90207,37.53413]}},{"type":"Feature","properties":{"kind":"station","name":"영등포구청","major":false},"geometry":{"type":"Point","coordinates":[126.89654,37.52532]}},{"type":"Feature","properties":{"kind":"station","name":"문래","major":false},"geometry":{"type":"Point","coordinates":[126.89484,37.51841]}},{"type":"Feature","properties":{"kind":"station","name":"구로디지털단지","major":false},"geometry":{"type":"Point","coordinates":[126.90259,37.48503]}},{"type":"Feature","properties":{"kind":"station","name":"신대방","major":false},"geometry":{"type":"Point","coordinates":[126.91343,37.4876]}},{"type":"Feature","properties":{"kind":"station","name":"신림","major":false},"geometry":{"type":"Point","coordinates":[126.9297,37.48422]}},{"type":"Feature","properties":{"kind":"station","name":"봉천","major":false},"geometry":{"type":"Point","coordinates":[126.94198,37.48235]}},{"type":"Feature","properties":{"kind":"station","name":"서울대입구","major":false},"geometry":{"type":"Point","coordinates":[126.95275,37.48119]}},{"type":"Feature","properties":{"kind":"station","name":"낙성대","major":false},"geometry":{"type":"Point","coordinates":[126.96354,37.47703]}},{"type":"Feature","properties":{"kind":"station","name":"사당","major":false},"geometry":{"type":"Point","coordinates":[126.98255,37.47648]}},{"type":"Feature","properties":{"kind":"station","name":"방배","major":false},"geometry":{"type":"Point","coordinates":[126.99768,37.48144]}},{"type":"Feature","properties":{"kind":"station","name":"서초","major":false},"geometry":{"type":"Point","coordinates":[127.00764,37.49181]}},{"type":"Feature","properties":{"kind":"station","name":"잠실새내","major":false},"geometry":{"type":"Point","coordinates":[127.08643,37.51155]}},{"type":"Feature","properties":{"kind":"station","name":"잠실","major":false},"geometry":{"type":"Point","coordinates":[127.10167,37.51369]}},{"type":"Feature","properties":{"kind":"station","name":"성신여대입구","major":false},"geometry":{"type":"Point","coordinates":[127.01641,37.59266]}},{"type":"Feature","properties":{"kind":"station","name":"길음","major":false},"geometry":{"type":"Point","coordinates":[127.02441,37.60242]}},{"type":"Feature","properties":{"kind":"station","name":"신용산","major":false},"geometry":{"type":"Point","coordinates":[126.96781,37.52916]}},{"type":"Feature","properties":{"kind":"station","name":"대야미","major":false},"geometry":{"type":"Point","coordinates":[126.91629,37.32722]}},{"type":"Feature","properties":{"kind":"station","name":"수유(강북구청)","major":false},"geometry":{"type":"Point","coordinates":[127.02569,37.63799]}},{"type":"Feature","properties":{"kind":"station","name":"쌍문","major":false},"geometry":{"type":"Point","coordinates":[127.03455,37.64842]}},{"type":"Feature","properties":{"kind":"station","name":"명동","major":false},"geometry":{"type":"Point","coordinates":[126.98629,37.56092]}},{"type":"Feature","properties":{"kind":"station","name":"혜화(서울대학교병원)","major":false},"geometry":{"type":"Point","coordinates":[127.00193,37.58214]}},{"type":"Feature","properties":{"kind":"station","name":"동대문역사문화공원","major":false},"geometry":{"type":"Point","coordinates":[127.00805,37.5652]}},{"type":"Feature","properties":{"kind":"station","name":"상계","major":false},"geometry":{"type":"Point","coordinates":[127.07267,37.65999]}},{"type":"Feature","properties":{"kind":"station","name":"불암산","major":false},"geometry":{"type":"Point","coordinates":[127.07844,37.66958]}},{"type":"Feature","properties":{"kind":"station","name":"정왕","major":true},"geometry":{"type":"Point","coordinates":[126.74199,37.35205]}},{"type":"Feature","properties":{"kind":"station","name":"동작","major":false},"geometry":{"type":"Point","coordinates":[126.98083,37.50212]}},{"type":"Feature","properties":{"kind":"station","name":"신길온천","major":true},"geometry":{"type":"Point","coordinates":[126.76619,37.3381]}},{"type":"Feature","properties":{"kind":"station","name":"삼각지","major":false},"geometry":{"type":"Point","coordinates":[126.9729,37.53446]}},{"type":"Feature","properties":{"kind":"station","name":"이촌","major":false},"geometry":{"type":"Point","coordinates":[126.97361,37.52262]}},{"type":"Feature","properties":{"kind":"station","name":"숙대입구","major":false},"geometry":{"type":"Point","coordinates":[126.97192,37.54514]}},{"type":"Feature","properties":{"kind":"station","name":"회현(남대문시장)","major":false},"geometry":{"type":"Point","coordinates":[126.97844,37.55876]}},{"type":"Feature","properties":{"kind":"station","name":"동대문","major":false},"geometry":{"type":"Point","coordinates":[127.00937,37.57076]}},{"type":"Feature","properties":{"kind":"station","name":"충무로","major":false},"geometry":{"type":"Point","coordinates":[126.9926,37.56107]}},{"type":"Feature","properties":{"kind":"station","name":"미아사거리","major":false},"geometry":{"type":"Point","coordinates":[127.03007,37.61316]}},{"type":"Feature","properties":{"kind":"station","name":"반월","major":false},"geometry":{"type":"Point","coordinates":[126.90323,37.31167]}},{"type":"Feature","properties":{"kind":"station","name":"수리산","major":true},"geometry":{"type":"Point","coordinates":[126.9254,37.34982]}},{"type":"Feature","properties":{"kind":"station","name":"산본","major":true},"geometry":{"type":"Point","coordinates":[126.93216,37.35754]}},{"type":"Feature","properties":{"kind":"station","name":"중앙","major":true},"geometry":{"type":"Point","coordinates":[126.83746,37.31606]}},{"type":"Feature","properties":{"kind":"station","name":"초지 (신안산대학교)","major":true},"geometry":{"type":"Point","coordinates":[126.8049,37.32116]}},{"type":"Feature","properties":{"kind":"station","name":"창동","major":false},"geometry":{"type":"Point","coordinates":[127.04666,37.65296]}},{"type":"Feature","properties":{"kind":"station","name":"오이도","major":true},"geometry":{"type":"Point","coordinates":[126.73872,37.3628]}},{"type":"Feature","properties":{"kind":"station","name":"상록수","major":true},"geometry":{"type":"Point","coordinates":[126.86567,37.30287]}},{"type":"Feature","properties":{"kind":"station","name":"한대앞","major":true},"geometry":{"type":"Point","coordinates":[126.85289,37.31045]}},{"type":"Feature","properties":{"kind":"station","name":"고잔","major":true},"geometry":{"type":"Point","coordinates":[126.82209,37.3169]}},{"type":"Feature","properties":{"kind":"station","name":"안산","major":true},"geometry":{"type":"Point","coordinates":[126.78796,37.32741]}},{"type":"Feature","properties":{"kind":"station","name":"노원","major":false},"geometry":{"type":"Point","coordinates":[127.06236,37.65612]}},{"type":"Feature","properties":{"kind":"station","name":"한성대입구(삼선교)","major":false},"geometry":{"type":"Point","coordinates":[127.00532,37.5882]}},{"type":"Feature","properties":{"kind":"station","name":"범계","major":false},"geometry":{"type":"Point","coordinates":[126.95092,37.38989]}},{"type":"Feature","properties":{"kind":"station","name":"정부과천청사","major":true},"geometry":{"type":"Point","coordinates":[126.98975,37.42643]}},{"type":"Feature","properties":{"kind":"station","name":"대공원 (서울랜드)","major":true},"geometry":{"type":"Point","coordinates":[127.00618,37.43509]}},{"type":"Feature","properties":{"kind":"station","name":"선바위","major":true},"geometry":{"type":"Point","coordinates":[127.00306,37.45074]}},{"type":"Feature","properties":{"kind":"station","name":"경마공원","major":true},"geometry":{"type":"Point","coordinates":[127.00791,37.44383]}},{"type":"Feature","properties":{"kind":"station","name":"과천","major":true},"geometry":{"type":"Point","coordinates":[126.99684,37.43303]}},{"type":"Feature","properties":{"kind":"station","name":"인덕원","major":false},"geometry":{"type":"Point","coordinates":[126.97699,37.40136]}},{"type":"Feature","properties":{"kind":"station","name":"평촌","major":false},"geometry":{"type":"Point","coordinates":[126.96389,37.39427]}},{"type":"Feature","properties":{"kind":"station","name":"총신대입구 (이수)","major":false},"geometry":{"type":"Point","coordinates":[126.9822,37.48703]}},{"type":"Feature","properties":{"kind":"station","name":"미아","major":false},"geometry":{"type":"Point","coordinates":[127.02649,37.62543]}},{"type":"Feature","properties":{"kind":"station","name":"서울","major":false},"geometry":{"type":"Point","coordinates":[126.97245,37.55258]}},{"type":"Feature","properties":{"kind":"station","name":"과천정보타운","major":true},"geometry":{"type":"Point","coordinates":[126.97961,37.4124]}},{"type":"Feature","properties":{"kind":"station","name":"사당","major":false},"geometry":{"type":"Point","coordinates":[126.98158,37.47626]}},{"type":"Feature","properties":{"kind":"station","name":"남태령","major":false},"geometry":{"type":"Point","coordinates":[126.98892,37.46397]}},{"type":"Feature","properties":{"kind":"station","name":"금정","major":true},"geometry":{"type":"Point","coordinates":[126.94395,37.37159]}},{"type":"Feature","properties":{"kind":"station","name":"대모산입구","major":true},"geometry":{"type":"Point","coordinates":[127.07276,37.49137]}},{"type":"Feature","properties":{"kind":"station","name":"기흥","major":true},"geometry":{"type":"Point","coordinates":[127.11599,37.27551]}},{"type":"Feature","properties":{"kind":"station","name":"구룡","major":true},"geometry":{"type":"Point","coordinates":[127.05945,37.48691]}},{"type":"Feature","properties":{"kind":"station","name":"태평","major":true},"geometry":{"type":"Point","coordinates":[127.12772,37.43971]}},{"type":"Feature","properties":{"kind":"station","name":"가천대","major":true},"geometry":{"type":"Point","coordinates":[127.1267,37.4487]}},{"type":"Feature","properties":{"kind":"station","name":"보정","major":true},"geometry":{"type":"Point","coordinates":[127.1083,37.31235]}},{"type":"Feature","properties":{"kind":"station","name":"서현","major":true},"geometry":{"type":"Point","coordinates":[127.12332,37.38493]}},{"type":"Feature","properties":{"kind":"station","name":"야탑","major":true},"geometry":{"type":"Point","coordinates":[127.12869,37.41128]}},{"type":"Feature","properties":{"kind":"station","name":"수내","major":true},"geometry":{"type":"Point","coordinates":[127.11423,37.37842]}},{"type":"Feature","properties":{"kind":"station","name":"복정","major":true},"geometry":{"type":"Point","coordinates":[127.12668,37.47164]}},{"type":"Feature","properties":{"kind":"station","name":"서울숲","major":true},"geometry":{"type":"Point","coordinates":[127.04472,37.54362]}},{"type":"Feature","properties":{"kind":"station","name":"정자","major":true},"geometry":{"type":"Point","coordinates":[127.10809,37.36539]}},{"type":"Feature","properties":{"kind":"station","name":"오리","major":true},"geometry":{"type":"Point","coordinates":[127.10889,37.34064]}},{"type":"Feature","properties":{"kind":"station","name":"도곡","major":true},"geometry":{"type":"Point","coordinates":[127.05544,37.49062]}},{"type":"Feature","properties":{"kind":"station","name":"미금","major":true},"geometry":{"type":"Point","coordinates":[127.10897,37.35]}},{"type":"Feature","properties":{"kind":"station","name":"이매","major":true},"geometry":{"type":"Point","coordinates":[127.12821,37.39525]}},{"type":"Feature","properties":{"kind":"station","name":"모란","major":true},"geometry":{"type":"Point","coordinates":[127.12906,37.43218]}},{"type":"Feature","properties":{"kind":"station","name":"수서","major":true},"geometry":{"type":"Point","coordinates":[127.10185,37.48708]}},{"type":"Feature","properties":{"kind":"station","name":"수원","major":true},"geometry":{"type":"Point","coordinates":[127.00135,37.26666]}},{"type":"Feature","properties":{"kind":"station","name":"선릉","major":true},"geometry":{"type":"Point","coordinates":[127.04847,37.50562]}},{"type":"Feature","properties":{"kind":"station","name":"죽전","major":true},"geometry":{"type":"Point","coordinates":[127.10738,37.32456]}},{"type":"Feature","properties":{"kind":"station","name":"개포동","major":true},"geometry":{"type":"Point","coordinates":[127.06605,37.48908]}},{"type":"Feature","properties":{"kind":"station","name":"한티","major":true},"geometry":{"type":"Point","coordinates":[127.05284,37.49627]}},{"type":"Feature","properties":{"kind":"station","name":"강남구청","major":true},"geometry":{"type":"Point","coordinates":[127.04141,37.51678]}},{"type":"Feature","properties":{"kind":"station","name":"압구정로데오","major":true},"geometry":{"type":"Point","coordinates":[127.04068,37.52782]}},{"type":"Feature","properties":{"kind":"station","name":"구성","major":true},"geometry":{"type":"Point","coordinates":[127.10572,37.29902]}},{"type":"Feature","properties":{"kind":"station","name":"신갈","major":true},"geometry":{"type":"Point","coordinates":[127.11134,37.28612]}},{"type":"Feature","properties":{"kind":"station","name":"상갈","major":true},"geometry":{"type":"Point","coordinates":[127.10887,37.26175]}},{"type":"Feature","properties":{"kind":"station","name":"청명","major":true},"geometry":{"type":"Point","coordinates":[127.07949,37.26]}},{"type":"Feature","properties":{"kind":"station","name":"영통","major":true},"geometry":{"type":"Point","coordinates":[127.07124,37.25138]}},{"type":"Feature","properties":{"kind":"station","name":"망포","major":true},"geometry":{"type":"Point","coordinates":[127.057,37.24564]}},{"type":"Feature","properties":{"kind":"station","name":"매탄권선","major":true},"geometry":{"type":"Point","coordinates":[127.04048,37.25305]}},{"type":"Feature","properties":{"kind":"station","name":"수원시청","major":true},"geometry":{"type":"Point","coordinates":[127.0319,37.26176]}},{"type":"Feature","properties":{"kind":"station","name":"매교","major":true},"geometry":{"type":"Point","coordinates":[127.01571,37.2655]}},{"type":"Feature","properties":{"kind":"station","name":"왕십리","major":true},"geometry":{"type":"Point","coordinates":[127.03852,37.56196]}},{"type":"Feature","properties":{"kind":"station","name":"고색","major":true},"geometry":{"type":"Point","coordinates":[126.98039,37.24983]}},{"type":"Feature","properties":{"kind":"station","name":"선정릉","major":true},"geometry":{"type":"Point","coordinates":[127.0437,37.51067]}},{"type":"Feature","properties":{"kind":"station","name":"공항시장","major":false},"geometry":{"type":"Point","coordinates":[126.81042,37.56342]}},{"type":"Feature","properties":{"kind":"station","name":"양천향교","major":false},"geometry":{"type":"Point","coordinates":[126.8412,37.56848]}},{"type":"Feature","properties":{"kind":"station","name":"가양","major":false},"geometry":{"type":"Point","coordinates":[126.85506,37.56113]}},{"type":"Feature","properties":{"kind":"station","name":"증미","major":false},"geometry":{"type":"Point","coordinates":[126.86193,37.55742]}},{"type":"Feature","properties":{"kind":"station","name":"등촌","major":false},"geometry":{"type":"Point","coordinates":[126.86457,37.55119]}},{"type":"Feature","properties":{"kind":"station","name":"염창","major":false},"geometry":{"type":"Point","coordinates":[126.87544,37.54701]}},{"type":"Feature","properties":{"kind":"station","name":"신목동","major":false},"geometry":{"type":"Point","coordinates":[126.88319,37.54423]}},{"type":"Feature","properties":{"kind":"station","name":"흑석","major":false},"geometry":{"type":"Point","coordinates":[126.96393,37.50837]}},{"type":"Feature","properties":{"kind":"station","name":"구반포","major":false},"geometry":{"type":"Point","coordinates":[126.98679,37.50127]}},{"type":"Feature","properties":{"kind":"station","name":"신반포","major":false},"geometry":{"type":"Point","coordinates":[126.99643,37.50358]}},{"type":"Feature","properties":{"kind":"station","name":"마곡나루","major":false},"geometry":{"type":"Point","coordinates":[126.82771,37.56667]}},{"type":"Feature","properties":{"kind":"station","name":"노량진","major":false},"geometry":{"type":"Point","coordinates":[126.94187,37.51361]}},{"type":"Feature","properties":{"kind":"station","name":"노들","major":false},"geometry":{"type":"Point","coordinates":[126.95358,37.51295]}},{"type":"Feature","properties":{"kind":"station","name":"동작","major":false},"geometry":{"type":"Point","coordinates":[126.97887,37.5026]}},{"type":"Feature","properties":{"kind":"station","name":"김포공항","major":false},"geometry":{"type":"Point","coordinates":[126.80154,37.56197]}},{"type":"Feature","properties":{"kind":"station","name":"선유도","major":false},"geometry":{"type":"Point","coordinates":[126.89386,37.53786]}},{"type":"Feature","properties":{"kind":"station","name":"언주","major":false},"geometry":{"type":"Point","coordinates":[127.03412,37.50737]}},{"type":"Feature","properties":{"kind":"station","name":"봉은사","major":false},"geometry":{"type":"Point","coordinates":[127.06018,37.51415]}},{"type":"Feature","properties":{"kind":"station","name":"고속터미널","major":false},"geometry":{"type":"Point","coordinates":[127.00474,37.50607]}},{"type":"Feature","properties":{"kind":"station","name":"삼성중앙","major":false},"geometry":{"type":"Point","coordinates":[127.05371,37.51307]}},{"type":"Feature","properties":{"kind":"station","name":"사평","major":false},"geometry":{"type":"Point","coordinates":[127.01538,37.50411]}},{"type":"Feature","properties":{"kind":"station","name":"선정릉","major":false},"geometry":{"type":"Point","coordinates":[127.04425,37.51035]}},{"type":"Feature","properties":{"kind":"station","name":"신논현","major":false},"geometry":{"type":"Point","coordinates":[127.02487,37.50455]}},{"type":"Feature","properties":{"kind":"station","name":"종합운동장","major":false},"geometry":{"type":"Point","coordinates":[127.07675,37.51112]}},{"type":"Feature","properties":{"kind":"station","name":"신방화","major":false},"geometry":{"type":"Point","coordinates":[126.81783,37.56741]}},{"type":"Feature","properties":{"kind":"station","name":"개화","major":false},"geometry":{"type":"Point","coordinates":[126.79682,37.57843]}},{"type":"Feature","properties":{"kind":"station","name":"여의도","major":false},"geometry":{"type":"Point","coordinates":[126.92411,37.52171]}},{"type":"Feature","properties":{"kind":"station","name":"중앙보훈병원","major":false},"geometry":{"type":"Point","coordinates":[127.14829,37.52827]}},{"type":"Feature","properties":{"kind":"station","name":"둔촌오륜","major":false},"geometry":{"type":"Point","coordinates":[127.13833,37.51985]}},{"type":"Feature","properties":{"kind":"station","name":"올림픽공원","major":false},"geometry":{"type":"Point","coordinates":[127.1303,37.51608]}},{"type":"Feature","properties":{"kind":"station","name":"석촌","major":false},"geometry":{"type":"Point","coordinates":[127.10686,37.50505]}},{"type":"Feature","properties":{"kind":"station","name":"석촌고분","major":false},"geometry":{"type":"Point","coordinates":[127.09657,37.50242]}},{"type":"Feature","properties":{"kind":"station","name":"한성백제","major":false},"geometry":{"type":"Point","coordinates":[127.11628,37.51671]}},{"type":"Feature","properties":{"kind":"station","name":"송파나루","major":false},"geometry":{"type":"Point","coordinates":[127.11288,37.51123]}},{"type":"Feature","properties":{"kind":"station","name":"삼전","major":false},"geometry":{"type":"Point","coordinates":[127.08719,37.50448]}},{"type":"Feature","properties":{"kind":"station","name":"당산","major":false},"geometry":{"type":"Point","coordinates":[126.90378,37.53291]}},{"type":"Feature","properties":{"kind":"station","name":"국회의사당","major":false},"geometry":{"type":"Point","coordinates":[126.91843,37.52744]}},{"type":"Feature","properties":{"kind":"station","name":"샛강","major":false},"geometry":{"type":"Point","coordinates":[126.9284,37.51728]}},{"type":"Feature","properties":{"kind":"station","name":"암사","major":false},"geometry":{"type":"Point","coordinates":[127.12707,37.549]}},{"type":"Feature","properties":{"kind":"station","name":"산성","major":false},"geometry":{"type":"Point","coordinates":[127.14991,37.45685]}},{"type":"Feature","properties":{"kind":"station","name":"문정","major":false},"geometry":{"type":"Point","coordinates":[127.12248,37.48585]}},{"type":"Feature","properties":{"kind":"station","name":"석촌","major":false},"geometry":{"type":"Point","coordinates":[127.10709,37.5053]}},{"type":"Feature","properties":{"kind":"station","name":"송파","major":false},"geometry":{"type":"Point","coordinates":[127.11225,37.49962]}},{"type":"Feature","properties":{"kind":"station","name":"수진","major":false},"geometry":{"type":"Point","coordinates":[127.14066,37.43746]}},{"type":"Feature","properties":{"kind":"station","name":"단대오거리","major":false},"geometry":{"type":"Point","coordinates":[127.15676,37.44509]}},{"type":"Feature","properties":{"kind":"station","name":"신흥","major":false},"geometry":{"type":"Point","coordinates":[127.14763,37.44101]}},{"type":"Feature","properties":{"kind":"station","name":"몽촌토성","major":false},"geometry":{"type":"Point","coordinates":[127.11265,37.51755]}},{"type":"Feature","properties":{"kind":"station","name":"강동구청","major":false},"geometry":{"type":"Point","coordinates":[127.1206,37.53068]}},{"type":"Feature","properties":{"kind":"station","name":"남위례","major":false},"geometry":{"type":"Point","coordinates":[127.1398,37.46247]}},{"type":"Feature","properties":{"kind":"station","name":"남한산성입구","major":false},"geometry":{"type":"Point","coordinates":[127.1598,37.45158]}},{"type":"Feature","properties":{"kind":"station","name":"복정","major":false},"geometry":{"type":"Point","coordinates":[127.12661,37.47016]}},{"type":"Feature","properties":{"kind":"station","name":"천호","major":false},"geometry":{"type":"Point","coordinates":[127.1232,37.53807]}},{"type":"Feature","properties":{"kind":"station","name":"장지","major":false},"geometry":{"type":"Point","coordinates":[127.12604,37.47889]}},{"type":"Feature","properties":{"kind":"station","name":"잠실","major":false},"geometry":{"type":"Point","coordinates":[127.1035,37.51432]}},{"type":"Feature","properties":{"kind":"station","name":"모란","major":false},"geometry":{"type":"Point","coordinates":[127.13032,37.43403]}},{"type":"Feature","properties":{"kind":"station","name":"가락시장","major":false},"geometry":{"type":"Point","coordinates":[127.11815,37.49319]}},{"type":"Feature","properties":{"kind":"station","name":"암사역사공원","major":false},"geometry":{"type":"Point","coordinates":[127.13651,37.5569]}},{"type":"Feature","properties":{"kind":"station","name":"장자호수공원","major":false},"geometry":{"type":"Point","coordinates":[127.13785,37.58649]}},{"type":"Feature","properties":{"kind":"station","name":"별내","major":false},"geometry":{"type":"Point","coordinates":[127.12802,37.6418]}},{"type":"Feature","properties":{"kind":"station","name":"다산","major":false},"geometry":{"type":"Point","coordinates":[127.14962,37.62375]}},{"type":"Feature","properties":{"kind":"station","name":"동구릉","major":false},"geometry":{"type":"Point","coordinates":[127.13813,37.61017]}},{"type":"Feature","properties":{"kind":"station","name":"구리","major":false},"geometry":{"type":"Point","coordinates":[127.14102,37.60164]}},{"type":"Feature","properties":{"kind":"station","name":"계양","major":true},"geometry":{"type":"Point","coordinates":[126.73635,37.57179]}},{"type":"Feature","properties":{"kind":"station","name":"서울","major":true},"geometry":{"type":"Point","coordinates":[126.96981,37.55411]}},{"type":"Feature","properties":{"kind":"station","name":"공덕","major":true},"geometry":{"type":"Point","coordinates":[126.95225,37.54242]}},{"type":"Feature","properties":{"kind":"station","name":"김포공항","major":true},"geometry":{"type":"Point","coordinates":[126.80155,37.56179]}},{"type":"Feature","properties":{"kind":"station","name":"검암","major":true},"geometry":{"type":"Point","coordinates":[126.67368,37.56916]}},{"type":"Feature","properties":{"kind":"station","name":"청라국제도시","major":true},"geometry":{"type":"Point","coordinates":[126.62467,37.5565]}},{"type":"Feature","properties":{"kind":"station","name":"영종","major":true},"geometry":{"type":"Point","coordinates":[126.52486,37.51202]}},{"type":"Feature","properties":{"kind":"station","name":"운서","major":true},"geometry":{"type":"Point","coordinates":[126.49371,37.49284]}},{"type":"Feature","properties":{"kind":"station","name":"공항화물청사","major":true},"geometry":{"type":"Point","coordinates":[126.47763,37.45891]}},{"type":"Feature","properties":{"kind":"station","name":"인천공항1터미널","major":true},"geometry":{"type":"Point","coordinates":[126.4527,37.44726]}},{"type":"Feature","properties":{"kind":"station","name":"인천공항2터미널","major":true},"geometry":{"type":"Point","coordinates":[126.4335,37.46889]}},{"type":"Feature","properties":{"kind":"station","name":"마곡나루","major":true},"geometry":{"type":"Point","coordinates":[126.8276,37.5657]}},{"type":"Feature","properties":{"kind":"station","name":"김량장","major":false},"geometry":{"type":"Point","coordinates":[127.19845,37.23729]}},{"type":"Feature","properties":{"kind":"station","name":"용인중앙시장","major":false},"geometry":{"type":"Point","coordinates":[127.20884,37.23782]}},{"type":"Feature","properties":{"kind":"station","name":"명지대","major":false},"geometry":{"type":"Point","coordinates":[127.19008,37.23808]}},{"type":"Feature","properties":{"kind":"station","name":"시청·용인대","major":false},"geometry":{"type":"Point","coordinates":[127.17867,37.23934]}},{"type":"Feature","properties":{"kind":"station","name":"삼가","major":false},"geometry":{"type":"Point","coordinates":[127.16815,37.24227]}},{"type":"Feature","properties":{"kind":"station","name":"고진","major":false},"geometry":{"type":"Point","coordinates":[127.21411,37.24441]}},{"type":"Feature","properties":{"kind":"station","name":"보평","major":false},"geometry":{"type":"Point","coordinates":[127.21855,37.25874]}},{"type":"Feature","properties":{"kind":"station","name":"초당","major":false},"geometry":{"type":"Point","coordinates":[127.15946,37.26092]}},{"type":"Feature","properties":{"kind":"station","name":"둔전","major":false},"geometry":{"type":"Point","coordinates":[127.21364,37.26706]}},{"type":"Feature","properties":{"kind":"station","name":"동백","major":false},"geometry":{"type":"Point","coordinates":[127.15269,37.26915]}},{"type":"Feature","properties":{"kind":"station","name":"지석","major":false},"geometry":{"type":"Point","coordinates":[127.13647,37.26964]}},{"type":"Feature","properties":{"kind":"station","name":"강남대","major":false},"geometry":{"type":"Point","coordinates":[127.126,37.27027]}},{"type":"Feature","properties":{"kind":"station","name":"어정","major":false},"geometry":{"type":"Point","coordinates":[127.14354,37.2749]}},{"type":"Feature","properties":{"kind":"station","name":"전대·에버랜드","major":false},"geometry":{"type":"Point","coordinates":[127.21967,37.28524]}},{"type":"Feature","properties":{"kind":"station","name":"기흥","major":false},"geometry":{"type":"Point","coordinates":[127.11649,37.2755]}},{"type":"Feature","properties":{"kind":"station","name":"석계","major":false},"geometry":{"type":"Point","coordinates":[127.06577,37.61488]}},{"type":"Feature","properties":{"kind":"station","name":"삼각지","major":false},"geometry":{"type":"Point","coordinates":[126.9739,37.53559]}},{"type":"Feature","properties":{"kind":"station","name":"증산","major":false},"geometry":{"type":"Point","coordinates":[126.90986,37.58413]}},{"type":"Feature","properties":{"kind":"station","name":"역촌","major":false},"geometry":{"type":"Point","coordinates":[126.9228,37.60605]}},{"type":"Feature","properties":{"kind":"station","name":"구산","major":false},"geometry":{"type":"Point","coordinates":[126.9171,37.61104]}},{"type":"Feature","properties":{"kind":"station","name":"안암","major":false},"geometry":{"type":"Point","coordinates":[127.02933,37.58628]}},{"type":"Feature","properties":{"kind":"station","name":"창신","major":false},"geometry":{"type":"Point","coordinates":[127.01527,37.57979]}},{"type":"Feature","properties":{"kind":"station","name":"돌곶이","major":false},"geometry":{"type":"Point","coordinates":[127.05649,37.61053]}},{"type":"Feature","properties":{"kind":"station","name":"상월곡","major":false},"geometry":{"type":"Point","coordinates":[127.04826,37.60621]}},{"type":"Feature","properties":{"kind":"station","name":"월곡","major":false},"geometry":{"type":"Point","coordinates":[127.04149,37.60192]}},{"type":"Feature","properties":{"kind":"station","name":"고려대","major":false},"geometry":{"type":"Point","coordinates":[127.03594,37.58975]}},{"type":"Feature","properties":{"kind":"station","name":"봉화산","major":false},"geometry":{"type":"Point","coordinates":[127.09107,37.61739]}},{"type":"Feature","properties":{"kind":"station","name":"화랑대","major":false},"geometry":{"type":"Point","coordinates":[127.08372,37.61976]}},{"type":"Feature","properties":{"kind":"station","name":"마포구청","major":false},"geometry":{"type":"Point","coordinates":[126.90337,37.56352]}},{"type":"Feature","properties":{"kind":"station","name":"망원","major":false},"geometry":{"type":"Point","coordinates":[126.91012,37.55598]}},{"type":"Feature","properties":{"kind":"station","name":"월드컵경기장","major":false},"geometry":{"type":"Point","coordinates":[126.89929,37.57016]}},{"type":"Feature","properties":{"kind":"station","name":"광흥창","major":false},"geometry":{"type":"Point","coordinates":[126.932,37.54745]}},{"type":"Feature","properties":{"kind":"station","name":"대흥","major":false},"geometry":{"type":"Point","coordinates":[126.94232,37.54769]}},{"type":"Feature","properties":{"kind":"station","name":"상수","major":false},"geometry":{"type":"Point","coordinates":[126.92292,37.54774]}},{"type":"Feature","properties":{"kind":"station","name":"녹사평","major":false},"geometry":{"type":"Point","coordinates":[126.9865,37.53473]}},{"type":"Feature","properties":{"kind":"station","name":"이태원","major":false},"geometry":{"type":"Point","coordinates":[126.99439,37.53448]}},{"type":"Feature","properties":{"kind":"station","name":"효창공원앞","major":false},"geometry":{"type":"Point","coordinates":[126.96135,37.53931]}},{"type":"Feature","properties":{"kind":"station","name":"한강진","major":false},"geometry":{"type":"Point","coordinates":[127.00176,37.53982]}},{"type":"Feature","properties":{"kind":"station","name":"버티고개","major":false},"geometry":{"type":"Point","coordinates":[127.00668,37.54823]}},{"type":"Feature","properties":{"kind":"station","name":"새절","major":false},"geometry":{"type":"Point","coordinates":[126.91348,37.59109]}},{"type":"Feature","properties":{"kind":"station","name":"신당","major":false},"geometry":{"type":"Point","coordinates":[127.01622,37.5664]}},{"type":"Feature","properties":{"kind":"station","name":"동묘앞","major":false},"geometry":{"type":"Point","coordinates":[127.0158,37.57141]}},{"type":"Feature","properties":{"kind":"station","name":"합정","major":false},"geometry":{"type":"Point","coordinates":[126.91346,37.54921]}},{"type":"Feature","properties":{"kind":"station","name":"약수","major":false},"geometry":{"type":"Point","coordinates":[127.0104,37.55416]}},{"type":"Feature","properties":{"kind":"station","name":"보문","major":false},"geometry":{"type":"Point","coordinates":[127.01933,37.58526]}},{"type":"Feature","properties":{"kind":"station","name":"응암","major":false},"geometry":{"type":"Point","coordinates":[126.91547,37.59844]}},{"type":"Feature","properties":{"kind":"station","name":"응암","major":false},"geometry":{"type":"Point","coordinates":[126.9157,37.59877]}},{"type":"Feature","properties":{"kind":"station","name":"공덕","major":false},"geometry":{"type":"Point","coordinates":[126.95152,37.54364]}},{"type":"Feature","properties":{"kind":"station","name":"디지털미디어시티","major":false},"geometry":{"type":"Point","coordinates":[126.90144,37.57622]}},{"type":"Feature","properties":{"kind":"station","name":"불광","major":false},"geometry":{"type":"Point","coordinates":[126.92922,37.61074]}},{"type":"Feature","properties":{"kind":"station","name":"청구","major":false},"geometry":{"type":"Point","coordinates":[127.01385,37.56029]}},{"type":"Feature","properties":{"kind":"station","name":"태릉입구","major":false},"geometry":{"type":"Point","coordinates":[127.07453,37.61722]}},{"type":"Feature","properties":{"kind":"station","name":"연신내","major":false},"geometry":{"type":"Point","coordinates":[126.92053,37.61863]}},{"type":"Feature","properties":{"kind":"station","name":"독바위","major":false},"geometry":{"type":"Point","coordinates":[126.93306,37.61845]}},{"type":"Feature","properties":{"kind":"station","name":"거여","major":false},"geometry":{"type":"Point","coordinates":[127.14377,37.49338]}},{"type":"Feature","properties":{"kind":"station","name":"개롱","major":false},"geometry":{"type":"Point","coordinates":[127.13485,37.49811]}},{"type":"Feature","properties":{"kind":"station","name":"오금","major":false},"geometry":{"type":"Point","coordinates":[127.12784,37.50223]}},{"type":"Feature","properties":{"kind":"station","name":"방이","major":false},"geometry":{"type":"Point","coordinates":[127.12607,37.50862]}},{"type":"Feature","properties":{"kind":"station","name":"올림픽공원","major":false},"geometry":{"type":"Point","coordinates":[127.13096,37.51613]}},{"type":"Feature","properties":{"kind":"station","name":"마천","major":false},"geometry":{"type":"Point","coordinates":[127.15275,37.49499]}},{"type":"Feature","properties":{"kind":"station","name":"둔촌동","major":false},"geometry":{"type":"Point","coordinates":[127.13628,37.52779]}},{"type":"Feature","properties":{"kind":"station","name":"강동","major":false},"geometry":{"type":"Point","coordinates":[127.13264,37.53586]}},{"type":"Feature","properties":{"kind":"station","name":"금천구청","major":true},"geometry":{"type":"Point","coordinates":[126.89348,37.4564]}},{"type":"Feature","properties":{"kind":"station","name":"영등포","major":true},"geometry":{"type":"Point","coordinates":[126.90729,37.51545]}},{"type":"Feature","properties":{"kind":"station","name":"가산디지털단지","major":true},"geometry":{"type":"Point","coordinates":[126.88216,37.48238]}},{"type":"Feature","properties":{"kind":"station","name":"독산","major":true},"geometry":{"type":"Point","coordinates":[126.88904,37.46688]}},{"type":"Feature","properties":{"kind":"station","name":"광명","major":false},"geometry":{"type":"Point","coordinates":[126.8847,37.41699]}},{"type":"Feature","properties":{"kind":"station","name":"구로","major":true},"geometry":{"type":"Point","coordinates":[126.88237,37.50335]}},{"type":"Feature","properties":{"kind":"station","name":"신도림","major":true},"geometry":{"type":"Point","coordinates":[126.89362,37.50987]}},{"type":"Feature","properties":{"kind":"station","name":"금릉","major":true},"geometry":{"type":"Point","coordinates":[126.76503,37.75189]}},{"type":"Feature","properties":{"kind":"station","name":"양정","major":true},"geometry":{"type":"Point","coordinates":[127.19412,37.60468]}},{"type":"Feature","properties":{"kind":"station","name":"이촌","major":true},"geometry":{"type":"Point","coordinates":[126.97279,37.52259]}},{"type":"Feature","properties":{"kind":"station","name":"수색","major":true},"geometry":{"type":"Point","coordinates":[126.89502,37.58097]}},{"type":"Feature","properties":{"kind":"station","name":"홍대입구","major":true},"geometry":{"type":"Point","coordinates":[126.92602,37.55805]}},{"type":"Feature","properties":{"kind":"station","name":"서강대","major":true},"geometry":{"type":"Point","coordinates":[126.93427,37.55299]}},{"type":"Feature","properties":{"kind":"station","name":"디지털미디어시티","major":true},"geometry":{"type":"Point","coordinates":[126.89967,37.57784]}},{"type":"Feature","properties":{"kind":"station","name":"도농","major":true},"geometry":{"type":"Point","coordinates":[127.16122,37.60878]}},{"type":"Feature","properties":{"kind":"station","name":"망우","major":true},"geometry":{"type":"Point","coordinates":[127.09157,37.59897]}},{"type":"Feature","properties":{"kind":"station","name":"회기","major":true},"geometry":{"type":"Point","coordinates":[127.0573,37.58917]}},{"type":"Feature","properties":{"kind":"station","name":"신원","major":true},"geometry":{"type":"Point","coordinates":[127.37246,37.52624]}},{"type":"Feature","properties":{"kind":"station","name":"국수","major":true},"geometry":{"type":"Point","coordinates":[127.39825,37.51591]}},{"type":"Feature","properties":{"kind":"station","name":"아신","major":true},"geometry":{"type":"Point","coordinates":[127.44215,37.51417]}},{"type":"Feature","properties":{"kind":"station","name":"오빈","major":true},"geometry":{"type":"Point","coordinates":[127.47267,37.50644]}},{"type":"Feature","properties":{"kind":"station","name":"양평","major":true},"geometry":{"type":"Point","coordinates":[127.49127,37.49346]}},{"type":"Feature","properties":{"kind":"station","name":"원덕","major":true},"geometry":{"type":"Point","coordinates":[127.54545,37.46897]}},{"type":"Feature","properties":{"kind":"station","name":"용문","major":true},"geometry":{"type":"Point","coordinates":[127.59479,37.48205]}},{"type":"Feature","properties":{"kind":"station","name":"팔당","major":true},"geometry":{"type":"Point","coordinates":[127.24298,37.54812]}},{"type":"Feature","properties":{"kind":"station","name":"운길산","major":true},"geometry":{"type":"Point","coordinates":[127.30897,37.55518]}},{"type":"Feature","properties":{"kind":"station","name":"양수","major":true},"geometry":{"type":"Point","coordinates":[127.32814,37.54641]}},{"type":"Feature","properties":{"kind":"station","name":"응봉","major":true},"geometry":{"type":"Point","coordinates":[127.03426,37.54955]}},{"type":"Feature","properties":{"kind":"station","name":"왕십리","major":true},"geometry":{"type":"Point","coordinates":[127.03858,37.56133]}},{"type":"Feature","properties":{"kind":"station","name":"중랑","major":true},"geometry":{"type":"Point","coordinates":[127.07535,37.5947]}},{"type":"Feature","properties":{"kind":"station","name":"상봉","major":true},"geometry":{"type":"Point","coordinates":[127.08431,37.59656]}},{"type":"Feature","properties":{"kind":"station","name":"양원","major":true},"geometry":{"type":"Point","coordinates":[127.10723,37.60642]}},{"type":"Feature","properties":{"kind":"station","name":"구리","major":true},"geometry":{"type":"Point","coordinates":[127.14243,37.60298]}},{"type":"Feature","properties":{"kind":"station","name":"덕소","major":true},"geometry":{"type":"Point","coordinates":[127.20766,37.58752]}},{"type":"Feature","properties":{"kind":"station","name":"도심","major":true},"geometry":{"type":"Point","coordinates":[127.22176,37.57988]}},{"type":"Feature","properties":{"kind":"station","name":"금촌","major":true},"geometry":{"type":"Point","coordinates":[126.77536,37.7666]}},{"type":"Feature","properties":{"kind":"station","name":"월롱","major":true},"geometry":{"type":"Point","coordinates":[126.79303,37.79743]}},{"type":"Feature","properties":{"kind":"station","name":"파주","major":true},"geometry":{"type":"Point","coordinates":[126.79221,37.81573]}},{"type":"Feature","properties":{"kind":"station","name":"문산","major":true},"geometry":{"type":"Point","coordinates":[126.78799,37.85531]}},{"type":"Feature","properties":{"kind":"station","name":"한국항공대","major":true},"geometry":{"type":"Point","coordinates":[126.86776,37.60323]}},{"type":"Feature","properties":{"kind":"station","name":"곡산","major":true},"geometry":{"type":"Point","coordinates":[126.80141,37.64638]}},{"type":"Feature","properties":{"kind":"station","name":"풍산","major":true},"geometry":{"type":"Point","coordinates":[126.78592,37.67287]}},{"type":"Feature","properties":{"kind":"station","name":"일산","major":true},"geometry":{"type":"Point","coordinates":[126.76985,37.68201]}},{"type":"Feature","properties":{"kind":"station","name":"탄현","major":true},"geometry":{"type":"Point","coordinates":[126.76101,37.69469]}},{"type":"Feature","properties":{"kind":"station","name":"야당","major":true},"geometry":{"type":"Point","coordinates":[126.76161,37.71326]}},{"type":"Feature","properties":{"kind":"station","name":"옥수","major":true},"geometry":{"type":"Point","coordinates":[127.0179,37.53993]}},{"type":"Feature","properties":{"kind":"station","name":"한남","major":true},"geometry":{"type":"Point","coordinates":[127.00853,37.52915]}},{"type":"Feature","properties":{"kind":"station","name":"서빙고","major":true},"geometry":{"type":"Point","coordinates":[126.98728,37.51952]}},{"type":"Feature","properties":{"kind":"station","name":"용산","major":true},"geometry":{"type":"Point","coordinates":[126.96637,37.53056]}},{"type":"Feature","properties":{"kind":"station","name":"효창공원앞","major":true},"geometry":{"type":"Point","coordinates":[126.9615,37.5388]}},{"type":"Feature","properties":{"kind":"station","name":"공덕","major":true},"geometry":{"type":"Point","coordinates":[126.95107,37.543]}},{"type":"Feature","properties":{"kind":"station","name":"가좌","major":true},"geometry":{"type":"Point","coordinates":[126.91415,37.56885]}},{"type":"Feature","properties":{"kind":"station","name":"강매","major":true},"geometry":{"type":"Point","coordinates":[126.84428,37.61214]}},{"type":"Feature","properties":{"kind":"station","name":"행신","major":true},"geometry":{"type":"Point","coordinates":[126.83419,37.61199]}},{"type":"Feature","properties":{"kind":"station","name":"능곡","major":true},"geometry":{"type":"Point","coordinates":[126.81975,37.61935]}},{"type":"Feature","properties":{"kind":"station","name":"청량리","major":true},"geometry":{"type":"Point","coordinates":[127.04822,37.58064]}},{"type":"Feature","properties":{"kind":"station","name":"대곡","major":true},"geometry":{"type":"Point","coordinates":[126.80932,37.63254]}},{"type":"Feature","properties":{"kind":"station","name":"운정","major":true},"geometry":{"type":"Point","coordinates":[126.76744,37.72624]}},{"type":"Feature","properties":{"kind":"station","name":"백마","major":true},"geometry":{"type":"Point","coordinates":[126.79418,37.65877]}},{"type":"Feature","properties":{"kind":"station","name":"청계산입구","major":true},"geometry":{"type":"Point","coordinates":[127.05457,37.44839]}},{"type":"Feature","properties":{"kind":"station","name":"양재시민의숲","major":true},"geometry":{"type":"Point","coordinates":[127.03836,37.47014]}},{"type":"Feature","properties":{"kind":"station","name":"정자","major":true},"geometry":{"type":"Point","coordinates":[127.10843,37.36737]}},{"type":"Feature","properties":{"kind":"station","name":"양재","major":true},"geometry":{"type":"Point","coordinates":[127.03469,37.48382]}},{"type":"Feature","properties":{"kind":"station","name":"상현","major":true},"geometry":{"type":"Point","coordinates":[127.06934,37.29741]}},{"type":"Feature","properties":{"kind":"station","name":"광교중앙","major":true},"geometry":{"type":"Point","coordinates":[127.0515,37.28855]}},{"type":"Feature","properties":{"kind":"station","name":"광교","major":true},"geometry":{"type":"Point","coordinates":[127.04352,37.30248]}},{"type":"Feature","properties":{"kind":"station","name":"동천","major":true},"geometry":{"type":"Point","coordinates":[127.10285,37.33788]}},{"type":"Feature","properties":{"kind":"station","name":"판교","major":true},"geometry":{"type":"Point","coordinates":[127.11119,37.39436]}},{"type":"Feature","properties":{"kind":"station","name":"강남","major":true},"geometry":{"type":"Point","coordinates":[127.02799,37.49712]}},{"type":"Feature","properties":{"kind":"station","name":"미금","major":true},"geometry":{"type":"Point","coordinates":[127.10891,37.34999]}},{"type":"Feature","properties":{"kind":"station","name":"성복","major":true},"geometry":{"type":"Point","coordinates":[127.08031,37.31341]}},{"type":"Feature","properties":{"kind":"station","name":"수지구청","major":true},"geometry":{"type":"Point","coordinates":[127.09476,37.32249]}},{"type":"Feature","properties":{"kind":"station","name":"논현","major":true},"geometry":{"type":"Point","coordinates":[127.0219,37.50995]}},{"type":"Feature","properties":{"kind":"station","name":"신논현","major":true},"geometry":{"type":"Point","coordinates":[127.02492,37.50357]}},{"type":"Feature","properties":{"kind":"station","name":"신사","major":true},"geometry":{"type":"Point","coordinates":[127.01966,37.51575]}},{"type":"Feature","properties":{"kind":"station","name":"삼동","major":true},"geometry":{"type":"Point","coordinates":[127.20337,37.40867]}},{"type":"Feature","properties":{"kind":"station","name":"이매","major":true},"geometry":{"type":"Point","coordinates":[127.1276,37.39469]}},{"type":"Feature","properties":{"kind":"station","name":"판교","major":true},"geometry":{"type":"Point","coordinates":[127.11157,37.39476]}},{"type":"Feature","properties":{"kind":"station","name":"곤지암","major":true},"geometry":{"type":"Point","coordinates":[127.34629,37.35052]}},{"type":"Feature","properties":{"kind":"station","name":"초월","major":true},"geometry":{"type":"Point","coordinates":[127.30047,37.37317]}},{"type":"Feature","properties":{"kind":"station","name":"경기광주","major":true},"geometry":{"type":"Point","coordinates":[127.2533,37.39892]}},{"type":"Feature","properties":{"kind":"station","name":"여주","major":true},"geometry":{"type":"Point","coordinates":[127.62901,37.28282]}},{"type":"Feature","properties":{"kind":"station","name":"세종대왕릉","major":true},"geometry":{"type":"Point","coordinates":[127.57065,37.29364]}},{"type":"Feature","properties":{"kind":"station","name":"부발","major":true},"geometry":{"type":"Point","coordinates":[127.49031,37.26043]}},{"type":"Feature","properties":{"kind":"station","name":"이천","major":true},"geometry":{"type":"Point","coordinates":[127.44218,37.26425]}},{"type":"Feature","properties":{"kind":"station","name":"신둔도예촌","major":true},"geometry":{"type":"Point","coordinates":[127.40528,37.31568]}},{"type":"Feature","properties":{"kind":"station","name":"성남","major":true},"geometry":{"type":"Point","coordinates":[127.12062,37.39475]}},{"type":"Feature","properties":{"kind":"station","name":"부전","major":true},"geometry":{"type":"Point","coordinates":[129.05922,35.16373]}},{"type":"Feature","properties":{"kind":"station","name":"오시리아","major":true},"geometry":{"type":"Point","coordinates":[129.20899,35.19692]}},{"type":"Feature","properties":{"kind":"station","name":"동래","major":true},"geometry":{"type":"Point","coordinates":[129.09223,35.19702]}},{"type":"Feature","properties":{"kind":"station","name":"일광","major":true},"geometry":{"type":"Point","coordinates":[129.23356,35.26928]}},{"type":"Feature","properties":{"kind":"station","name":"벡스코","major":true},"geometry":{"type":"Point","coordinates":[129.13682,35.17121]}},{"type":"Feature","properties":{"kind":"station","name":"거제","major":true},"geometry":{"type":"Point","coordinates":[129.07493,35.19016]}},{"type":"Feature","properties":{"kind":"station","name":"교대","major":true},"geometry":{"type":"Point","coordinates":[129.0805,35.1943]}},{"type":"Feature","properties":{"kind":"station","name":"재송","major":true},"geometry":{"type":"Point","coordinates":[129.1202,35.18741]}},{"type":"Feature","properties":{"kind":"station","name":"신해운대","major":true},"geometry":{"type":"Point","coordinates":[129.1772,35.18166]}},{"type":"Feature","properties":{"kind":"station","name":"송정","major":true},"geometry":{"type":"Point","coordinates":[129.20243,35.18836]}},{"type":"Feature","properties":{"kind":"station","name":"센텀","major":true},"geometry":{"type":"Point","coordinates":[129.12535,35.17847]}},{"type":"Feature","properties":{"kind":"station","name":"안락","major":true},"geometry":{"type":"Point","coordinates":[129.10153,35.19603]}},{"type":"Feature","properties":{"kind":"station","name":"기장","major":true},"geometry":{"type":"Point","coordinates":[129.21888,35.24534]}},{"type":"Feature","properties":{"kind":"station","name":"부산원동","major":true},"geometry":{"type":"Point","coordinates":[129.11472,35.19358]}},{"type":"Feature","properties":{"kind":"station","name":"좌천","major":true},"geometry":{"type":"Point","coordinates":[129.24577,35.31238]}},{"type":"Feature","properties":{"kind":"station","name":"월내","major":true},"geometry":{"type":"Point","coordinates":[129.27711,35.32862]}},{"type":"Feature","properties":{"kind":"station","name":"서생","major":true},"geometry":{"type":"Point","coordinates":[129.29307,35.34684]}},{"type":"Feature","properties":{"kind":"station","name":"남창","major":true},"geometry":{"type":"Point","coordinates":[129.2817,35.42055]}},{"type":"Feature","properties":{"kind":"station","name":"망양","major":true},"geometry":{"type":"Point","coordinates":[129.28805,35.45724]}},{"type":"Feature","properties":{"kind":"station","name":"덕하","major":true},"geometry":{"type":"Point","coordinates":[129.30345,35.49473]}},{"type":"Feature","properties":{"kind":"station","name":"개운포","major":true},"geometry":{"type":"Point","coordinates":[129.32194,35.50822]}},{"type":"Feature","properties":{"kind":"station","name":"거제해맞이","major":true},"geometry":{"type":"Point","coordinates":[129.06931,35.18206]}},{"type":"Feature","properties":{"kind":"station","name":"태화강","major":true},"geometry":{"type":"Point","coordinates":[129.35358,35.53833]}},{"type":"Feature","properties":{"kind":"station","name":"반석","major":false},"geometry":{"type":"Point","coordinates":[127.31512,36.39149]}},{"type":"Feature","properties":{"kind":"station","name":"시청","major":false},"geometry":{"type":"Point","coordinates":[127.38655,36.35146]}},{"type":"Feature","properties":{"kind":"station","name":"판암","major":false},"geometry":{"type":"Point","coordinates":[127.4593,36.31699]}},{"type":"Feature","properties":{"kind":"station","name":"지족","major":false},"geometry":{"type":"Point","coordinates":[127.31947,36.38443]}},{"type":"Feature","properties":{"kind":"station","name":"노은","major":false},"geometry":{"type":"Point","coordinates":[127.31785,36.37412]}},{"type":"Feature","properties":{"kind":"station","name":"현충원","major":false},"geometry":{"type":"Point","coordinates":[127.32141,36.35939]}},{"type":"Feature","properties":{"kind":"station","name":"구암","major":false},"geometry":{"type":"Point","coordinates":[127.33064,36.35669]}},{"type":"Feature","properties":{"kind":"station","name":"유성온천","major":false},"geometry":{"type":"Point","coordinates":[127.34168,36.35369]}},{"type":"Feature","properties":{"kind":"station","name":"갑천","major":false},"geometry":{"type":"Point","coordinates":[127.35459,36.35452]}},{"type":"Feature","properties":{"kind":"station","name":"월평","major":false},"geometry":{"type":"Point","coordinates":[127.36457,36.3583]}},{"type":"Feature","properties":{"kind":"station","name":"갈마","major":false},"geometry":{"type":"Point","coordinates":[127.37279,36.35762]}},{"type":"Feature","properties":{"kind":"station","name":"정부청사","major":false},"geometry":{"type":"Point","coordinates":[127.38161,36.35758]}},{"type":"Feature","properties":{"kind":"station","name":"탄방","major":false},"geometry":{"type":"Point","coordinates":[127.38461,36.34597]}},{"type":"Feature","properties":{"kind":"station","name":"용문","major":false},"geometry":{"type":"Point","coordinates":[127.3932,36.33819]}},{"type":"Feature","properties":{"kind":"station","name":"오룡","major":false},"geometry":{"type":"Point","coordinates":[127.40503,36.32837]}},{"type":"Feature","properties":{"kind":"station","name":"서대전네거리","major":false},"geometry":{"type":"Point","coordinates":[127.41249,36.32237]}},{"type":"Feature","properties":{"kind":"station","name":"중구청","major":false},"geometry":{"type":"Point","coordinates":[127.41961,36.32476]}},{"type":"Feature","properties":{"kind":"station","name":"중앙로","major":false},"geometry":{"type":"Point","coordinates":[127.42592,36.32857]}},{"type":"Feature","properties":{"kind":"station","name":"대전","major":false},"geometry":{"type":"Point","coordinates":[127.43338,36.33132]}},{"type":"Feature","properties":{"kind":"station","name":"대동","major":false},"geometry":{"type":"Point","coordinates":[127.44286,36.32941]}},{"type":"Feature","properties":{"kind":"station","name":"신흥","major":false},"geometry":{"type":"Point","coordinates":[127.44893,36.31956]}},{"type":"Feature","properties":{"kind":"station","name":"월드컵경기장","major":false},"geometry":{"type":"Point","coordinates":[127.31785,36.36679]}},{"type":"Feature","properties":{"kind":"station","name":"검단오류","major":false},"geometry":{"type":"Point","coordinates":[126.62829,37.5949]}},{"type":"Feature","properties":{"kind":"station","name":"왕길","major":false},"geometry":{"type":"Point","coordinates":[126.64275,37.59528]}},{"type":"Feature","properties":{"kind":"station","name":"검단사거리","major":false},"geometry":{"type":"Point","coordinates":[126.65709,37.60194]}},{"type":"Feature","properties":{"kind":"station","name":"마전","major":false},"geometry":{"type":"Point","coordinates":[126.66735,37.59744]}},{"type":"Feature","properties":{"kind":"station","name":"완정","major":false},"geometry":{"type":"Point","coordinates":[126.67288,37.59259]}},{"type":"Feature","properties":{"kind":"station","name":"독정","major":false},"geometry":{"type":"Point","coordinates":[126.67594,37.58475]}},{"type":"Feature","properties":{"kind":"station","name":"검암","major":false},"geometry":{"type":"Point","coordinates":[126.6757,37.56852]}},{"type":"Feature","properties":{"kind":"station","name":"검바위","major":false},"geometry":{"type":"Point","coordinates":[126.67747,37.56089]}},{"type":"Feature","properties":{"kind":"station","name":"아시아드경기장","major":false},"geometry":{"type":"Point","coordinates":[126.67704,37.55102]}},{"type":"Feature","properties":{"kind":"station","name":"서구청","major":false},"geometry":{"type":"Point","coordinates":[126.67674,37.54332]}},{"type":"Feature","properties":{"kind":"station","name":"가정","major":false},"geometry":{"type":"Point","coordinates":[126.67524,37.52411]}},{"type":"Feature","properties":{"kind":"station","name":"가정중앙시장","major":false},"geometry":{"type":"Point","coordinates":[126.67674,37.51709]}},{"type":"Feature","properties":{"kind":"station","name":"석남","major":false},"geometry":{"type":"Point","coordinates":[126.67612,37.50639]}},{"type":"Feature","properties":{"kind":"station","name":"서부여성회관","major":false},"geometry":{"type":"Point","coordinates":[126.67571,37.49954]}},{"type":"Feature","properties":{"kind":"station","name":"인천가좌","major":false},"geometry":{"type":"Point","coordinates":[126.67513,37.4896]}},{"type":"Feature","properties":{"kind":"station","name":"가재울","major":false},"geometry":{"type":"Point","coordinates":[126.68445,37.48357]}},{"type":"Feature","properties":{"kind":"station","name":"주안국가산단","major":false},"geometry":{"type":"Point","coordinates":[126.68086,37.47322]}},{"type":"Feature","properties":{"kind":"station","name":"주안","major":false},"geometry":{"type":"Point","coordinates":[126.67887,37.4649]}},{"type":"Feature","properties":{"kind":"station","name":"시민공원","major":false},"geometry":{"type":"Point","coordinates":[126.6813,37.45836]}},{"type":"Feature","properties":{"kind":"station","name":"석바위시장","major":false},"geometry":{"type":"Point","coordinates":[126.69292,37.45761]}},{"type":"Feature","properties":{"kind":"station","name":"인천시청","major":false},"geometry":{"type":"Point","coordinates":[126.70287,37.45673]}},{"type":"Feature","properties":{"kind":"station","name":"석천사거리","major":false},"geometry":{"type":"Point","coordinates":[126.7112,37.45665]}},{"type":"Feature","properties":{"kind":"station","name":"모래내시장","major":false},"geometry":{"type":"Point","coordinates":[126.71998,37.4558]}},{"type":"Feature","properties":{"kind":"station","name":"만수","major":false},"geometry":{"type":"Point","coordinates":[126.73226,37.45492]}},{"type":"Feature","properties":{"kind":"station","name":"남동구청","major":false},"geometry":{"type":"Point","coordinates":[126.73733,37.44812]}},{"type":"Feature","properties":{"kind":"station","name":"인천대공원","major":false},"geometry":{"type":"Point","coordinates":[126.75332,37.44843]}},{"type":"Feature","properties":{"kind":"station","name":"운연","major":false},"geometry":{"type":"Point","coordinates":[126.75949,37.43931]}},{"type":"Feature","properties":{"kind":"station","name":"의정부시청","major":false},"geometry":{"type":"Point","coordinates":[127.0349,37.7394]}},{"type":"Feature","properties":{"kind":"station","name":"탑석","major":false},"geometry":{"type":"Point","coordinates":[127.08894,37.73348]}},{"type":"Feature","properties":{"kind":"station","name":"효자","major":false},"geometry":{"type":"Point","coordinates":[127.0774,37.75399]}},{"type":"Feature","properties":{"kind":"station","name":"발곡","major":false},"geometry":{"type":"Point","coordinates":[127.05293,37.727]}},{"type":"Feature","properties":{"kind":"station","name":"회룡","major":false},"geometry":{"type":"Point","coordinates":[127.04715,37.72503]}},{"type":"Feature","properties":{"kind":"station","name":"범골","major":false},"geometry":{"type":"Point","coordinates":[127.0437,37.7289]}},{"type":"Feature","properties":{"kind":"station","name":"의정부중앙","major":false},"geometry":{"type":"Point","coordinates":[127.04987,37.74368]}},{"type":"Feature","properties":{"kind":"station","name":"동오","major":false},"geometry":{"type":"Point","coordinates":[127.05718,37.74535]}},{"type":"Feature","properties":{"kind":"station","name":"경기도청북부청사","major":false},"geometry":{"type":"Point","coordinates":[127.07181,37.75075]}},{"type":"Feature","properties":{"kind":"station","name":"송산","major":false},"geometry":{"type":"Point","coordinates":[127.0873,37.73711]}},{"type":"Feature","properties":{"kind":"station","name":"어룡","major":false},"geometry":{"type":"Point","coordinates":[127.08524,37.74254]}},{"type":"Feature","properties":{"kind":"station","name":"곤제","major":false},"geometry":{"type":"Point","coordinates":[127.0839,37.75035]}},{"type":"Feature","properties":{"kind":"station","name":"흥선","major":false},"geometry":{"type":"Point","coordinates":[127.03741,37.74327]}},{"type":"Feature","properties":{"kind":"station","name":"경전철의정부","major":false},"geometry":{"type":"Point","coordinates":[127.04332,37.73745]}},{"type":"Feature","properties":{"kind":"station","name":"새말","major":false},"geometry":{"type":"Point","coordinates":[127.06398,37.74887]}},{"type":"Feature","properties":{"kind":"station","name":"북한산우이","major":false},"geometry":{"type":"Point","coordinates":[127.01235,37.66336]}},{"type":"Feature","properties":{"kind":"station","name":"솔밭공원","major":false},"geometry":{"type":"Point","coordinates":[127.01316,37.65593]}},{"type":"Feature","properties":{"kind":"station","name":"4.19민주묘지","major":false},"geometry":{"type":"Point","coordinates":[127.01365,37.64936]}},{"type":"Feature","properties":{"kind":"station","name":"가오리","major":false},"geometry":{"type":"Point","coordinates":[127.01652,37.64204]}},{"type":"Feature","properties":{"kind":"station","name":"화계","major":false},"geometry":{"type":"Point","coordinates":[127.01743,37.63404]}},{"type":"Feature","properties":{"kind":"station","name":"삼양","major":false},"geometry":{"type":"Point","coordinates":[127.01814,37.62696]}},{"type":"Feature","properties":{"kind":"station","name":"삼양","major":false},"geometry":{"type":"Point","coordinates":[127.02048,37.62115]}},{"type":"Feature","properties":{"kind":"station","name":"솔샘","major":false},"geometry":{"type":"Point","coordinates":[127.01371,37.62022]}},{"type":"Feature","properties":{"kind":"station","name":"북한산보국문","major":false},"geometry":{"type":"Point","coordinates":[127.00826,37.61196]}},{"type":"Feature","properties":{"kind":"station","name":"정릉","major":false},"geometry":{"type":"Point","coordinates":[127.01334,37.60275]}},{"type":"Feature","properties":{"kind":"station","name":"성신여대입구","major":false},"geometry":{"type":"Point","coordinates":[127.01646,37.59257]}},{"type":"Feature","properties":{"kind":"station","name":"보문","major":false},"geometry":{"type":"Point","coordinates":[127.01947,37.58506]}},{"type":"Feature","properties":{"kind":"station","name":"신설동","major":false},"geometry":{"type":"Point","coordinates":[127.02316,37.57609]}},{"type":"Feature","properties":{"kind":"station","name":"대곡","major":false},"geometry":{"type":"Point","coordinates":[128.51251,35.80941]}},{"type":"Feature","properties":{"kind":"station","name":"월배","major":false},"geometry":{"type":"Point","coordinates":[128.53043,35.81611]}},{"type":"Feature","properties":{"kind":"station","name":"안심","major":false},"geometry":{"type":"Point","coordinates":[128.73374,35.87114]}},{"type":"Feature","properties":{"kind":"station","name":"방촌","major":false},"geometry":{"type":"Point","coordinates":[128.66963,35.87975]}},{"type":"Feature","properties":{"kind":"station","name":"해안","major":false},"geometry":{"type":"Point","coordinates":[128.65886,35.88355]}},{"type":"Feature","properties":{"kind":"station","name":"동촌","major":false},"geometry":{"type":"Point","coordinates":[128.65037,35.886]}},{"type":"Feature","properties":{"kind":"station","name":"각산","major":false},"geometry":{"type":"Point","coordinates":[128.72392,35.86784]}},{"type":"Feature","properties":{"kind":"station","name":"반야월","major":false},"geometry":{"type":"Point","coordinates":[128.7137,35.86589]}},{"type":"Feature","properties":{"kind":"station","name":"동구청","major":false},"geometry":{"type":"Point","coordinates":[128.63236,35.8845]}},{"type":"Feature","properties":{"kind":"station","name":"동대구","major":false},"geometry":{"type":"Point","coordinates":[128.62745,35.8773]}},{"type":"Feature","properties":{"kind":"station","name":"대명","major":false},"geometry":{"type":"Point","coordinates":[128.56503,35.83923]}},{"type":"Feature","properties":{"kind":"station","name":"안지랑","major":false},"geometry":{"type":"Point","coordinates":[128.57384,35.83916]}},{"type":"Feature","properties":{"kind":"station","name":"송현","major":false},"geometry":{"type":"Point","coordinates":[128.55198,35.83125]}},{"type":"Feature","properties":{"kind":"station","name":"서부정류장","major":false},"geometry":{"type":"Point","coordinates":[128.55716,35.8369]}},{"type":"Feature","properties":{"kind":"station","name":"교대","major":false},"geometry":{"type":"Point","coordinates":[128.59061,35.85039]}},{"type":"Feature","properties":{"kind":"station","name":"현충로","major":false},"geometry":{"type":"Point","coordinates":[128.58134,35.8408]}},{"type":"Feature","properties":{"kind":"station","name":"영대병원","major":false},"geometry":{"type":"Point","coordinates":[128.58865,35.84439]}},{"type":"Feature","properties":{"kind":"station","name":"대구","major":false},"geometry":{"type":"Point","coordinates":[128.59708,35.87622]}},{"type":"Feature","properties":{"kind":"station","name":"칠성시장","major":false},"geometry":{"type":"Point","coordinates":[128.60506,35.87606]}},{"type":"Feature","properties":{"kind":"station","name":"신천","major":false},"geometry":{"type":"Point","coordinates":[128.6176,35.87457]}},{"type":"Feature","properties":{"kind":"station","name":"상인","major":false},"geometry":{"type":"Point","coordinates":[128.53785,35.81894]}},{"type":"Feature","properties":{"kind":"station","name":"월촌","major":false},"geometry":{"type":"Point","coordinates":[128.54589,35.82401]}},{"type":"Feature","properties":{"kind":"station","name":"화원","major":false},"geometry":{"type":"Point","coordinates":[128.50039,35.80428]}},{"type":"Feature","properties":{"kind":"station","name":"설화명곡","major":false},"geometry":{"type":"Point","coordinates":[128.48934,35.79868]}},{"type":"Feature","properties":{"kind":"station","name":"중앙로","major":false},"geometry":{"type":"Point","coordinates":[128.5941,35.87074]}},{"type":"Feature","properties":{"kind":"station","name":"진천","major":false},"geometry":{"type":"Point","coordinates":[128.52268,35.81376]}},{"type":"Feature","properties":{"kind":"station","name":"아양교","major":false},"geometry":{"type":"Point","coordinates":[128.63993,35.88712]}},{"type":"Feature","properties":{"kind":"station","name":"용계","major":false},"geometry":{"type":"Point","coordinates":[128.68138,35.87623]}},{"type":"Feature","properties":{"kind":"station","name":"반월당","major":false},"geometry":{"type":"Point","coordinates":[128.59345,35.86521]}},{"type":"Feature","properties":{"kind":"station","name":"명덕","major":false},"geometry":{"type":"Point","coordinates":[128.5908,35.85694]}},{"type":"Feature","properties":{"kind":"station","name":"대구한의대병원","major":false},"geometry":{"type":"Point","coordinates":[128.75116,35.87166]}},{"type":"Feature","properties":{"kind":"station","name":"부호","major":false},"geometry":{"type":"Point","coordinates":[128.80311,35.90016]}},{"type":"Feature","properties":{"kind":"station","name":"하양","major":false},"geometry":{"type":"Point","coordinates":[128.81754,35.9094]}},{"type":"Feature","properties":{"kind":"station","name":"신기","major":false},"geometry":{"type":"Point","coordinates":[128.7017,35.86667]}},{"type":"Feature","properties":{"kind":"station","name":"율하","major":false},"geometry":{"type":"Point","coordinates":[128.69279,35.86968]}},{"type":"Feature","properties":{"kind":"station","name":"다사","major":false},"geometry":{"type":"Point","coordinates":[128.4579,35.86532]}},{"type":"Feature","properties":{"kind":"station","name":"대실","major":false},"geometry":{"type":"Point","coordinates":[128.46565,35.85727]}},{"type":"Feature","properties":{"kind":"station","name":"문양","major":false},"geometry":{"type":"Point","coordinates":[128.43716,35.8643]}},{"type":"Feature","properties":{"kind":"station","name":"감삼","major":false},"geometry":{"type":"Point","coordinates":[128.54829,35.8543]}},{"type":"Feature","properties":{"kind":"station","name":"두류","major":false},"geometry":{"type":"Point","coordinates":[128.55578,35.85715]}},{"type":"Feature","properties":{"kind":"station","name":"용산","major":false},"geometry":{"type":"Point","coordinates":[128.52889,35.849]}},{"type":"Feature","properties":{"kind":"station","name":"죽전","major":false},"geometry":{"type":"Point","coordinates":[128.53824,35.85042]}},{"type":"Feature","properties":{"kind":"station","name":"이곡","major":false},"geometry":{"type":"Point","coordinates":[128.51579,35.85051]}},{"type":"Feature","properties":{"kind":"station","name":"강창","major":false},"geometry":{"type":"Point","coordinates":[128.4781,35.85307]}},{"type":"Feature","properties":{"kind":"station","name":"계명대","major":false},"geometry":{"type":"Point","coordinates":[128.49193,35.85148]}},{"type":"Feature","properties":{"kind":"station","name":"만촌","major":false},"geometry":{"type":"Point","coordinates":[128.64511,35.85883]}},{"type":"Feature","properties":{"kind":"station","name":"수성구청","major":false},"geometry":{"type":"Point","coordinates":[128.63579,35.85878]}},{"type":"Feature","properties":{"kind":"station","name":"범어","major":false},"geometry":{"type":"Point","coordinates":[128.6265,35.85898]}},{"type":"Feature","properties":{"kind":"station","name":"대구은행","major":false},"geometry":{"type":"Point","coordinates":[128.61411,35.85971]}},{"type":"Feature","properties":{"kind":"station","name":"경대병원","major":false},"geometry":{"type":"Point","coordinates":[128.60301,35.86304]}},{"type":"Feature","properties":{"kind":"station","name":"반고개","major":false},"geometry":{"type":"Point","coordinates":[128.57366,35.86239]}},{"type":"Feature","properties":{"kind":"station","name":"사월","major":false},"geometry":{"type":"Point","coordinates":[128.71601,35.83679]}},{"type":"Feature","properties":{"kind":"station","name":"신매","major":false},"geometry":{"type":"Point","coordinates":[128.70495,35.84076]}},{"type":"Feature","properties":{"kind":"station","name":"고산","major":false},"geometry":{"type":"Point","coordinates":[128.69341,35.84286]}},{"type":"Feature","properties":{"kind":"station","name":"수성알파시티","major":false},"geometry":{"type":"Point","coordinates":[128.67996,35.84259]}},{"type":"Feature","properties":{"kind":"station","name":"연호","major":false},"geometry":{"type":"Point","coordinates":[128.67196,35.84636]}},{"type":"Feature","properties":{"kind":"station","name":"담티","major":false},"geometry":{"type":"Point","coordinates":[128.65419,35.85464]}},{"type":"Feature","properties":{"kind":"station","name":"반월당","major":false},"geometry":{"type":"Point","coordinates":[128.59376,35.8654]}},{"type":"Feature","properties":{"kind":"station","name":"성서산업단지","major":false},"geometry":{"type":"Point","coordinates":[128.50702,35.85168]}},{"type":"Feature","properties":{"kind":"station","name":"내당","major":false},"geometry":{"type":"Point","coordinates":[128.56476,35.86007]}},{"type":"Feature","properties":{"kind":"station","name":"임당","major":false},"geometry":{"type":"Point","coordinates":[128.74103,35.83405]}},{"type":"Feature","properties":{"kind":"station","name":"영남대","major":false},"geometry":{"type":"Point","coordinates":[128.75358,35.83657]}},{"type":"Feature","properties":{"kind":"station","name":"정평","major":false},"geometry":{"type":"Point","coordinates":[128.72829,35.83403]}},{"type":"Feature","properties":{"kind":"station","name":"청라언덕","major":false},"geometry":{"type":"Point","coordinates":[128.58323,35.86506]}},{"type":"Feature","properties":{"kind":"station","name":"원광대병원","major":false},"geometry":{"type":"Point","coordinates":[126.88643,35.13013]}},{"type":"Feature","properties":{"kind":"station","name":"삼각","major":false},"geometry":{"type":"Point","coordinates":[126.89985,35.19482]}},{"type":"Feature","properties":{"kind":"station","name":"용봉","major":false},"geometry":{"type":"Point","coordinates":[126.91199,35.1805]}},{"type":"Feature","properties":{"kind":"station","name":"응암공원","major":false},"geometry":{"type":"Point","coordinates":[126.83384,35.21596]}},{"type":"Feature","properties":{"kind":"station","name":"첨단사거리","major":false},"geometry":{"type":"Point","coordinates":[126.84197,35.21774]}},{"type":"Feature","properties":{"kind":"station","name":"지스트","major":false},"geometry":{"type":"Point","coordinates":[126.84878,35.21771]}},{"type":"Feature","properties":{"kind":"station","name":"하남산단","major":false},"geometry":{"type":"Point","coordinates":[126.81955,35.20226]}},{"type":"Feature","properties":{"kind":"station","name":"수완","major":false},"geometry":{"type":"Point","coordinates":[126.82377,35.19069]}},{"type":"Feature","properties":{"kind":"station","name":"운남","major":false},"geometry":{"type":"Point","coordinates":[126.8177,35.1801]}},{"type":"Feature","properties":{"kind":"station","name":"신가","major":false},"geometry":{"type":"Point","coordinates":[126.82499,35.17904]}},{"type":"Feature","properties":{"kind":"station","name":"시청","major":false},"geometry":{"type":"Point","coordinates":[126.84823,35.15841]}},{"type":"Feature","properties":{"kind":"station","name":"금호","major":false},"geometry":{"type":"Point","coordinates":[126.85716,35.14435]}},{"type":"Feature","properties":{"kind":"station","name":"금부","major":false},"geometry":{"type":"Point","coordinates":[126.85895,35.13769]}},{"type":"Feature","properties":{"kind":"station","name":"마재","major":false},"geometry":{"type":"Point","coordinates":[126.86082,35.13263]}},{"type":"Feature","properties":{"kind":"station","name":"월드컵경기장","major":false},"geometry":{"type":"Point","coordinates":[126.87313,35.13243]}},{"type":"Feature","properties":{"kind":"station","name":"풍암","major":false},"geometry":{"type":"Point","coordinates":[126.87596,35.1268]}},{"type":"Feature","properties":{"kind":"station","name":"주월","major":false},"geometry":{"type":"Point","coordinates":[126.8965,35.13403]}},{"type":"Feature","properties":{"kind":"station","name":"양림","major":false},"geometry":{"type":"Point","coordinates":[126.91113,35.13407]}},{"type":"Feature","properties":{"kind":"station","name":"방림","major":false},"geometry":{"type":"Point","coordinates":[126.91811,35.1357]}},{"type":"Feature","properties":{"kind":"station","name":"조선대","major":false},"geometry":{"type":"Point","coordinates":[126.92604,35.14441]}},{"type":"Feature","properties":{"kind":"station","name":"지산(법원·검찰청)","major":false},"geometry":{"type":"Point","coordinates":[126.92922,35.14924]}},{"type":"Feature","properties":{"kind":"station","name":"두암","major":false},"geometry":{"type":"Point","coordinates":[126.93102,35.15927]}},{"type":"Feature","properties":{"kind":"station","name":"서방사거리(교대)","major":false},"geometry":{"type":"Point","coordinates":[126.91959,35.16477]}},{"type":"Feature","properties":{"kind":"station","name":"광주","major":false},"geometry":{"type":"Point","coordinates":[126.91153,35.16679]}},{"type":"Feature","properties":{"kind":"station","name":"국제고","major":false},"geometry":{"type":"Point","coordinates":[126.89985,35.1997]}},{"type":"Feature","properties":{"kind":"station","name":"백운(남구청)","major":false},"geometry":{"type":"Point","coordinates":[126.90158,35.13324]}},{"type":"Feature","properties":{"kind":"station","name":"전남대(북구청)","major":false},"geometry":{"type":"Point","coordinates":[126.91267,35.17377]}},{"type":"Feature","properties":{"kind":"station","name":"오치","major":false},"geometry":{"type":"Point","coordinates":[126.90144,35.1845]}},{"type":"Feature","properties":{"kind":"station","name":"매곡","major":false},"geometry":{"type":"Point","coordinates":[126.89915,35.18947]}},{"type":"Feature","properties":{"kind":"station","name":"일곡","major":false},"geometry":{"type":"Point","coordinates":[126.89783,35.20257]}},{"type":"Feature","properties":{"kind":"station","name":"본촌산단","major":false},"geometry":{"type":"Point","coordinates":[126.88483,35.19802]}},{"type":"Feature","properties":{"kind":"station","name":"양산공원","major":false},"geometry":{"type":"Point","coordinates":[126.87402,35.20232]}},{"type":"Feature","properties":{"kind":"station","name":"양산","major":false},"geometry":{"type":"Point","coordinates":[126.87344,35.20643]}},{"type":"Feature","properties":{"kind":"station","name":"용두","major":false},"geometry":{"type":"Point","coordinates":[126.87315,35.21164]}},{"type":"Feature","properties":{"kind":"station","name":"유덕","major":false},"geometry":{"type":"Point","coordinates":[126.84826,35.16823]}},{"type":"Feature","properties":{"kind":"station","name":"남광주","major":false},"geometry":{"type":"Point","coordinates":[126.92292,35.13943]}},{"type":"Feature","properties":{"kind":"station","name":"치평","major":false},"geometry":{"type":"Point","coordinates":[126.84827,35.15221]}},{"type":"Feature","properties":{"kind":"station","name":"상무","major":false},"geometry":{"type":"Point","coordinates":[126.84894,35.14735]}},{"type":"Feature","properties":{"kind":"station","name":"신용","major":false},"geometry":{"type":"Point","coordinates":[126.86333,35.21479]}},{"type":"Feature","properties":{"kind":"station","name":"상천","major":true},"geometry":{"type":"Point","coordinates":[127.4544,37.77016]}},{"type":"Feature","properties":{"kind":"station","name":"망우","major":true},"geometry":{"type":"Point","coordinates":[127.09209,37.60016]}},{"type":"Feature","properties":{"kind":"station","name":"가평","major":true},"geometry":{"type":"Point","coordinates":[127.51074,37.81454]}},{"type":"Feature","properties":{"kind":"station","name":"굴봉산","major":true},"geometry":{"type":"Point","coordinates":[127.55713,37.83194]}},{"type":"Feature","properties":{"kind":"station","name":"백양리","major":true},"geometry":{"type":"Point","coordinates":[127.58917,37.8308]}},{"type":"Feature","properties":{"kind":"station","name":"강촌","major":true},"geometry":{"type":"Point","coordinates":[127.63412,37.80574]}},{"type":"Feature","properties":{"kind":"station","name":"김유정","major":true},"geometry":{"type":"Point","coordinates":[127.71432,37.81845]}},{"type":"Feature","properties":{"kind":"station","name":"남춘천","major":true},"geometry":{"type":"Point","coordinates":[127.72392,37.86399]}},{"type":"Feature","properties":{"kind":"station","name":"춘천","major":true},"geometry":{"type":"Point","coordinates":[127.71662,37.88453]}},{"type":"Feature","properties":{"kind":"station","name":"금곡","major":true},"geometry":{"type":"Point","coordinates":[127.20742,37.63734]}},{"type":"Feature","properties":{"kind":"station","name":"평내호평","major":true},"geometry":{"type":"Point","coordinates":[127.2445,37.65324]}},{"type":"Feature","properties":{"kind":"station","name":"천마산","major":true},"geometry":{"type":"Point","coordinates":[127.28506,37.65923]}},{"type":"Feature","properties":{"kind":"station","name":"마석","major":true},"geometry":{"type":"Point","coordinates":[127.31167,37.65279]}},{"type":"Feature","properties":{"kind":"station","name":"대성리","major":true},"geometry":{"type":"Point","coordinates":[127.37957,37.68385]}},{"type":"Feature","properties":{"kind":"station","name":"청평","major":true},"geometry":{"type":"Point","coordinates":[127.42662,37.73552]}},{"type":"Feature","properties":{"kind":"station","name":"신내","major":true},"geometry":{"type":"Point","coordinates":[127.10322,37.61265]}},{"type":"Feature","properties":{"kind":"station","name":"갈매","major":true},"geometry":{"type":"Point","coordinates":[127.1147,37.63396]}},{"type":"Feature","properties":{"kind":"station","name":"별내","major":true},"geometry":{"type":"Point","coordinates":[127.12837,37.64269]}},{"type":"Feature","properties":{"kind":"station","name":"퇴계원","major":true},"geometry":{"type":"Point","coordinates":[127.14352,37.64827]}},{"type":"Feature","properties":{"kind":"station","name":"사릉","major":true},"geometry":{"type":"Point","coordinates":[127.17691,37.65111]}},{"type":"Feature","properties":{"kind":"station","name":"회기","major":true},"geometry":{"type":"Point","coordinates":[127.0584,37.58989]}},{"type":"Feature","properties":{"kind":"station","name":"상봉","major":true},"geometry":{"type":"Point","coordinates":[127.08658,37.59753]}},{"type":"Feature","properties":{"kind":"station","name":"중랑","major":true},"geometry":{"type":"Point","coordinates":[127.07712,37.59522]}},{"type":"Feature","properties":{"kind":"station","name":"청량리","major":true},"geometry":{"type":"Point","coordinates":[127.048,37.58075]}},{"type":"Feature","properties":{"kind":"station","name":"초지","major":true},"geometry":{"type":"Point","coordinates":[126.80801,37.31982]}},{"type":"Feature","properties":{"kind":"station","name":"시흥대야","major":true},"geometry":{"type":"Point","coordinates":[126.79305,37.45011]}},{"type":"Feature","properties":{"kind":"station","name":"선부","major":true},"geometry":{"type":"Point","coordinates":[126.80996,37.33439]}},{"type":"Feature","properties":{"kind":"station","name":"달미","major":true},"geometry":{"type":"Point","coordinates":[126.80913,37.349]}},{"type":"Feature","properties":{"kind":"station","name":"소새울","major":true},"geometry":{"type":"Point","coordinates":[126.79725,37.4687]}},{"type":"Feature","properties":{"kind":"station","name":"대곡","major":true},"geometry":{"type":"Point","coordinates":[126.81027,37.63128]}},{"type":"Feature","properties":{"kind":"station","name":"소사","major":true},"geometry":{"type":"Point","coordinates":[126.7952,37.48242]}},{"type":"Feature","properties":{"kind":"station","name":"원시","major":true},"geometry":{"type":"Point","coordinates":[126.78683,37.30254]}},{"type":"Feature","properties":{"kind":"station","name":"시우","major":true},"geometry":{"type":"Point","coordinates":[126.79575,37.3131]}},{"type":"Feature","properties":{"kind":"station","name":"시흥능곡","major":true},"geometry":{"type":"Point","coordinates":[126.80882,37.37024]}},{"type":"Feature","properties":{"kind":"station","name":"시흥시청","major":true},"geometry":{"type":"Point","coordinates":[126.80581,37.38202]}},{"type":"Feature","properties":{"kind":"station","name":"신현","major":true},"geometry":{"type":"Point","coordinates":[126.78788,37.40969]}},{"type":"Feature","properties":{"kind":"station","name":"신천","major":true},"geometry":{"type":"Point","coordinates":[126.78687,37.43934]}},{"type":"Feature","properties":{"kind":"station","name":"부천종합운동장","major":true},"geometry":{"type":"Point","coordinates":[126.79746,37.50559]}},{"type":"Feature","properties":{"kind":"station","name":"능곡","major":true},"geometry":{"type":"Point","coordinates":[126.8212,37.61841]}},{"type":"Feature","properties":{"kind":"station","name":"원종","major":true},"geometry":{"type":"Point","coordinates":[126.80494,37.52216]}},{"type":"Feature","properties":{"kind":"station","name":"김포공항","major":true},"geometry":{"type":"Point","coordinates":[126.8045,37.56052]}},{"type":"Feature","properties":{"kind":"station","name":"풍무","major":false},"geometry":{"type":"Point","coordinates":[126.73245,37.61243]}},{"type":"Feature","properties":{"kind":"station","name":"김포공항","major":false},"geometry":{"type":"Point","coordinates":[126.8019,37.56231]}},{"type":"Feature","properties":{"kind":"station","name":"사우","major":false},"geometry":{"type":"Point","coordinates":[126.71969,37.62031]}},{"type":"Feature","properties":{"kind":"station","name":"걸포북변","major":false},"geometry":{"type":"Point","coordinates":[126.70588,37.63159]}},{"type":"Feature","properties":{"kind":"station","name":"운양","major":false},"geometry":{"type":"Point","coordinates":[126.68385,37.65384]}},{"type":"Feature","properties":{"kind":"station","name":"장기","major":false},"geometry":{"type":"Point","coordinates":[126.66896,37.64404]}},{"type":"Feature","properties":{"kind":"station","name":"마산","major":false},"geometry":{"type":"Point","coordinates":[126.64411,37.64062]}},{"type":"Feature","properties":{"kind":"station","name":"양촌","major":false},"geometry":{"type":"Point","coordinates":[126.61475,37.64164]}},{"type":"Feature","properties":{"kind":"station","name":"고촌","major":false},"geometry":{"type":"Point","coordinates":[126.77019,37.60133]}},{"type":"Feature","properties":{"kind":"station","name":"구래","major":false},"geometry":{"type":"Point","coordinates":[126.62871,37.64542]}},{"type":"Feature","properties":{"kind":"station","name":"가산디지털단지","major":false},"geometry":{"type":"Point","coordinates":[126.88161,37.4801]}},{"type":"Feature","properties":{"kind":"station","name":"학동","major":false},"geometry":{"type":"Point","coordinates":[127.03073,37.51397]}},{"type":"Feature","properties":{"kind":"station","name":"논현","major":false},"geometry":{"type":"Point","coordinates":[127.02148,37.51113]}},{"type":"Feature","properties":{"kind":"station","name":"중계","major":false},"geometry":{"type":"Point","coordinates":[127.06385,37.64552]}},{"type":"Feature","properties":{"kind":"station","name":"청담","major":false},"geometry":{"type":"Point","coordinates":[127.05004,37.51886]}},{"type":"Feature","properties":{"kind":"station","name":"반포","major":false},"geometry":{"type":"Point","coordinates":[127.01162,37.50819]}},{"type":"Feature","properties":{"kind":"station","name":"용마산","major":false},"geometry":{"type":"Point","coordinates":[127.08649,37.5739]}},{"type":"Feature","properties":{"kind":"station","name":"도봉산","major":false},"geometry":{"type":"Point","coordinates":[127.04674,37.68881]}},{"type":"Feature","properties":{"kind":"station","name":"중화","major":false},"geometry":{"type":"Point","coordinates":[127.07945,37.60163]}},{"type":"Feature","properties":{"kind":"station","name":"고속터미널","major":false},"geometry":{"type":"Point","coordinates":[127.00531,37.50383]}},{"type":"Feature","properties":{"kind":"station","name":"강남구청","major":false},"geometry":{"type":"Point","coordinates":[127.0413,37.5172]}},{"type":"Feature","properties":{"kind":"station","name":"군자","major":false},"geometry":{"type":"Point","coordinates":[127.07952,37.55722]}},{"type":"Feature","properties":{"kind":"station","name":"어린이대공원","major":false},"geometry":{"type":"Point","coordinates":[127.07439,37.54763]}},{"type":"Feature","properties":{"kind":"station","name":"상봉","major":false},"geometry":{"type":"Point","coordinates":[127.08563,37.59584]}},{"type":"Feature","properties":{"kind":"station","name":"태릉입구","major":false},"geometry":{"type":"Point","coordinates":[127.07546,37.61812]}},{"type":"Feature","properties":{"kind":"station","name":"노원","major":false},"geometry":{"type":"Point","coordinates":[127.06074,37.65352]}},{"type":"Feature","properties":{"kind":"station","name":"수락산","major":false},"geometry":{"type":"Point","coordinates":[127.05523,37.67701]}},{"type":"Feature","properties":{"kind":"station","name":"마들","major":false},"geometry":{"type":"Point","coordinates":[127.05776,37.66474]}},{"type":"Feature","properties":{"kind":"station","name":"하계","major":false},"geometry":{"type":"Point","coordinates":[127.06821,37.63598]}},{"type":"Feature","properties":{"kind":"station","name":"공릉","major":false},"geometry":{"type":"Point","coordinates":[127.07299,37.62561]}},{"type":"Feature","properties":{"kind":"station","name":"먹골","major":false},"geometry":{"type":"Point","coordinates":[127.07759,37.61144]}},{"type":"Feature","properties":{"kind":"station","name":"면목","major":false},"geometry":{"type":"Point","coordinates":[127.08755,37.58838]}},{"type":"Feature","properties":{"kind":"station","name":"사가정","major":false},"geometry":{"type":"Point","coordinates":[127.08839,37.58072]}},{"type":"Feature","properties":{"kind":"station","name":"중곡","major":false},"geometry":{"type":"Point","coordinates":[127.08449,37.5663]}},{"type":"Feature","properties":{"kind":"station","name":"건대입구","major":false},"geometry":{"type":"Point","coordinates":[127.07071,37.54014]}},{"type":"Feature","properties":{"kind":"station","name":"남구로","major":false},"geometry":{"type":"Point","coordinates":[126.88667,37.4854]}},{"type":"Feature","properties":{"kind":"station","name":"대림","major":false},"geometry":{"type":"Point","coordinates":[126.89625,37.49252]}},{"type":"Feature","properties":{"kind":"station","name":"광명사거리","major":false},"geometry":{"type":"Point","coordinates":[126.85381,37.47962]}},{"type":"Feature","properties":{"kind":"station","name":"신풍","major":false},"geometry":{"type":"Point","coordinates":[126.90894,37.50015]}},{"type":"Feature","properties":{"kind":"station","name":"보라매","major":false},"geometry":{"type":"Point","coordinates":[126.91978,37.49998]}},{"type":"Feature","properties":{"kind":"station","name":"신대방삼거리","major":false},"geometry":{"type":"Point","coordinates":[126.92821,37.49972]}},{"type":"Feature","properties":{"kind":"station","name":"장승배기","major":false},"geometry":{"type":"Point","coordinates":[126.9392,37.50499]}},{"type":"Feature","properties":{"kind":"station","name":"상도","major":false},"geometry":{"type":"Point","coordinates":[126.94769,37.50321]}},{"type":"Feature","properties":{"kind":"station","name":"숭실대입구","major":false},"geometry":{"type":"Point","coordinates":[126.95414,37.49566]}},{"type":"Feature","properties":{"kind":"station","name":"남성","major":false},"geometry":{"type":"Point","coordinates":[126.97188,37.48438]}},{"type":"Feature","properties":{"kind":"station","name":"이수","major":false},"geometry":{"type":"Point","coordinates":[126.98196,37.48534]}},{"type":"Feature","properties":{"kind":"station","name":"내방","major":false},"geometry":{"type":"Point","coordinates":[126.99212,37.48724]}},{"type":"Feature","properties":{"kind":"station","name":"자양","major":false},"geometry":{"type":"Point","coordinates":[127.06641,37.53087]}},{"type":"Feature","properties":{"kind":"station","name":"천왕","major":false},"geometry":{"type":"Point","coordinates":[126.83895,37.48635]}},{"type":"Feature","properties":{"kind":"station","name":"철산","major":false},"geometry":{"type":"Point","coordinates":[126.86776,37.47606]}},{"type":"Feature","properties":{"kind":"station","name":"온수","major":false},"geometry":{"type":"Point","coordinates":[126.8232,37.4922]}},{"type":"Feature","properties":{"kind":"station","name":"광주송정","major":false},"geometry":{"type":"Point","coordinates":[126.79168,35.13763]}},{"type":"Feature","properties":{"kind":"station","name":"김대중컨벤션센터","major":false},"geometry":{"type":"Point","coordinates":[126.84136,35.14318]}},{"type":"Feature","properties":{"kind":"station","name":"송정공원","major":false},"geometry":{"type":"Point","coordinates":[126.79952,35.14355]}},{"type":"Feature","properties":{"kind":"station","name":"공항","major":false},"geometry":{"type":"Point","coordinates":[126.8117,35.14407]}},{"type":"Feature","properties":{"kind":"station","name":"도산","major":false},"geometry":{"type":"Point","coordinates":[126.78761,35.13157]}},{"type":"Feature","properties":{"kind":"station","name":"평동","major":false},"geometry":{"type":"Point","coordinates":[126.7704,35.12483]}},{"type":"Feature","properties":{"kind":"station","name":"녹동","major":false},"geometry":{"type":"Point","coordinates":[126.93404,35.10682]}},{"type":"Feature","properties":{"kind":"station","name":"금남로5가","major":false},"geometry":{"type":"Point","coordinates":[126.90999,35.15374]}},{"type":"Feature","properties":{"kind":"station","name":"상무","major":false},"geometry":{"type":"Point","coordinates":[126.84866,35.14672]}},{"type":"Feature","properties":{"kind":"station","name":"운천","major":false},"geometry":{"type":"Point","coordinates":[126.85871,35.15036]}},{"type":"Feature","properties":{"kind":"station","name":"쌍촌","major":false},"geometry":{"type":"Point","coordinates":[126.86958,35.15143]}},{"type":"Feature","properties":{"kind":"station","name":"화정","major":false},"geometry":{"type":"Point","coordinates":[126.87686,35.15189]}},{"type":"Feature","properties":{"kind":"station","name":"농성","major":false},"geometry":{"type":"Point","coordinates":[126.88414,35.15319]}},{"type":"Feature","properties":{"kind":"station","name":"돌고개","major":false},"geometry":{"type":"Point","coordinates":[126.89556,35.15167]}},{"type":"Feature","properties":{"kind":"station","name":"양동시장","major":false},"geometry":{"type":"Point","coordinates":[126.90182,35.15447]}},{"type":"Feature","properties":{"kind":"station","name":"금남로4가","major":false},"geometry":{"type":"Point","coordinates":[126.91454,35.15069]}},{"type":"Feature","properties":{"kind":"station","name":"문화전당","major":false},"geometry":{"type":"Point","coordinates":[126.91979,35.14667]}},{"type":"Feature","properties":{"kind":"station","name":"남광주","major":false},"geometry":{"type":"Point","coordinates":[126.92282,35.13936]}},{"type":"Feature","properties":{"kind":"station","name":"학동·증심사입구","major":false},"geometry":{"type":"Point","coordinates":[126.92812,35.13311]}},{"type":"Feature","properties":{"kind":"station","name":"소태","major":false},"geometry":{"type":"Point","coordinates":[126.93217,35.12362]}},{"type":"Feature","properties":{"kind":"station","name":"관악산","major":false},"geometry":{"type":"Point","coordinates":[126.94531,37.46882]}},{"type":"Feature","properties":{"kind":"station","name":"서울대벤처타운","major":false},"geometry":{"type":"Point","coordinates":[126.93374,37.47205]}},{"type":"Feature","properties":{"kind":"station","name":"서원","major":false},"geometry":{"type":"Point","coordinates":[126.9331,37.4782]}},{"type":"Feature","properties":{"kind":"station","name":"신림","major":false},"geometry":{"type":"Point","coordinates":[126.92965,37.48485]}},{"type":"Feature","properties":{"kind":"station","name":"당곡","major":false},"geometry":{"type":"Point","coordinates":[126.92782,37.48973]}},{"type":"Feature","properties":{"kind":"station","name":"보라매병원","major":false},"geometry":{"type":"Point","coordinates":[126.92432,37.49304]}},{"type":"Feature","properties":{"kind":"station","name":"보라매공원","major":false},"geometry":{"type":"Point","coordinates":[126.91828,37.49531]}},{"type":"Feature","properties":{"kind":"station","name":"보라매","major":false},"geometry":{"type":"Point","coordinates":[126.92056,37.50036]}},{"type":"Feature","properties":{"kind":"station","name":"서울지방병무청","major":false},"geometry":{"type":"Point","coordinates":[126.92278,37.50594]}},{"type":"Feature","properties":{"kind":"station","name":"대방","major":false},"geometry":{"type":"Point","coordinates":[126.92521,37.5125]}},{"type":"Feature","properties":{"kind":"station","name":"샛강","major":false},"geometry":{"type":"Point","coordinates":[126.92945,37.51727]}},{"type":"Feature","properties":{"kind":"station","name":"구성","major":true},"geometry":{"type":"Point","coordinates":[127.1042,37.29848]}},{"type":"Feature","properties":{"kind":"station","name":"동탄","major":true},"geometry":{"type":"Point","coordinates":[127.09598,37.19848]}},{"type":"Feature","properties":{"kind":"station","name":"수서","major":true},"geometry":{"type":"Point","coordinates":[127.10132,37.48702]}},{"type":"Feature","properties":{"kind":"station","name":"경산","major":true},"geometry":{"type":"Point","coordinates":[128.7276,35.81868]}},{"type":"Feature","properties":{"kind":"station","name":"왜관","major":true},"geometry":{"type":"Point","coordinates":[128.4005,35.99262]}},{"type":"Feature","properties":{"kind":"station","name":"구미","major":true},"geometry":{"type":"Point","coordinates":[128.33056,36.12863]}},{"type":"Feature","properties":{"kind":"station","name":"사곡","major":true},"geometry":{"type":"Point","coordinates":[128.35605,36.09774]}},{"type":"Feature","properties":{"kind":"station","name":"서대구","major":true},"geometry":{"type":"Point","coordinates":[128.54008,35.8816]}},{"type":"Feature","properties":{"kind":"station","name":"대구","major":true},"geometry":{"type":"Point","coordinates":[128.59422,35.87649]}},{"type":"Feature","properties":{"kind":"station","name":"동대구","major":true},"geometry":{"type":"Point","coordinates":[128.6298,35.88007]}},{"type":"Feature","properties":{"kind":"station","name":"경산","major":true},"geometry":{"type":"Point","coordinates":[128.72743,35.81907]}},{"type":"Feature","properties":{"kind":"station","name":"서대구","major":true},"geometry":{"type":"Point","coordinates":[128.54388,35.88141]}},{"type":"Feature","properties":{"kind":"station","name":"북삼","major":true},"geometry":{"type":"Point","coordinates":[128.34531,36.0561]}},{"type":"Feature","properties":{"kind":"station","name":"계양","major":false},"geometry":{"type":"Point","coordinates":[126.73457,37.57148]}},{"type":"Feature","properties":{"kind":"station","name":"귤현","major":false},"geometry":{"type":"Point","coordinates":[126.74275,37.56591]}},{"type":"Feature","properties":{"kind":"station","name":"박촌","major":false},"geometry":{"type":"Point","coordinates":[126.74502,37.55364]}},{"type":"Feature","properties":{"kind":"station","name":"임학","major":false},"geometry":{"type":"Point","coordinates":[126.73868,37.54517]}},{"type":"Feature","properties":{"kind":"station","name":"계산","major":false},"geometry":{"type":"Point","coordinates":[126.72789,37.54339]}},{"type":"Feature","properties":{"kind":"station","name":"경인교대입구","major":false},"geometry":{"type":"Point","coordinates":[126.72253,37.53843]}},{"type":"Feature","properties":{"kind":"station","name":"작전","major":false},"geometry":{"type":"Point","coordinates":[126.72247,37.53031]}},{"type":"Feature","properties":{"kind":"station","name":"갈산","major":false},"geometry":{"type":"Point","coordinates":[126.72143,37.51671]}},{"type":"Feature","properties":{"kind":"station","name":"부평구청","major":false},"geometry":{"type":"Point","coordinates":[126.7205,37.5081]}},{"type":"Feature","properties":{"kind":"station","name":"부평시장","major":false},"geometry":{"type":"Point","coordinates":[126.72222,37.49837]}},{"type":"Feature","properties":{"kind":"station","name":"부평","major":false},"geometry":{"type":"Point","coordinates":[126.7237,37.48996]}},{"type":"Feature","properties":{"kind":"station","name":"동수","major":false},"geometry":{"type":"Point","coordinates":[126.71842,37.4855]}},{"type":"Feature","properties":{"kind":"station","name":"부평삼거리","major":false},"geometry":{"type":"Point","coordinates":[126.71021,37.4779]}},{"type":"Feature","properties":{"kind":"station","name":"간석오거리","major":false},"geometry":{"type":"Point","coordinates":[126.70784,37.46734]}},{"type":"Feature","properties":{"kind":"station","name":"인천시청","major":false},"geometry":{"type":"Point","coordinates":[126.70213,37.45793]}},{"type":"Feature","properties":{"kind":"station","name":"예술회관","major":false},"geometry":{"type":"Point","coordinates":[126.70103,37.45006]}},{"type":"Feature","properties":{"kind":"station","name":"인천터미널","major":false},"geometry":{"type":"Point","coordinates":[126.69965,37.44191]}},{"type":"Feature","properties":{"kind":"station","name":"문학경기장","major":false},"geometry":{"type":"Point","coordinates":[126.69777,37.43486]}},{"type":"Feature","properties":{"kind":"station","name":"선학","major":false},"geometry":{"type":"Point","coordinates":[126.6989,37.42715]}},{"type":"Feature","properties":{"kind":"station","name":"신연수","major":false},"geometry":{"type":"Point","coordinates":[126.69384,37.41802]}},{"type":"Feature","properties":{"kind":"station","name":"원인재","major":false},"geometry":{"type":"Point","coordinates":[126.68804,37.41254]}},{"type":"Feature","properties":{"kind":"station","name":"동춘","major":false},"geometry":{"type":"Point","coordinates":[126.68058,37.40461]}},{"type":"Feature","properties":{"kind":"station","name":"동막","major":false},"geometry":{"type":"Point","coordinates":[126.67381,37.39839]}},{"type":"Feature","properties":{"kind":"station","name":"캠퍼스타운","major":false},"geometry":{"type":"Point","coordinates":[126.66153,37.38792]}},{"type":"Feature","properties":{"kind":"station","name":"테크노파크","major":false},"geometry":{"type":"Point","coordinates":[126.65585,37.38208]}},{"type":"Feature","properties":{"kind":"station","name":"지식정보단지","major":false},"geometry":{"type":"Point","coordinates":[126.64561,37.37806]}},{"type":"Feature","properties":{"kind":"station","name":"인천대입구","major":false},"geometry":{"type":"Point","coordinates":[126.63968,37.38608]}},{"type":"Feature","properties":{"kind":"station","name":"센트럴파크","major":false},"geometry":{"type":"Point","coordinates":[126.63471,37.39345]}},{"type":"Feature","properties":{"kind":"station","name":"국제업무지구","major":false},"geometry":{"type":"Point","coordinates":[126.63062,37.39986]}},{"type":"Feature","properties":{"kind":"station","name":"송도달빛축제공원","major":false},"geometry":{"type":"Point","coordinates":[126.62615,37.40684]}},{"type":"Feature","properties":{"kind":"station","name":"아라","major":false},"geometry":{"type":"Point","coordinates":[126.71332,37.59219]}},{"type":"Feature","properties":{"kind":"station","name":"신검단중앙","major":false},"geometry":{"type":"Point","coordinates":[126.69852,37.60262]}},{"type":"Feature","properties":{"kind":"station","name":"검단호수공원","major":false},"geometry":{"type":"Point","coordinates":[126.68854,37.60242]}}]}
